-- phpMyAdmin SQL Dump
-- version 5.0.1
-- https://www.phpmyadmin.net/
--
-- Host: 127.0.0.1
-- Generation Time: Jun 18, 2020 at 05:13 PM
-- Server version: 10.4.11-MariaDB
-- PHP Version: 7.4.2

SET SQL_MODE = "NO_AUTO_VALUE_ON_ZERO";
SET AUTOCOMMIT = 0;
START TRANSACTION;
SET time_zone = "+00:00";


/*!40101 SET @OLD_CHARACTER_SET_CLIENT=@@CHARACTER_SET_CLIENT */;
/*!40101 SET @OLD_CHARACTER_SET_RESULTS=@@CHARACTER_SET_RESULTS */;
/*!40101 SET @OLD_COLLATION_CONNECTION=@@COLLATION_CONNECTION */;
/*!40101 SET NAMES utf8mb4 */;

--
-- Database: `eatanceweb`
--

-- --------------------------------------------------------

--
-- Table structure for table `add_ons_category`
--

CREATE TABLE `add_ons_category` (
  `entity_id` int(11) NOT NULL,
  `name` varchar(255) CHARACTER SET utf8 DEFAULT NULL,
  `content_id` int(11) DEFAULT NULL,
  `language_slug` varchar(5) DEFAULT NULL,
  `status` tinyint(4) DEFAULT NULL,
  `created_by` int(11) DEFAULT NULL,
  `created_date` timestamp NULL DEFAULT current_timestamp(),
  `updated_by` int(11) DEFAULT NULL,
  `updated_date` datetime DEFAULT NULL
) ENGINE=InnoDB DEFAULT CHARSET=latin1;

--
-- Dumping data for table `add_ons_category`
--

INSERT INTO `add_ons_category` (`entity_id`, `name`, `content_id`, `language_slug`, `status`, `created_by`, `created_date`, `updated_by`, `updated_date`) VALUES
(1, 'Sauce', 124, 'en', 1, 1, '2019-11-29 13:28:56', 1, '2020-01-29 07:26:21'),
(2, 'Chatni', 125, 'en', 1, 1, '2019-11-29 13:29:05', 1, '2020-01-29 07:26:29'),
(4, 'tst', 124, 'bn', 1, 1, '2019-12-27 08:57:42', 1, '2019-12-27 12:25:58'),
(7, 'Size', 167, 'en', 1, 188, '2019-12-31 07:07:45', 1, '2020-01-29 07:26:33'),
(8, 'Pickle', 168, 'en', 1, 188, '2019-12-31 07:08:07', 1, '2020-01-29 07:26:45'),
(9, 'আয়তন', 167, 'bn', 1, 188, '2019-12-31 07:09:52', NULL, NULL),
(10, 'সস', 168, 'bn', 1, 188, '2019-12-31 07:10:33', NULL, NULL),
(11, 'stufnbb', 216, 'en', 1, 1, '2020-04-03 11:24:54', NULL, NULL),
(12, 'Ketchup', 245, 'en', 1, 1, '2020-04-20 10:36:33', NULL, NULL);

-- --------------------------------------------------------

--
-- Table structure for table `add_ons_master`
--

CREATE TABLE `add_ons_master` (
  `add_ons_id` int(11) NOT NULL,
  `menu_id` int(11) NOT NULL,
  `category_id` int(11) NOT NULL,
  `add_ons_name` text CHARACTER SET utf8 DEFAULT NULL,
  `add_ons_price` decimal(20,2) DEFAULT NULL,
  `is_multiple` tinyint(4) NOT NULL DEFAULT 0
) ENGINE=InnoDB DEFAULT CHARSET=latin1;

--
-- Dumping data for table `add_ons_master`
--

INSERT INTO `add_ons_master` (`add_ons_id`, `menu_id`, `category_id`, `add_ons_name`, `add_ons_price`, `is_multiple`) VALUES
(123, 50, 1, 'Ketchup', '200.00', 0),
(124, 48, 1, 'Ketchup', '200.00', 1),
(125, 48, 1, 'Chilli Sauce', '20.00', 1),
(126, 48, 2, 'Soya Sauce', '15.00', 1),
(161, 52, 7, 'Medium', '220.00', 1),
(162, 52, 7, 'Large', '320.00', 1),
(163, 52, 7, 'Small', '99.00', 1),
(173, 61, 2, 'Chatni', '40.00', 0),
(174, 60, 1, 'sauce', '10.00', 0),
(175, 60, 2, 'Chatni', '40.00', 0),
(176, 62, 2, 'Chatni', '40.00', 0),
(177, 63, 7, '8\"', '550.00', 0),
(178, 63, 7, '12\"', '750.00', 0);

-- --------------------------------------------------------

--
-- Table structure for table `cart_detail`
--

CREATE TABLE `cart_detail` (
  `cart_id` int(11) NOT NULL,
  `user_id` int(11) NOT NULL,
  `restaurant_id` int(11) DEFAULT NULL,
  `items` longtext CHARACTER SET utf8 DEFAULT NULL,
  `created_date` timestamp NULL DEFAULT current_timestamp(),
  `created_by` int(11) DEFAULT NULL,
  `updated_date` datetime DEFAULT NULL,
  `updated_by` int(11) DEFAULT NULL
) ENGINE=InnoDB DEFAULT CHARSET=latin1;

--
-- Dumping data for table `cart_detail`
--

INSERT INTO `cart_detail` (`cart_id`, `user_id`, `restaurant_id`, `items`, `created_date`, `created_by`, `updated_date`, `updated_by`) VALUES
(1, 178, 1, 'a:1:{i:0;a:11:{s:4:\"name\";s:7:\"Starter\";s:5:\"image\";s:0:\"\";s:7:\"menu_id\";s:1:\"1\";s:8:\"quantity\";i:1;s:5:\"price\";s:0:\"\";s:11:\"offer_price\";s:0:\"\";s:6:\"is_veg\";s:1:\"1\";s:12:\"is_customize\";i:1;s:7:\"is_deal\";s:1:\"0\";s:9:\"itemTotal\";i:250;s:20:\"addons_category_list\";a:2:{i:0;a:3:{s:18:\"addons_category_id\";s:1:\"1\";s:15:\"addons_category\";s:7:\"Samossa\";s:11:\"addons_list\";a:1:{i:0;a:3:{s:10:\"add_ons_id\";s:1:\"1\";s:12:\"add_ons_name\";s:5:\"Small\";s:13:\"add_ons_price\";s:2:\"50\";}}}i:1;a:3:{s:18:\"addons_category_id\";s:1:\"2\";s:15:\"addons_category\";s:7:\"Dessert\";s:11:\"addons_list\";a:1:{i:0;a:3:{s:10:\"add_ons_id\";s:1:\"2\";s:12:\"add_ons_name\";s:3:\"ice\";s:13:\"add_ons_price\";s:3:\"200\";}}}}}}', '2019-12-03 06:46:32', NULL, NULL, NULL),
(2, 0, 0, 'a:0:{}', '2019-12-03 07:07:19', NULL, NULL, NULL),
(3, 178, 1, 'a:1:{i:0;a:11:{s:4:\"name\";s:7:\"Starter\";s:5:\"image\";s:0:\"\";s:7:\"menu_id\";s:1:\"1\";s:8:\"quantity\";i:1;s:5:\"price\";s:0:\"\";s:11:\"offer_price\";s:0:\"\";s:6:\"is_veg\";s:1:\"1\";s:12:\"is_customize\";i:1;s:7:\"is_deal\";s:1:\"0\";s:9:\"itemTotal\";i:250;s:20:\"addons_category_list\";a:2:{i:0;a:3:{s:18:\"addons_category_id\";s:1:\"1\";s:15:\"addons_category\";s:7:\"Samossa\";s:11:\"addons_list\";a:1:{i:0;a:3:{s:10:\"add_ons_id\";s:1:\"1\";s:12:\"add_ons_name\";s:5:\"Small\";s:13:\"add_ons_price\";s:2:\"50\";}}}i:1;a:3:{s:18:\"addons_category_id\";s:1:\"2\";s:15:\"addons_category\";s:7:\"Dessert\";s:11:\"addons_list\";a:1:{i:0;a:3:{s:10:\"add_ons_id\";s:1:\"2\";s:12:\"add_ons_name\";s:3:\"ice\";s:13:\"add_ons_price\";s:3:\"200\";}}}}}}', '2019-12-03 07:07:41', NULL, NULL, NULL),
(4, 178, 1, 'a:1:{i:0;a:11:{s:4:\"name\";s:7:\"Starter\";s:5:\"image\";s:0:\"\";s:7:\"menu_id\";s:1:\"1\";s:8:\"quantity\";i:1;s:5:\"price\";s:0:\"\";s:11:\"offer_price\";s:0:\"\";s:6:\"is_veg\";s:1:\"1\";s:12:\"is_customize\";i:1;s:7:\"is_deal\";s:1:\"0\";s:9:\"itemTotal\";i:250;s:20:\"addons_category_list\";a:2:{i:0;a:3:{s:18:\"addons_category_id\";s:1:\"1\";s:15:\"addons_category\";s:7:\"Samossa\";s:11:\"addons_list\";a:1:{i:0;a:3:{s:10:\"add_ons_id\";s:1:\"1\";s:12:\"add_ons_name\";s:5:\"Small\";s:13:\"add_ons_price\";s:2:\"50\";}}}i:1;a:3:{s:18:\"addons_category_id\";s:1:\"2\";s:15:\"addons_category\";s:7:\"Dessert\";s:11:\"addons_list\";a:1:{i:0;a:3:{s:10:\"add_ons_id\";s:1:\"2\";s:12:\"add_ons_name\";s:3:\"ice\";s:13:\"add_ons_price\";s:3:\"200\";}}}}}}', '2019-12-03 07:23:35', NULL, NULL, NULL),
(5, 178, 1, 'a:1:{i:0;a:11:{s:4:\"name\";s:7:\"Starter\";s:5:\"image\";s:0:\"\";s:7:\"menu_id\";s:1:\"1\";s:8:\"quantity\";i:1;s:5:\"price\";s:0:\"\";s:11:\"offer_price\";s:0:\"\";s:6:\"is_veg\";s:1:\"1\";s:12:\"is_customize\";i:1;s:7:\"is_deal\";s:1:\"0\";s:9:\"itemTotal\";i:250;s:20:\"addons_category_list\";a:2:{i:0;a:3:{s:18:\"addons_category_id\";s:1:\"1\";s:15:\"addons_category\";s:7:\"Samossa\";s:11:\"addons_list\";a:1:{i:0;a:3:{s:10:\"add_ons_id\";s:1:\"1\";s:12:\"add_ons_name\";s:5:\"Small\";s:13:\"add_ons_price\";s:2:\"50\";}}}i:1;a:3:{s:18:\"addons_category_id\";s:1:\"2\";s:15:\"addons_category\";s:7:\"Dessert\";s:11:\"addons_list\";a:1:{i:0;a:3:{s:10:\"add_ons_id\";s:1:\"2\";s:12:\"add_ons_name\";s:3:\"ice\";s:13:\"add_ons_price\";s:3:\"200\";}}}}}}', '2019-12-03 07:24:32', NULL, NULL, NULL),
(6, 178, 1, 'a:1:{i:0;a:11:{s:4:\"name\";s:7:\"Starter\";s:5:\"image\";s:0:\"\";s:7:\"menu_id\";s:1:\"1\";s:8:\"quantity\";i:1;s:5:\"price\";s:0:\"\";s:11:\"offer_price\";s:0:\"\";s:6:\"is_veg\";s:1:\"1\";s:12:\"is_customize\";i:1;s:7:\"is_deal\";s:1:\"0\";s:9:\"itemTotal\";i:250;s:20:\"addons_category_list\";a:2:{i:0;a:3:{s:18:\"addons_category_id\";s:1:\"1\";s:15:\"addons_category\";s:7:\"Samossa\";s:11:\"addons_list\";a:1:{i:0;a:3:{s:10:\"add_ons_id\";s:1:\"1\";s:12:\"add_ons_name\";s:5:\"Small\";s:13:\"add_ons_price\";s:2:\"50\";}}}i:1;a:3:{s:18:\"addons_category_id\";s:1:\"2\";s:15:\"addons_category\";s:7:\"Dessert\";s:11:\"addons_list\";a:1:{i:0;a:3:{s:10:\"add_ons_id\";s:1:\"2\";s:12:\"add_ons_name\";s:3:\"ice\";s:13:\"add_ons_price\";s:3:\"200\";}}}}}}', '2019-12-03 07:32:19', NULL, NULL, NULL),
(7, 178, 1, 'a:1:{i:0;a:11:{s:4:\"name\";s:7:\"Starter\";s:5:\"image\";s:0:\"\";s:7:\"menu_id\";s:1:\"1\";s:8:\"quantity\";i:1;s:5:\"price\";s:0:\"\";s:11:\"offer_price\";s:0:\"\";s:6:\"is_veg\";s:1:\"1\";s:12:\"is_customize\";i:1;s:7:\"is_deal\";s:1:\"0\";s:9:\"itemTotal\";i:250;s:20:\"addons_category_list\";a:2:{i:0;a:3:{s:18:\"addons_category_id\";s:1:\"1\";s:15:\"addons_category\";s:7:\"Samossa\";s:11:\"addons_list\";a:1:{i:0;a:3:{s:10:\"add_ons_id\";s:1:\"1\";s:12:\"add_ons_name\";s:5:\"Small\";s:13:\"add_ons_price\";s:2:\"50\";}}}i:1;a:3:{s:18:\"addons_category_id\";s:1:\"2\";s:15:\"addons_category\";s:7:\"Dessert\";s:11:\"addons_list\";a:1:{i:0;a:3:{s:10:\"add_ons_id\";s:1:\"2\";s:12:\"add_ons_name\";s:3:\"ice\";s:13:\"add_ons_price\";s:3:\"200\";}}}}}}', '2019-12-03 07:32:51', NULL, NULL, NULL),
(8, 163, 1, 'a:0:{}', '2019-12-05 09:13:02', NULL, NULL, NULL),
(9, 163, 1, 'a:0:{}', '2019-12-05 09:25:10', NULL, NULL, NULL),
(10, 163, 1, 'a:0:{}', '2019-12-05 09:25:30', NULL, NULL, NULL),
(11, 163, 1, 'a:0:{}', '2019-12-05 09:29:41', NULL, NULL, NULL),
(12, 182, 8, 'a:0:{}', '2019-12-16 11:58:27', NULL, NULL, NULL),
(13, 182, 8, 'a:0:{}', '2019-12-16 13:07:45', NULL, NULL, NULL),
(14, 182, 8, 'a:0:{}', '2019-12-16 13:07:51', NULL, NULL, NULL),
(15, 182, 1, 'a:0:{}', '2019-12-16 13:12:23', NULL, NULL, NULL),
(16, 182, 1, 'a:0:{}', '2019-12-16 13:13:33', NULL, NULL, NULL),
(17, 100, 1, 'a:0:{}', '2019-12-18 12:36:24', NULL, NULL, NULL),
(18, 184, 9, 'a:3:{i:0;a:10:{s:4:\"name\";s:7:\"Dessert\";s:5:\"image\";s:73:\"http://taaakenbites.com/uploads/menu/b10558a95a8f941ceb08192f64b1f40b.jpg\";s:7:\"menu_id\";s:1:\"8\";s:8:\"quantity\";i:1;s:5:\"price\";s:1:\"1\";s:11:\"offer_price\";s:0:\"\";s:6:\"is_veg\";s:1:\"1\";s:12:\"is_customize\";i:0;s:9:\"itemTotal\";i:1;s:7:\"is_deal\";s:1:\"0\";}i:1;a:11:{s:4:\"name\";s:7:\"Starter\";s:5:\"image\";s:73:\"http://taaakenbites.com/uploads/menu/a77b11e0c7b45a804a09300388ddea14.jpg\";s:7:\"menu_id\";s:1:\"6\";s:8:\"quantity\";i:1;s:5:\"price\";s:0:\"\";s:11:\"offer_price\";s:0:\"\";s:6:\"is_veg\";s:1:\"1\";s:12:\"is_customize\";i:1;s:7:\"is_deal\";s:1:\"0\";s:9:\"itemTotal\";i:350;s:20:\"addons_category_list\";a:2:{i:0;a:3:{s:18:\"addons_category_id\";s:1:\"1\";s:15:\"addons_category\";s:7:\"Samossa\";s:11:\"addons_list\";a:1:{i:0;a:3:{s:10:\"add_ons_id\";s:1:\"3\";s:12:\"add_ons_name\";s:5:\"Small\";s:13:\"add_ons_price\";s:2:\"50\";}}}i:1;a:3:{s:18:\"addons_category_id\";s:1:\"2\";s:15:\"addons_category\";s:7:\"Dessert\";s:11:\"addons_list\";a:2:{i:0;a:3:{s:10:\"add_ons_id\";s:1:\"7\";s:12:\"add_ons_name\";s:5:\"Extra\";s:13:\"add_ons_price\";s:3:\"100\";}i:1;a:3:{s:10:\"add_ons_id\";s:1:\"8\";s:12:\"add_ons_name\";s:7:\"Extra 2\";s:13:\"add_ons_price\";s:3:\"200\";}}}}}i:2;a:10:{s:4:\"name\";s:8:\"Beverage\";s:5:\"image\";s:73:\"http://taaakenbites.com/uploads/menu/5643893a66c5cb488bfc10c425b21e90.jpg\";s:7:\"menu_id\";s:1:\"7\";s:8:\"quantity\";i:1;s:5:\"price\";s:3:\"300\";s:11:\"offer_price\";s:3:\"270\";s:6:\"is_veg\";s:1:\"1\";s:12:\"is_customize\";i:0;s:9:\"itemTotal\";i:270;s:7:\"is_deal\";s:1:\"0\";}}', '2019-12-18 13:56:49', NULL, NULL, NULL),
(19, 184, 9, 'a:3:{i:0;a:10:{s:4:\"name\";s:7:\"Dessert\";s:5:\"image\";s:73:\"http://taaakenbites.com/uploads/menu/b10558a95a8f941ceb08192f64b1f40b.jpg\";s:7:\"menu_id\";s:1:\"8\";s:8:\"quantity\";i:1;s:5:\"price\";s:1:\"1\";s:11:\"offer_price\";s:0:\"\";s:6:\"is_veg\";s:1:\"1\";s:12:\"is_customize\";i:0;s:9:\"itemTotal\";i:1;s:7:\"is_deal\";s:1:\"0\";}i:1;a:11:{s:4:\"name\";s:7:\"Starter\";s:5:\"image\";s:73:\"http://taaakenbites.com/uploads/menu/a77b11e0c7b45a804a09300388ddea14.jpg\";s:7:\"menu_id\";s:1:\"6\";s:8:\"quantity\";i:1;s:5:\"price\";s:0:\"\";s:11:\"offer_price\";s:0:\"\";s:6:\"is_veg\";s:1:\"1\";s:12:\"is_customize\";i:1;s:7:\"is_deal\";s:1:\"0\";s:9:\"itemTotal\";i:350;s:20:\"addons_category_list\";a:2:{i:0;a:3:{s:18:\"addons_category_id\";s:1:\"1\";s:15:\"addons_category\";s:7:\"Samossa\";s:11:\"addons_list\";a:1:{i:0;a:3:{s:10:\"add_ons_id\";s:1:\"3\";s:12:\"add_ons_name\";s:5:\"Small\";s:13:\"add_ons_price\";s:2:\"50\";}}}i:1;a:3:{s:18:\"addons_category_id\";s:1:\"2\";s:15:\"addons_category\";s:7:\"Dessert\";s:11:\"addons_list\";a:2:{i:0;a:3:{s:10:\"add_ons_id\";s:1:\"7\";s:12:\"add_ons_name\";s:5:\"Extra\";s:13:\"add_ons_price\";s:3:\"100\";}i:1;a:3:{s:10:\"add_ons_id\";s:1:\"8\";s:12:\"add_ons_name\";s:7:\"Extra 2\";s:13:\"add_ons_price\";s:3:\"200\";}}}}}i:2;a:10:{s:4:\"name\";s:8:\"Beverage\";s:5:\"image\";s:73:\"http://taaakenbites.com/uploads/menu/5643893a66c5cb488bfc10c425b21e90.jpg\";s:7:\"menu_id\";s:1:\"7\";s:8:\"quantity\";i:1;s:5:\"price\";s:3:\"300\";s:11:\"offer_price\";s:3:\"270\";s:6:\"is_veg\";s:1:\"1\";s:12:\"is_customize\";i:0;s:9:\"itemTotal\";i:270;s:7:\"is_deal\";s:1:\"0\";}}', '2019-12-19 05:15:09', NULL, NULL, NULL),
(20, 184, 9, 'a:3:{i:0;a:10:{s:4:\"name\";s:7:\"Dessert\";s:5:\"image\";s:73:\"http://taaakenbites.com/uploads/menu/b10558a95a8f941ceb08192f64b1f40b.jpg\";s:7:\"menu_id\";s:1:\"8\";s:8:\"quantity\";i:1;s:5:\"price\";s:1:\"1\";s:11:\"offer_price\";s:0:\"\";s:6:\"is_veg\";s:1:\"1\";s:12:\"is_customize\";i:0;s:9:\"itemTotal\";i:1;s:7:\"is_deal\";s:1:\"0\";}i:1;a:11:{s:4:\"name\";s:7:\"Starter\";s:5:\"image\";s:73:\"http://taaakenbites.com/uploads/menu/a77b11e0c7b45a804a09300388ddea14.jpg\";s:7:\"menu_id\";s:1:\"6\";s:8:\"quantity\";i:1;s:5:\"price\";s:0:\"\";s:11:\"offer_price\";s:0:\"\";s:6:\"is_veg\";s:1:\"1\";s:12:\"is_customize\";i:1;s:7:\"is_deal\";s:1:\"0\";s:9:\"itemTotal\";i:350;s:20:\"addons_category_list\";a:2:{i:0;a:3:{s:18:\"addons_category_id\";s:1:\"1\";s:15:\"addons_category\";s:7:\"Samossa\";s:11:\"addons_list\";a:1:{i:0;a:3:{s:10:\"add_ons_id\";s:1:\"3\";s:12:\"add_ons_name\";s:5:\"Small\";s:13:\"add_ons_price\";s:2:\"50\";}}}i:1;a:3:{s:18:\"addons_category_id\";s:1:\"2\";s:15:\"addons_category\";s:7:\"Dessert\";s:11:\"addons_list\";a:2:{i:0;a:3:{s:10:\"add_ons_id\";s:1:\"7\";s:12:\"add_ons_name\";s:5:\"Extra\";s:13:\"add_ons_price\";s:3:\"100\";}i:1;a:3:{s:10:\"add_ons_id\";s:1:\"8\";s:12:\"add_ons_name\";s:7:\"Extra 2\";s:13:\"add_ons_price\";s:3:\"200\";}}}}}i:2;a:10:{s:4:\"name\";s:8:\"Beverage\";s:5:\"image\";s:73:\"http://taaakenbites.com/uploads/menu/5643893a66c5cb488bfc10c425b21e90.jpg\";s:7:\"menu_id\";s:1:\"7\";s:8:\"quantity\";i:1;s:5:\"price\";s:3:\"300\";s:11:\"offer_price\";s:3:\"270\";s:6:\"is_veg\";s:1:\"1\";s:12:\"is_customize\";i:0;s:9:\"itemTotal\";i:270;s:7:\"is_deal\";s:1:\"0\";}}', '2019-12-19 05:21:27', NULL, NULL, NULL),
(21, 184, 9, 'a:3:{i:0;a:10:{s:4:\"name\";s:7:\"Dessert\";s:5:\"image\";s:73:\"http://taaakenbites.com/uploads/menu/b10558a95a8f941ceb08192f64b1f40b.jpg\";s:7:\"menu_id\";s:1:\"8\";s:8:\"quantity\";i:1;s:5:\"price\";s:1:\"1\";s:11:\"offer_price\";s:0:\"\";s:6:\"is_veg\";s:1:\"1\";s:12:\"is_customize\";i:0;s:9:\"itemTotal\";i:1;s:7:\"is_deal\";s:1:\"0\";}i:1;a:11:{s:4:\"name\";s:7:\"Starter\";s:5:\"image\";s:73:\"http://taaakenbites.com/uploads/menu/a77b11e0c7b45a804a09300388ddea14.jpg\";s:7:\"menu_id\";s:1:\"6\";s:8:\"quantity\";i:1;s:5:\"price\";s:0:\"\";s:11:\"offer_price\";s:0:\"\";s:6:\"is_veg\";s:1:\"1\";s:12:\"is_customize\";i:1;s:7:\"is_deal\";s:1:\"0\";s:9:\"itemTotal\";i:350;s:20:\"addons_category_list\";a:2:{i:0;a:3:{s:18:\"addons_category_id\";s:1:\"1\";s:15:\"addons_category\";s:7:\"Samossa\";s:11:\"addons_list\";a:1:{i:0;a:3:{s:10:\"add_ons_id\";s:1:\"3\";s:12:\"add_ons_name\";s:5:\"Small\";s:13:\"add_ons_price\";s:2:\"50\";}}}i:1;a:3:{s:18:\"addons_category_id\";s:1:\"2\";s:15:\"addons_category\";s:7:\"Dessert\";s:11:\"addons_list\";a:2:{i:0;a:3:{s:10:\"add_ons_id\";s:1:\"7\";s:12:\"add_ons_name\";s:5:\"Extra\";s:13:\"add_ons_price\";s:3:\"100\";}i:1;a:3:{s:10:\"add_ons_id\";s:1:\"8\";s:12:\"add_ons_name\";s:7:\"Extra 2\";s:13:\"add_ons_price\";s:3:\"200\";}}}}}i:2;a:10:{s:4:\"name\";s:8:\"Beverage\";s:5:\"image\";s:73:\"http://taaakenbites.com/uploads/menu/5643893a66c5cb488bfc10c425b21e90.jpg\";s:7:\"menu_id\";s:1:\"7\";s:8:\"quantity\";i:1;s:5:\"price\";s:3:\"300\";s:11:\"offer_price\";s:3:\"270\";s:6:\"is_veg\";s:1:\"1\";s:12:\"is_customize\";i:0;s:9:\"itemTotal\";i:270;s:7:\"is_deal\";s:1:\"0\";}}', '2019-12-19 06:21:13', NULL, NULL, NULL),
(22, 184, 9, 'a:3:{i:0;a:10:{s:4:\"name\";s:7:\"Dessert\";s:5:\"image\";s:73:\"http://taaakenbites.com/uploads/menu/b10558a95a8f941ceb08192f64b1f40b.jpg\";s:7:\"menu_id\";s:1:\"8\";s:8:\"quantity\";i:1;s:5:\"price\";s:1:\"1\";s:11:\"offer_price\";s:0:\"\";s:6:\"is_veg\";s:1:\"1\";s:12:\"is_customize\";i:0;s:9:\"itemTotal\";i:1;s:7:\"is_deal\";s:1:\"0\";}i:1;a:11:{s:4:\"name\";s:7:\"Starter\";s:5:\"image\";s:73:\"http://taaakenbites.com/uploads/menu/a77b11e0c7b45a804a09300388ddea14.jpg\";s:7:\"menu_id\";s:1:\"6\";s:8:\"quantity\";i:1;s:5:\"price\";s:0:\"\";s:11:\"offer_price\";s:0:\"\";s:6:\"is_veg\";s:1:\"1\";s:12:\"is_customize\";i:1;s:7:\"is_deal\";s:1:\"0\";s:9:\"itemTotal\";i:350;s:20:\"addons_category_list\";a:2:{i:0;a:3:{s:18:\"addons_category_id\";s:1:\"1\";s:15:\"addons_category\";s:7:\"Samossa\";s:11:\"addons_list\";a:1:{i:0;a:3:{s:10:\"add_ons_id\";s:1:\"3\";s:12:\"add_ons_name\";s:5:\"Small\";s:13:\"add_ons_price\";s:2:\"50\";}}}i:1;a:3:{s:18:\"addons_category_id\";s:1:\"2\";s:15:\"addons_category\";s:7:\"Dessert\";s:11:\"addons_list\";a:2:{i:0;a:3:{s:10:\"add_ons_id\";s:1:\"7\";s:12:\"add_ons_name\";s:5:\"Extra\";s:13:\"add_ons_price\";s:3:\"100\";}i:1;a:3:{s:10:\"add_ons_id\";s:1:\"8\";s:12:\"add_ons_name\";s:7:\"Extra 2\";s:13:\"add_ons_price\";s:3:\"200\";}}}}}i:2;a:10:{s:4:\"name\";s:8:\"Beverage\";s:5:\"image\";s:73:\"http://taaakenbites.com/uploads/menu/5643893a66c5cb488bfc10c425b21e90.jpg\";s:7:\"menu_id\";s:1:\"7\";s:8:\"quantity\";i:1;s:5:\"price\";s:3:\"300\";s:11:\"offer_price\";s:3:\"270\";s:6:\"is_veg\";s:1:\"1\";s:12:\"is_customize\";i:0;s:9:\"itemTotal\";i:270;s:7:\"is_deal\";s:1:\"0\";}}', '2019-12-19 06:22:15', NULL, NULL, NULL),
(23, 184, 9, 'a:3:{i:0;a:10:{s:4:\"name\";s:7:\"Dessert\";s:5:\"image\";s:73:\"http://taaakenbites.com/uploads/menu/b10558a95a8f941ceb08192f64b1f40b.jpg\";s:7:\"menu_id\";s:1:\"8\";s:8:\"quantity\";i:1;s:5:\"price\";s:1:\"1\";s:11:\"offer_price\";s:0:\"\";s:6:\"is_veg\";s:1:\"1\";s:12:\"is_customize\";i:0;s:9:\"itemTotal\";i:1;s:7:\"is_deal\";s:1:\"0\";}i:1;a:11:{s:4:\"name\";s:7:\"Starter\";s:5:\"image\";s:73:\"http://taaakenbites.com/uploads/menu/a77b11e0c7b45a804a09300388ddea14.jpg\";s:7:\"menu_id\";s:1:\"6\";s:8:\"quantity\";i:1;s:5:\"price\";s:0:\"\";s:11:\"offer_price\";s:0:\"\";s:6:\"is_veg\";s:1:\"1\";s:12:\"is_customize\";i:1;s:7:\"is_deal\";s:1:\"0\";s:9:\"itemTotal\";i:350;s:20:\"addons_category_list\";a:2:{i:0;a:3:{s:18:\"addons_category_id\";s:1:\"1\";s:15:\"addons_category\";s:7:\"Samossa\";s:11:\"addons_list\";a:1:{i:0;a:3:{s:10:\"add_ons_id\";s:1:\"3\";s:12:\"add_ons_name\";s:5:\"Small\";s:13:\"add_ons_price\";s:2:\"50\";}}}i:1;a:3:{s:18:\"addons_category_id\";s:1:\"2\";s:15:\"addons_category\";s:7:\"Dessert\";s:11:\"addons_list\";a:2:{i:0;a:3:{s:10:\"add_ons_id\";s:1:\"7\";s:12:\"add_ons_name\";s:5:\"Extra\";s:13:\"add_ons_price\";s:3:\"100\";}i:1;a:3:{s:10:\"add_ons_id\";s:1:\"8\";s:12:\"add_ons_name\";s:7:\"Extra 2\";s:13:\"add_ons_price\";s:3:\"200\";}}}}}i:2;a:10:{s:4:\"name\";s:8:\"Beverage\";s:5:\"image\";s:73:\"http://taaakenbites.com/uploads/menu/5643893a66c5cb488bfc10c425b21e90.jpg\";s:7:\"menu_id\";s:1:\"7\";s:8:\"quantity\";i:1;s:5:\"price\";s:3:\"300\";s:11:\"offer_price\";s:3:\"270\";s:6:\"is_veg\";s:1:\"1\";s:12:\"is_customize\";i:0;s:9:\"itemTotal\";i:270;s:7:\"is_deal\";s:1:\"0\";}}', '2019-12-19 06:24:07', NULL, NULL, NULL),
(24, 100, 1, 'a:0:{}', '2019-12-30 06:08:20', NULL, NULL, NULL),
(25, 187, 13, 'a:0:{}', '2019-12-30 06:08:57', NULL, NULL, NULL),
(26, 3, 7, 'a:1:{i:0;a:10:{s:4:\"name\";s:4:\"test\";s:5:\"image\";s:0:\"\";s:7:\"menu_id\";s:1:\"4\";s:8:\"quantity\";i:1;s:5:\"price\";s:3:\"100\";s:11:\"offer_price\";s:0:\"\";s:6:\"is_veg\";s:1:\"1\";s:12:\"is_customize\";i:0;s:9:\"itemTotal\";i:100;s:7:\"is_deal\";N;}}', '2019-12-30 12:52:10', NULL, NULL, NULL),
(27, 163, 7, 'a:1:{i:0;a:10:{s:4:\"name\";s:4:\"test\";s:5:\"image\";s:0:\"\";s:7:\"menu_id\";s:1:\"4\";s:8:\"quantity\";i:1;s:5:\"price\";s:3:\"100\";s:11:\"offer_price\";s:0:\"\";s:6:\"is_veg\";s:1:\"1\";s:12:\"is_customize\";i:0;s:9:\"itemTotal\";i:100;s:7:\"is_deal\";N;}}', '2019-12-30 12:53:05', NULL, NULL, NULL),
(28, 163, 7, 'a:1:{i:0;a:10:{s:4:\"name\";s:4:\"test\";s:5:\"image\";s:0:\"\";s:7:\"menu_id\";s:1:\"4\";s:8:\"quantity\";i:1;s:5:\"price\";s:3:\"100\";s:11:\"offer_price\";s:0:\"\";s:6:\"is_veg\";s:1:\"1\";s:12:\"is_customize\";i:0;s:9:\"itemTotal\";i:100;s:7:\"is_deal\";N;}}', '2019-12-30 12:53:29', NULL, NULL, NULL),
(29, 163, 7, 'a:1:{i:0;a:10:{s:4:\"name\";s:4:\"test\";s:5:\"image\";s:0:\"\";s:7:\"menu_id\";s:1:\"4\";s:8:\"quantity\";i:1;s:5:\"price\";s:3:\"100\";s:11:\"offer_price\";s:0:\"\";s:6:\"is_veg\";s:1:\"1\";s:12:\"is_customize\";i:0;s:9:\"itemTotal\";i:100;s:7:\"is_deal\";N;}}', '2019-12-30 12:54:21', NULL, NULL, NULL),
(30, 163, 10, 'a:1:{i:0;a:10:{s:4:\"name\";s:4:\"test\";s:5:\"image\";s:0:\"\";s:7:\"menu_id\";s:1:\"4\";s:8:\"quantity\";i:1;s:5:\"price\";s:3:\"100\";s:11:\"offer_price\";s:0:\"\";s:6:\"is_veg\";s:1:\"1\";s:12:\"is_customize\";i:0;s:9:\"itemTotal\";i:100;s:7:\"is_deal\";N;}}', '2019-12-30 12:54:55', NULL, NULL, NULL),
(31, 163, 10, 'a:1:{i:0;a:10:{s:4:\"name\";s:4:\"test\";s:5:\"image\";s:0:\"\";s:7:\"menu_id\";s:1:\"4\";s:8:\"quantity\";i:1;s:5:\"price\";s:3:\"100\";s:11:\"offer_price\";s:0:\"\";s:6:\"is_veg\";s:1:\"1\";s:12:\"is_customize\";i:0;s:9:\"itemTotal\";i:100;s:7:\"is_deal\";N;}}', '2019-12-30 12:55:16', NULL, NULL, NULL),
(32, 163, 10, 'a:1:{i:0;a:10:{s:4:\"name\";s:4:\"test\";s:5:\"image\";s:0:\"\";s:7:\"menu_id\";s:1:\"4\";s:8:\"quantity\";i:1;s:5:\"price\";s:3:\"100\";s:11:\"offer_price\";s:0:\"\";s:6:\"is_veg\";s:1:\"1\";s:12:\"is_customize\";i:0;s:9:\"itemTotal\";i:100;s:7:\"is_deal\";N;}}', '2019-12-30 12:55:53', NULL, NULL, NULL),
(33, 163, 10, 'a:1:{i:0;a:10:{s:4:\"name\";s:4:\"test\";s:5:\"image\";s:0:\"\";s:7:\"menu_id\";s:1:\"4\";s:8:\"quantity\";i:1;s:5:\"price\";s:3:\"100\";s:11:\"offer_price\";s:0:\"\";s:6:\"is_veg\";s:1:\"1\";s:12:\"is_customize\";i:0;s:9:\"itemTotal\";i:100;s:7:\"is_deal\";N;}}', '2019-12-30 13:57:06', NULL, NULL, NULL),
(34, 163, 10, 'a:1:{i:0;a:10:{s:4:\"name\";s:4:\"test\";s:5:\"image\";s:0:\"\";s:7:\"menu_id\";s:1:\"4\";s:8:\"quantity\";i:1;s:5:\"price\";s:6:\"100.00\";s:11:\"offer_price\";s:0:\"\";s:6:\"is_veg\";s:1:\"1\";s:12:\"is_customize\";i:0;s:9:\"itemTotal\";s:6:\"100.00\";s:7:\"is_deal\";N;}}', '2020-01-01 07:23:56', NULL, NULL, NULL),
(35, 163, 11, 'a:1:{i:0;a:10:{s:4:\"name\";s:4:\"test\";s:5:\"image\";s:0:\"\";s:7:\"menu_id\";s:1:\"4\";s:8:\"quantity\";i:1;s:5:\"price\";s:3:\"100\";s:11:\"offer_price\";s:0:\"\";s:6:\"is_veg\";s:1:\"1\";s:12:\"is_customize\";i:0;s:9:\"itemTotal\";s:3:\"100\";s:7:\"is_deal\";N;}}', '2020-01-01 07:24:20', NULL, NULL, NULL),
(36, 187, 11, 'a:1:{i:0;a:10:{s:4:\"name\";s:4:\"test\";s:5:\"image\";s:0:\"\";s:7:\"menu_id\";s:1:\"4\";s:8:\"quantity\";i:1;s:5:\"price\";s:3:\"100\";s:11:\"offer_price\";s:0:\"\";s:6:\"is_veg\";s:1:\"1\";s:12:\"is_customize\";i:0;s:9:\"itemTotal\";i:100;s:7:\"is_deal\";N;}}', '2020-01-01 13:56:56', NULL, NULL, NULL);

-- --------------------------------------------------------

--
-- Table structure for table `category`
--

CREATE TABLE `category` (
  `entity_id` int(11) NOT NULL,
  `name` varchar(255) CHARACTER SET utf8 NOT NULL,
  `image` varchar(255) CHARACTER SET utf8 DEFAULT NULL,
  `content_id` int(11) DEFAULT NULL,
  `language_slug` varchar(5) DEFAULT NULL,
  `status` tinyint(4) NOT NULL,
  `created_by` int(11) DEFAULT NULL,
  `created_date` timestamp NULL DEFAULT current_timestamp(),
  `updated_by` int(11) DEFAULT NULL,
  `updated_date` datetime DEFAULT NULL
) ENGINE=InnoDB DEFAULT CHARSET=latin1;

--
-- Dumping data for table `category`
--

INSERT INTO `category` (`entity_id`, `name`, `image`, `content_id`, `language_slug`, `status`, `created_by`, `created_date`, `updated_by`, `updated_date`) VALUES
(1, 'Starter', NULL, 122, 'en', 1, 1, '2019-11-29 13:27:01', 1, '2020-04-11 14:19:37'),
(2, 'Beverage', NULL, 123, 'en', 1, 1, '2019-11-29 13:27:46', NULL, NULL),
(4, 'Pizza', NULL, 138, 'en', 1, 181, '2019-12-06 06:26:24', 1, '2020-04-10 07:53:15'),
(7, 'Breakfast', NULL, 163, 'en', 1, 188, '2019-12-31 06:56:51', 1, '2020-04-10 07:49:35'),
(8, 'স্টার্টার', NULL, 163, 'bn', 1, 188, '2019-12-31 06:57:15', NULL, NULL),
(9, 'Starter', NULL, 163, 'fr', 1, 188, '2020-01-01 09:27:51', NULL, NULL),
(10, 'Soups', NULL, 178, 'en', 1, 1, '2020-01-29 06:12:47', 1, '2020-04-10 07:54:49'),
(11, 'Main course', NULL, 179, 'en', 1, 1, '2020-01-29 06:14:14', 1, '2020-04-10 07:56:35'),
(12, 'Appetizer', NULL, 184, 'en', 1, 1, '2020-01-29 06:22:30', 1, '2020-04-10 07:50:28'),
(13, 'Bread', NULL, 185, 'en', 1, 1, '2020-01-29 06:22:53', NULL, NULL),
(14, 'Dessert\'s', NULL, 186, 'en', 1, 1, '2020-01-29 06:23:33', 1, '2020-04-10 07:51:30'),
(15, 'Burger', NULL, 187, 'en', 1, 1, '2020-01-29 06:24:10', 1, '2020-04-10 07:52:01'),
(16, 'Snacks', NULL, 188, 'en', 1, 1, '2020-01-29 06:24:53', 1, '2020-04-10 07:56:55'),
(18, 'Sam\'s Special', NULL, 276, 'en', 1, 1, '2020-06-09 04:55:55', NULL, NULL);

-- --------------------------------------------------------

--
-- Table structure for table `cms`
--

CREATE TABLE `cms` (
  `entity_id` int(11) NOT NULL,
  `name` varchar(255) CHARACTER SET utf8 NOT NULL,
  `CMSSlug` varchar(255) CHARACTER SET utf8 NOT NULL,
  `description` text CHARACTER SET utf8 DEFAULT NULL,
  `image` varchar(255) CHARACTER SET utf8 DEFAULT NULL,
  `content_id` int(11) DEFAULT NULL,
  `language_slug` varchar(5) DEFAULT NULL,
  `status` tinyint(4) NOT NULL,
  `created_by` int(11) DEFAULT NULL,
  `updated_by` int(11) DEFAULT NULL,
  `updated_date` int(11) DEFAULT NULL,
  `created_date` int(11) DEFAULT NULL
) ENGINE=InnoDB DEFAULT CHARSET=latin1;

--
-- Dumping data for table `cms`
--

INSERT INTO `cms` (`entity_id`, `name`, `CMSSlug`, `description`, `image`, `content_id`, `language_slug`, `status`, `created_by`, `updated_by`, `updated_date`, `created_date`) VALUES
(3, 'test edited', 'test-edited-1', '<p>test edi</p>', NULL, 160, 'en', 0, 1, 1, 2019, NULL),
(4, 'Privacy Policy', 'lecture', '<p><strong style=\"margin: 0px; padding: 0px; color: rgb(0, 0, 0); font-family: &quot;Open Sans&quot;, Arial, sans-serif;\">Lorem Ipsum</strong><span style=\"color: rgb(0, 0, 0); font-family: &quot;Open Sans&quot;, Arial, sans-serif;\">&nbsp;is simply dummy text of the printing and typesetting industry. Lorem Ipsum has been the industry&#39;s standard dummy text ever since the 1500s, when an unknown printer took a galley of type and scrambled it to make a type specimen book. It has survived not only five centuries, but also the leap into electronic typesetting, remaining essentially unchanged. It was popularised in the 1960s with the release of Letraset sheets containing Lorem Ipsum passages, and more recently with desktop publishing software like Aldus PageMaker including versions of Lorem Ipsum.</span></p>', NULL, 162, 'en', 1, 1, 1, 2020, NULL),
(6, 'Contact Us', 'contact-us', '<p><strong style=\"margin: 0px; padding: 0px; color: rgb(0, 0, 0); font-family: &quot;Open Sans&quot;, Arial, sans-serif;\">Lorem Ipsum</strong><span style=\"color: rgb(0, 0, 0); font-family: &quot;Open Sans&quot;, Arial, sans-serif;\">&nbsp;is simply dummy text of the printing and typesetting industry. Lorem Ipsum has been the industry&#39;s standard dummy text ever since the 1500s, when an unknown printer took a galley of type and scrambled it to make a type specimen book. It has survived not only five centuries, but also the leap into electronic typesetting, remaining essentially unchanged. It was popularised in the 1960s with the release of Letraset sheets containing Lorem Ipsum passages, and more recently with desktop publishing software like Aldus PageMaker including versions of Lorem Ipsum.</span></p>', NULL, 161, 'en', 1, 1, NULL, NULL, NULL),
(7, 'About Us', 'about-us', '<p><strong>Lorem Ipsum</strong> is simply dummy text of the printing and typesetting industry. Lorem Ipsum has been the industry&#39;s standard dummy text ever since the 1500s, when an unknown printer took a galley of type and scrambled it to make a type specimen book. It has survived not only five centuries, but also the leap into electronic typesetting, remaining essentially unchanged. It was popularised in the 1960s with the release of Letraset sheets containing Lorem Ipsum passages, and more recently with desktop publishing software like Aldus PageMaker including versions of Lorem Ipsum</p>', NULL, 160, 'en', 1, 1, 1, 2020, NULL),
(8, 'Contact Us', 'contact-us', '<p>Le <strong>Lorem Ipsum</strong> est simplement du faux texte employ&eacute; dans la composition et la mise en page avant impression. Le Lorem Ipsum est le faux texte standard de l&#39;imprimerie depuis les ann&eacute;es 1500, quand un imprimeur anonyme assembla ensemble des morceaux de texte pour r&eacute;aliser un livre sp&eacute;cimen de polices de texte. Il n&#39;a pas fait que survivre cinq si&egrave;cles, mais s&#39;est aussi adapt&eacute; &agrave; la bureautique informatique, sans que son contenu n&#39;en soit modifi&eacute;. Il a &eacute;t&eacute; popularis&eacute; dans les ann&eacute;es 1960 gr&acirc;ce &agrave; la vente de feuilles Letraset contenant des passages du Lorem Ipsum, et, plus r&eacute;cemment, par son inclusion dans des applications de mise en page de texte, comme Aldus PageMaker.Le <strong>Lorem Ipsum</strong> est simplement du faux texte employ&eacute; dans la composition et la mise en page avant impression. Le Lorem Ipsum est le faux texte standard de l&#39;imprimerie depuis les ann&eacute;es 1500, quand un imprimeur anonyme assembla ensemble des morceaux de texte pour r&eacute;aliser un livre sp&eacute;cimen de polices de texte. Il n&#39;a pas fait que survivre cinq si&egrave;cles, mais s&#39;est aussi adapt&eacute; &agrave; la bureautique informatique, sans que son contenu n&#39;en soit modifi&eacute;. Il a &eacute;t&eacute; popularis&eacute; dans les ann&eacute;es 1960 gr&acirc;ce &agrave; la vente de feuilles Letraset contenant des passages du Lorem Ipsum, et, plus r&eacute;cemment, par son inclusion dans des applications de mise en page de texte, comme Aldus PageMaker.Le <strong>Lorem Ipsum</strong> est simplement du faux texte employ&eacute; dans la composition et la mise en page avant impression. Le Lorem Ipsum est le faux texte standard de l&#39;imprimerie depuis les ann&eacute;es 1500, quand un imprimeur anonyme assembla ensemble des morceaux de texte pour r&eacute;aliser un livre sp&eacute;cimen de polices de texte. Il n&#39;a pas fait que survivre cinq si&egrave;cles, mais s&#39;est aussi adapt&eacute; &agrave; la bureautique informatique, sans que son contenu n&#39;en soit modifi&eacute;. Il a &eacute;t&eacute; popularis&eacute; dans les ann&eacute;es 1960 gr&acirc;ce &agrave; la vente de feuilles Letraset contenant des passages du Lorem Ipsum, et, plus r&eacute;cemment, par son inclusion dans des applications de mise en page de texte, comme Aldus PageMaker.Le <strong>Lorem Ipsum</strong> est simplement du faux texte employ&eacute; dans la composition et la mise en page avant impression. Le Lorem Ipsum est le faux texte standard de l&#39;imprimerie depuis les ann&eacute;es 1500, quand un imprimeur anonyme assembla ensemble des morceaux de texte pour r&eacute;aliser un livre sp&eacute;cimen de polices de texte. Il n&#39;a pas fait que survivre cinq si&egrave;cles, mais s&#39;est aussi adapt&eacute; &agrave; la bureautique informatique, sans que son contenu n&#39;en soit modifi&eacute;. Il a &eacute;t&eacute; popularis&eacute; dans les ann&eacute;es 1960 gr&acirc;ce &agrave; la vente de feuilles Letraset contenant des passages du Lorem Ipsum, et, plus r&eacute;cemment, par son inclusion dans des applications de mise en page de texte, comme Aldus PageMaker.</p>', NULL, 161, 'fr', 0, 1, NULL, NULL, NULL),
(9, 'About Us', 'about-us', '<p>Le <strong>Lorem Ipsum</strong> est simplement du faux texte employ&eacute; dans la composition et la mise en page avant impression. Le Lorem Ipsum est le faux texte standard de l&#39;imprimerie depuis les ann&eacute;es 1500, quand un imprimeur anonyme assembla ensemble des morceaux de texte pour r&eacute;aliser un livre sp&eacute;cimen de polices de texte. Il n&#39;a pas fait que survivre cinq si&egrave;cles, mais s&#39;est aussi adapt&eacute; &agrave; la bureautique informatique, sans que son contenu n&#39;en soit modifi&eacute;. Il a &eacute;t&eacute; popularis&eacute; dans les ann&eacute;es 1960 gr&acirc;ce &agrave; la vente de feuilles Letraset contenant des passages du Lorem Ipsum, et, plus r&eacute;cemment, par son inclusion dans des applications de mise en page de texte, comme Aldus PageMaker.</p>\r\n', NULL, 160, 'fr', 1, 1, NULL, NULL, NULL);

-- --------------------------------------------------------

--
-- Table structure for table `content_general`
--

CREATE TABLE `content_general` (
  `content_general_id` int(11) NOT NULL,
  `content_type` varchar(255) CHARACTER SET utf8 NOT NULL,
  `created_by` int(11) NOT NULL,
  `created_date` datetime NOT NULL,
  `updated_by` int(11) NOT NULL,
  `updated_date` datetime NOT NULL
) ENGINE=InnoDB DEFAULT CHARSET=latin1;

--
-- Dumping data for table `content_general`
--

INSERT INTO `content_general` (`content_general_id`, `content_type`, `created_by`, `created_date`, `updated_by`, `updated_date`) VALUES
(1, 'email_template', 1, '0000-00-00 00:00:00', 0, '0000-00-00 00:00:00'),
(2, 'email_template', 1, '0000-00-00 00:00:00', 0, '0000-00-00 00:00:00'),
(3, 'email_template', 1, '0000-00-00 00:00:00', 0, '0000-00-00 00:00:00'),
(26, 'email_template', 1, '2019-09-06 11:41:37', 0, '0000-00-00 00:00:00'),
(27, 'email_template', 1, '2019-09-06 12:40:08', 0, '0000-00-00 00:00:00'),
(28, 'email_template', 1, '2019-09-06 12:45:21', 0, '0000-00-00 00:00:00'),
(30, 'email_template', 1, '2019-09-06 14:57:24', 0, '0000-00-00 00:00:00'),
(31, 'email_template', 1, '2019-09-06 15:33:05', 0, '0000-00-00 00:00:00'),
(95, 'email_template', 1, '2019-10-23 18:18:08', 0, '0000-00-00 00:00:00'),
(122, 'category', 1, '2019-11-29 18:57:01', 0, '0000-00-00 00:00:00'),
(123, 'category', 1, '2019-11-29 18:57:45', 0, '0000-00-00 00:00:00'),
(124, 'addons_category', 1, '2019-11-29 18:58:56', 0, '0000-00-00 00:00:00'),
(125, 'addons_category', 1, '2019-11-29 18:59:05', 0, '0000-00-00 00:00:00'),
(126, 'restaurant', 1, '2019-12-02 12:56:57', 0, '0000-00-00 00:00:00'),
(135, 'package', 1, '2019-12-05 09:44:02', 0, '0000-00-00 00:00:00'),
(138, 'category', 181, '2019-12-06 07:26:23', 0, '0000-00-00 00:00:00'),
(160, 'cms', 1, '2019-12-27 12:42:45', 0, '0000-00-00 00:00:00'),
(161, 'cms', 1, '2019-12-27 12:44:15', 0, '0000-00-00 00:00:00'),
(162, 'cms', 1, '2019-12-30 06:56:33', 0, '0000-00-00 00:00:00'),
(163, 'category', 188, '2019-12-31 06:56:51', 0, '0000-00-00 00:00:00'),
(166, 'package', 188, '2019-12-31 07:06:16', 0, '0000-00-00 00:00:00'),
(167, 'addons_category', 188, '2019-12-31 07:07:45', 0, '0000-00-00 00:00:00'),
(168, 'addons_category', 188, '2019-12-31 07:08:07', 0, '0000-00-00 00:00:00'),
(171, 'menu', 1, '2019-12-31 11:01:33', 0, '0000-00-00 00:00:00'),
(178, 'category', 1, '2020-01-29 07:12:47', 0, '0000-00-00 00:00:00'),
(179, 'category', 1, '2020-01-29 07:14:14', 0, '0000-00-00 00:00:00'),
(184, 'category', 1, '2020-01-29 07:22:30', 0, '0000-00-00 00:00:00'),
(185, 'category', 1, '2020-01-29 07:22:53', 0, '0000-00-00 00:00:00'),
(186, 'category', 1, '2020-01-29 07:23:33', 0, '0000-00-00 00:00:00'),
(187, 'category', 1, '2020-01-29 07:24:10', 0, '0000-00-00 00:00:00'),
(188, 'category', 1, '2020-01-29 07:24:53', 0, '0000-00-00 00:00:00'),
(202, 'menu', 1, '2020-01-29 08:29:14', 0, '0000-00-00 00:00:00'),
(203, 'menu', 1, '2020-01-29 09:57:29', 0, '0000-00-00 00:00:00'),
(205, 'email_template', 1, '2020-02-12 12:49:07', 0, '0000-00-00 00:00:00'),
(212, 'restaurant', 1, '2020-04-03 11:13:43', 0, '0000-00-00 00:00:00'),
(214, 'package', 1, '2020-04-03 11:16:32', 0, '0000-00-00 00:00:00'),
(216, 'addons_category', 1, '2020-04-03 11:24:54', 0, '0000-00-00 00:00:00'),
(218, 'menu', 1, '2020-04-09 13:55:04', 0, '0000-00-00 00:00:00'),
(219, 'menu', 1, '2020-04-09 13:57:18', 0, '0000-00-00 00:00:00'),
(220, 'menu', 1, '2020-04-09 13:59:15', 0, '0000-00-00 00:00:00'),
(221, 'restaurant', 1, '2020-04-09 19:33:45', 0, '0000-00-00 00:00:00'),
(222, 'restaurant', 1, '2020-04-09 19:39:01', 0, '0000-00-00 00:00:00'),
(224, 'menu', 1, '2020-04-09 20:05:24', 0, '0000-00-00 00:00:00'),
(225, 'menu', 1, '2020-04-09 20:09:44', 0, '0000-00-00 00:00:00'),
(226, 'menu', 1, '2020-04-09 20:12:33', 0, '0000-00-00 00:00:00'),
(229, 'restaurant', 1, '2020-04-12 12:30:00', 0, '0000-00-00 00:00:00'),
(233, 'package', 1, '2020-04-13 06:21:47', 0, '0000-00-00 00:00:00'),
(235, 'restaurant', 1, '2020-04-13 07:25:12', 0, '0000-00-00 00:00:00'),
(236, 'menu', 1, '2020-04-13 09:10:10', 0, '0000-00-00 00:00:00'),
(238, 'menu', 1, '2020-04-13 10:38:05', 0, '0000-00-00 00:00:00'),
(240, 'branch', 1, '2020-04-20 12:18:44', 0, '0000-00-00 00:00:00'),
(242, 'menu', 1, '2020-04-20 12:27:35', 0, '0000-00-00 00:00:00'),
(244, 'restaurant', 1, '2020-04-20 15:49:28', 0, '0000-00-00 00:00:00'),
(245, 'addons_category', 1, '2020-04-20 16:06:33', 0, '0000-00-00 00:00:00'),
(248, 'menu', 1, '2020-04-21 19:07:48', 0, '0000-00-00 00:00:00'),
(251, 'package', 1, '2020-04-23 12:02:41', 0, '0000-00-00 00:00:00'),
(252, 'package', 1, '2020-04-23 12:10:51', 0, '0000-00-00 00:00:00'),
(255, 'restaurant', 1, '2020-04-23 12:59:48', 0, '0000-00-00 00:00:00'),
(258, 'restaurant', 1, '2020-04-23 16:17:54', 0, '0000-00-00 00:00:00'),
(260, 'package', 1, '2020-05-20 18:07:35', 0, '0000-00-00 00:00:00'),
(261, 'package', 1, '2020-05-20 18:11:37', 0, '0000-00-00 00:00:00'),
(262, 'package', 1, '2020-05-20 18:13:02', 0, '0000-00-00 00:00:00'),
(263, 'package', 1, '2020-05-20 18:13:38', 0, '0000-00-00 00:00:00'),
(264, 'package', 1, '2020-05-20 18:14:09', 0, '0000-00-00 00:00:00'),
(265, 'package', 1, '2020-05-20 18:14:37', 0, '0000-00-00 00:00:00'),
(267, 'menu', 1, '2020-05-21 15:37:39', 0, '0000-00-00 00:00:00'),
(268, 'menu', 1, '2020-05-22 11:41:53', 0, '0000-00-00 00:00:00'),
(270, 'menu', 1, '2020-05-22 17:07:58', 0, '0000-00-00 00:00:00'),
(271, 'menu', 1, '2020-05-23 18:44:47', 0, '0000-00-00 00:00:00'),
(272, 'menu', 1, '2020-05-23 18:44:48', 0, '0000-00-00 00:00:00'),
(273, 'menu', 1, '2020-05-23 18:44:49', 0, '0000-00-00 00:00:00'),
(275, 'restaurant', 1, '2020-06-09 10:25:06', 0, '0000-00-00 00:00:00'),
(276, 'category', 1, '2020-06-09 10:25:55', 0, '0000-00-00 00:00:00'),
(278, 'menu', 1, '2020-06-09 10:33:36', 0, '0000-00-00 00:00:00'),
(279, 'branch', 1, '2020-06-11 18:36:11', 0, '0000-00-00 00:00:00'),
(280, 'restaurant', 1, '2020-06-12 18:11:41', 0, '0000-00-00 00:00:00'),
(281, 'menu', 1, '2020-06-12 18:58:26', 0, '0000-00-00 00:00:00'),
(282, 'restaurant', 1, '2020-06-16 18:06:50', 0, '0000-00-00 00:00:00');

-- --------------------------------------------------------

--
-- Table structure for table `coupon`
--

CREATE TABLE `coupon` (
  `entity_id` int(11) NOT NULL,
  `restaurant_id` int(11) NOT NULL,
  `name` varchar(255) CHARACTER SET utf8 DEFAULT NULL,
  `description` text CHARACTER SET utf8 DEFAULT NULL,
  `image` varchar(255) NOT NULL,
  `amount_type` enum('Percentage','Amount') DEFAULT NULL,
  `amount` decimal(20,2) DEFAULT NULL,
  `max_amount` decimal(20,2) DEFAULT NULL,
  `start_date` datetime DEFAULT NULL,
  `end_date` datetime DEFAULT NULL,
  `coupon_type` enum('free_delivery','discount_on_items','discount_on_cart','discount_on_combo') DEFAULT NULL,
  `updated_date` datetime DEFAULT NULL,
  `updated_by` int(11) DEFAULT NULL,
  `created_by` int(11) DEFAULT NULL,
  `created_date` timestamp NULL DEFAULT current_timestamp(),
  `status` tinyint(4) DEFAULT NULL
) ENGINE=InnoDB DEFAULT CHARSET=latin1;

--
-- Dumping data for table `coupon`
--

INSERT INTO `coupon` (`entity_id`, `restaurant_id`, `name`, `description`, `image`, `amount_type`, `amount`, `max_amount`, `start_date`, `end_date`, `coupon_type`, `updated_date`, `updated_by`, `created_by`, `created_date`, `status`) VALUES
(18, 0, '30%OFF', '<p><strong style=\"margin: 0px; padding: 0px; color: rgb(0, 0, 0); font-family: &quot;Open Sans&quot;, Arial, sans-serif;\">Lorem Ipsum</strong><span style=\"color: rgb(0, 0, 0); font-family: &quot;Open Sans&quot;, Arial, sans-serif;\">&nbsp;is simply dummy text of the printing and typesetting industry. Lorem Ipsum has been the industry&#39;s standard dummy text ever since the 1500s, when an unknown printer took a galley of type and scrambled it to make a type specimen book. It has survived not only five centuries, but also the leap into electronic typesetting, remaining essentially unchanged. It was popularised in the 1960s with the release of Letraset sheets containing Lorem Ipsum passages, and more recently with desktop publishing software like Aldus PageMaker including versions of Lorem Ipsum</span></p>', '', 'Amount', '100.00', '110.00', '2020-04-08 06:30:00', '2020-05-30 19:55:00', 'discount_on_cart', '2020-06-08 12:23:17', 1, 1, '2020-04-09 14:42:29', 1),
(19, 0, 'EAT600', '<p><strong style=\"margin: 0px; padding: 0px; color: rgb(0, 0, 0); font-family: &quot;Open Sans&quot;, Arial, sans-serif;\">Lorem Ipsum</strong><span style=\"color: rgb(0, 0, 0); font-family: &quot;Open Sans&quot;, Arial, sans-serif;\">&nbsp;is simply dummy text of the printing and typesetting industry. Lorem Ipsum has been the industry&#39;s standard dummy text ever since the 1500s, when an unknown printer took a galley of type and scrambled it to make a type specimen book. It has survived not only five centuries, but also the leap into electronic typesetting, remaining essentially unchanged. It was popularised in the 1960s with the release of Letraset sheets containing Lorem Ipsum passages, and more recently with desktop publishing software like Aldus PageMaker including versions of Lorem Ipsum</span></p>', '', 'Amount', '50.00', '51.00', '2020-04-09 02:10:00', '2020-05-09 23:55:00', 'discount_on_cart', '2020-06-08 12:24:13', 1, 1, '2020-04-10 07:39:52', 1),
(21, 0, '40%OFF', '<p><strong style=\"margin: 0px; padding: 0px; color: rgb(0, 0, 0); font-family: &quot;Open Sans&quot;, Arial, sans-serif;\">Lorem Ipsum</strong><span style=\"color: rgb(0, 0, 0); font-family: &quot;Open Sans&quot;, Arial, sans-serif;\">&nbsp;is simply dummy text of the printing and typesetting industry. Lorem Ipsum has been the industry&#39;s standard dummy text ever since the 1500s, when an unknown printer took a galley of type and scrambled it to make a type specimen book. It has survived not only five centuries, but also the leap into electronic typesetting, remaining essentially unchanged. It was popularised in the 1960s with the release of Letraset sheets containing Lorem Ipsum passages, and more recently with desktop publishing software like Aldus PageMaker including versions of Lorem Ipsum</span></p>', '', 'Percentage', '40.00', '40.00', '2020-04-08 01:05:00', '2020-09-30 18:50:00', 'discount_on_cart', NULL, NULL, 1, '2020-04-10 07:43:42', 1),
(22, 0, 'FREE DELIVERY', '<p><strong style=\"margin: 0px; padding: 0px; color: rgb(0, 0, 0); font-family: &quot;Open Sans&quot;, Arial, sans-serif;\">Lorem Ipsum</strong><span style=\"color: rgb(0, 0, 0); font-family: &quot;Open Sans&quot;, Arial, sans-serif;\">&nbsp;is simply dummy text of the printing and typesetting industry. Lorem Ipsum has been the industry&#39;s standard dummy text ever since the 1500s, when an unknown printer took a galley of type and scrambled it to make a type specimen book. It has survived not only five centuries, but also the leap into electronic typesetting, remaining essentially unchanged. It was popularised in the 1960s with the release of Letraset sheets containing Lorem Ipsum passages, and more recently with desktop publishing software like Aldus PageMaker including versions of Lorem Ipsum</span></p>', '', NULL, '0.00', '50.00', '2020-04-09 02:10:00', '2020-10-28 13:45:00', 'free_delivery', '2020-06-09 12:36:56', 1, 1, '2020-04-10 07:59:03', 0),
(23, 0, 'COMBO@199', '<p><strong style=\"margin: 0px; padding: 0px; color: rgb(0, 0, 0); font-family: &quot;Open Sans&quot;, Arial, sans-serif;\">Lorem Ipsum</strong><span style=\"color: rgb(0, 0, 0); font-family: &quot;Open Sans&quot;, Arial, sans-serif;\">&nbsp;is simply dummy text of the printing and typesetting industry. Lorem Ipsum has been the industry&#39;s standard dummy text ever since the 1500s, when an unknown printer took a galley of type and scrambled it to make a type specimen book. It has survived not only five centuries, but also the leap into electronic typesetting, remaining essentially unchanged. It was popularised in the 1960s with the release of Letraset sheets containing Lorem Ipsum passages, and more recently with desktop publishing software like Aldus PageMaker including versions of Lorem Ipsum.</span></p>', '', 'Amount', '99.00', '100.00', '2020-04-01 02:10:00', '2020-08-01 17:15:00', 'discount_on_cart', '2020-06-03 11:45:44', 1, 1, '2020-04-12 12:04:39', 1);

-- --------------------------------------------------------

--
-- Table structure for table `coupon_item_map`
--

CREATE TABLE `coupon_item_map` (
  `entity_id` int(11) NOT NULL,
  `item_id` int(11) NOT NULL,
  `package_id` int(11) NOT NULL,
  `coupon_id` int(11) NOT NULL
) ENGINE=InnoDB DEFAULT CHARSET=latin1;

-- --------------------------------------------------------

--
-- Table structure for table `coupon_restaurant_map`
--

CREATE TABLE `coupon_restaurant_map` (
  `entity_id` int(11) NOT NULL,
  `restaurant_id` int(11) NOT NULL,
  `coupon_id` int(11) NOT NULL
) ENGINE=InnoDB DEFAULT CHARSET=latin1;

--
-- Dumping data for table `coupon_restaurant_map`
--

INSERT INTO `coupon_restaurant_map` (`entity_id`, `restaurant_id`, `coupon_id`) VALUES
(120, 1, 21),
(121, 27, 21),
(122, 28, 21),
(205, 1, 23),
(206, 27, 23),
(207, 28, 23),
(256, 1, 18),
(257, 27, 18),
(263, 1, 19),
(264, 27, 19),
(265, 28, 19),
(266, 34, 19),
(267, 38, 19),
(280, 1, 22),
(281, 27, 22),
(282, 28, 22);

-- --------------------------------------------------------

--
-- Table structure for table `currencies`
--

CREATE TABLE `currencies` (
  `currency_id` int(11) NOT NULL,
  `code` varchar(255) DEFAULT NULL,
  `country_name` varchar(255) NOT NULL,
  `dial_code` varchar(255) DEFAULT NULL,
  `currency_name` varchar(255) CHARACTER SET utf8 NOT NULL,
  `currency_symbol` varchar(255) CHARACTER SET utf8 NOT NULL,
  `currency_code` varchar(255) DEFAULT NULL
) ENGINE=InnoDB DEFAULT CHARSET=latin1;

--
-- Dumping data for table `currencies`
--

INSERT INTO `currencies` (`currency_id`, `code`, `country_name`, `dial_code`, `currency_name`, `currency_symbol`, `currency_code`) VALUES
(1, 'AF', 'Afghanistan', '93', 'Afghan afghani', '؋', 'AFN'),
(2, 'AL', 'Albania', '355', 'Albanian lek', 'L', 'ALL'),
(3, 'DZ', 'Algeria', '213', 'Algerian dinar', 'د.ج', 'DZD'),
(4, 'AS', 'American Samoa', '1684', '', '', ''),
(5, 'AD', 'Andorra', '376', 'Euro', '€', 'EUR'),
(6, 'AO', 'Angola', '244', 'Angolan kwanza', 'Kz', 'AOA'),
(7, 'AI', 'Anguilla', '1264', 'East Caribbean dolla', '$', 'XCD'),
(8, 'AQ', 'Antarctica', '0', '', '', ''),
(9, 'AG', 'Antigua And Barbuda', '1268', 'East Caribbean dolla', '$', 'XCD'),
(10, 'AR', 'Argentina', '54', 'Argentine peso', '$', 'ARS'),
(11, 'AM', 'Armenia', '374', 'Armenian dram', '', 'AMD'),
(12, 'AW', 'Aruba', '297', 'Aruban florin', 'ƒ', 'AWG'),
(13, 'AU', 'Australia', '61', 'Australian dollar', '$', 'AUD'),
(14, 'AT', 'Austria', '43', 'Euro', '€', 'EUR'),
(15, 'AZ', 'Azerbaijan', '994', 'Azerbaijani manat', '', 'AZN'),
(16, 'BS', 'Bahamas The', '1242', '', '', ''),
(17, 'BH', 'Bahrain', '973', 'Bahraini dinar', '.د.ب', 'BHD'),
(18, 'BD', 'Bangladesh', '880', 'Bangladeshi taka', '৳', 'BDT'),
(19, 'BB', 'Barbados', '1246', 'Barbadian dollar', '$', 'BBD'),
(20, 'BY', 'Belarus', '375', 'Belarusian ruble', 'Br', 'BYR'),
(21, 'BE', 'Belgium', '32', 'Euro', '€', 'EUR'),
(22, 'BZ', 'Belize', '501', 'Belize dollar', '$', 'BZD'),
(23, 'BJ', 'Benin', '229', 'West African CFA fra', 'Fr', 'XOF'),
(24, 'BM', 'Bermuda', '1441', 'Bermudian dollar', '$', 'BMD'),
(25, 'BT', 'Bhutan', '975', 'Bhutanese ngultrum', 'Nu.', 'BTN'),
(26, 'BO', 'Bolivia', '591', 'Bolivian boliviano', 'Bs.', 'BOB'),
(27, 'BA', 'Bosnia and Herzegovina', '387', 'Bosnia and Herzegovi', 'KM or КМ', 'BAM'),
(28, 'BW', 'Botswana', '267', 'Botswana pula', 'P', 'BWP'),
(29, 'BV', 'Bouvet Island', '0', '', '', ''),
(30, 'BR', 'Brazil', '55', 'Brazilian real', 'R$', 'BRL'),
(31, 'IO', 'British Indian Ocean Territory', '246', 'United States dollar', '$', 'USD'),
(32, 'BN', 'Brunei', '673', 'Brunei dollar', '$', 'BND'),
(33, 'BG', 'Bulgaria', '359', 'Bulgarian lev', 'лв', 'BGN'),
(34, 'BF', 'Burkina Faso', '226', 'West African CFA fra', 'Fr', 'XOF'),
(35, 'BI', 'Burundi', '257', 'Burundian franc', 'Fr', 'BIF'),
(36, 'KH', 'Cambodia', '855', 'Cambodian riel', '៛', 'KHR'),
(37, 'CM', 'Cameroon', '237', 'Central African CFA ', 'Fr', 'XAF'),
(38, 'CA', 'Canada', '1', 'Canadian dollar', '$', 'CAD'),
(39, 'CV', 'Cape Verde', '238', 'Cape Verdean escudo', 'Esc or $', 'CVE'),
(40, 'KY', 'Cayman Islands', '1345', 'Cayman Islands dolla', '$', 'KYD'),
(41, 'CF', 'Central African Republic', '236', 'Central African CFA ', 'Fr', 'XAF'),
(42, 'TD', 'Chad', '235', 'Central African CFA ', 'Fr', 'XAF'),
(43, 'CL', 'Chile', '56', 'Chilean peso', '$', 'CLP'),
(44, 'CN', 'China', '86', 'Chinese yuan', '¥ or 元', 'CNY'),
(45, 'CX', 'Christmas Island', '61', '', '', ''),
(46, 'CC', 'Cocos (Keeling) Islands', '672', 'Australian dollar', '$', 'AUD'),
(47, 'CO', 'Colombia', '57', 'Colombian peso', '$', 'COP'),
(48, 'KM', 'Comoros', '269', 'Comorian franc', 'Fr', 'KMF'),
(49, 'CG', 'Congo', '242', '', '', ''),
(50, 'CD', 'Congo The Democratic Republic Of The', '242', '', '', ''),
(51, 'CK', 'Cook Islands', '682', 'New Zealand dollar', '$', 'NZD'),
(52, 'CR', 'Costa Rica', '506', 'Costa Rican colón', '₡', 'CRC'),
(53, 'CI', 'Cote D\'Ivoire (Ivory Coast)', '225', '', '', ''),
(54, 'HR', 'Croatia (Hrvatska)', '385', '', '', ''),
(55, 'CU', 'Cuba', '53', 'Cuban convertible pe', '$', 'CUC'),
(56, 'CY', 'Cyprus', '357', 'Euro', '€', 'EUR'),
(57, 'CZ', 'Czech Republic', '420', 'Czech koruna', 'Kč', 'CZK'),
(58, 'DK', 'Denmark', '45', 'Danish krone', 'kr', 'DKK'),
(59, 'DJ', 'Djibouti', '253', 'Djiboutian franc', 'Fr', 'DJF'),
(60, 'DM', 'Dominica', '1767', 'East Caribbean dolla', '$', 'XCD'),
(61, 'DO', 'Dominican Republic', '1809', 'Dominican peso', '$', 'DOP'),
(62, 'TP', 'East Timor', '670', 'United States dollar', '$', 'USD'),
(63, 'EC', 'Ecuador', '593', 'United States dollar', '$', 'USD'),
(64, 'EG', 'Egypt', '20', 'Egyptian pound', '£ or ج.م', 'EGP'),
(65, 'SV', 'El Salvador', '503', 'United States dollar', '$', 'USD'),
(66, 'GQ', 'Equatorial Guinea', '240', 'Central African CFA ', 'Fr', 'XAF'),
(67, 'ER', 'Eritrea', '291', 'Eritrean nakfa', 'Nfk', 'ERN'),
(68, 'EE', 'Estonia', '372', 'Euro', '€', 'EUR'),
(69, 'ET', 'Ethiopia', '251', 'Ethiopian birr', 'Br', 'ETB'),
(70, 'XA', 'External Territories of Australia', '61', '', '', ''),
(71, 'FK', 'Falkland Islands', '500', 'Falkland Islands pou', '£', 'FKP'),
(72, 'FO', 'Faroe Islands', '298', 'Danish krone', 'kr', 'DKK'),
(73, 'FJ', 'Fiji Islands', '679', '', '', ''),
(74, 'FI', 'Finland', '358', 'Euro', '€', 'EUR'),
(75, 'FR', 'France', '33', 'Euro', '€', 'EUR'),
(76, 'GF', 'French Guiana', '594', '', '', ''),
(77, 'PF', 'French Polynesia', '689', 'CFP franc', 'Fr', 'XPF'),
(78, 'TF', 'French Southern Territories', '0', '', '', ''),
(79, 'GA', 'Gabon', '241', 'Central African CFA ', 'Fr', 'XAF'),
(80, 'GM', 'Gambia The', '220', '', '', ''),
(81, 'GE', 'Georgia', '995', 'Georgian lari', 'ლ', 'GEL'),
(82, 'DE', 'Germany', '49', 'Euro', '€', 'EUR'),
(83, 'GH', 'Ghana', '233', 'Ghana cedi', '₵', 'GHS'),
(84, 'GI', 'Gibraltar', '350', 'Gibraltar pound', '£', 'GIP'),
(85, 'GR', 'Greece', '30', 'Euro', '€', 'EUR'),
(86, 'GL', 'Greenland', '299', '', '', ''),
(87, 'GD', 'Grenada', '1473', 'East Caribbean dolla', '$', 'XCD'),
(88, 'GP', 'Guadeloupe', '590', '', '', ''),
(89, 'GU', 'Guam', '1671', '', '', ''),
(90, 'GT', 'Guatemala', '502', 'Guatemalan quetzal', 'Q', 'GTQ'),
(91, 'XU', 'Guernsey and Alderney', '44', '', '', ''),
(92, 'GN', 'Guinea', '224', 'Guinean franc', 'Fr', 'GNF'),
(93, 'GW', 'Guinea-Bissau', '245', 'West African CFA fra', 'Fr', 'XOF'),
(94, 'GY', 'Guyana', '592', 'Guyanese dollar', '$', 'GYD'),
(95, 'HT', 'Haiti', '509', 'Haitian gourde', 'G', 'HTG'),
(96, 'HM', 'Heard and McDonald Islands', '0', '', '', ''),
(97, 'HN', 'Honduras', '504', 'Honduran lempira', 'L', 'HNL'),
(98, 'HK', 'Hong Kong S.A.R.', '852', '', '', ''),
(99, 'HU', 'Hungary', '36', 'Hungarian forint', 'Ft', 'HUF'),
(100, 'IS', 'Iceland', '354', 'Icelandic króna', 'kr', 'ISK'),
(101, 'IN', 'India', '91', 'Indian rupee', '₹', 'INR'),
(102, 'ID', 'Indonesia', '62', 'Indonesian rupiah', 'Rp', 'IDR'),
(103, 'IR', 'Iran', '98', 'Iranian rial', '﷼', 'IRR'),
(104, 'IQ', 'Iraq', '964', 'Iraqi dinar', 'ع.د', 'IQD'),
(105, 'IE', 'Ireland', '353', 'Euro', '€', 'EUR'),
(106, 'IL', 'Israel', '972', 'Israeli new shekel', '₪', 'ILS'),
(107, 'IT', 'Italy', '39', 'Euro', '€', 'EUR'),
(108, 'JM', 'Jamaica', '1876', 'Jamaican dollar', '$', 'JMD'),
(109, 'JP', 'Japan', '81', 'Japanese yen', '¥', 'JPY'),
(110, 'XJ', 'Jersey', '44', 'British pound', '£', 'GBP'),
(111, 'JO', 'Jordan', '962', 'Jordanian dinar', 'د.ا', 'JOD'),
(112, 'KZ', 'Kazakhstan', '7', 'Kazakhstani tenge', '', 'KZT'),
(113, 'KE', 'Kenya', '254', 'Kenyan shilling', 'Sh', 'KES'),
(114, 'KI', 'Kiribati', '686', 'Australian dollar', '$', 'AUD'),
(115, 'KP', 'Korea North', '850', '', '', ''),
(116, 'KR', 'Korea South', '82', '', '', ''),
(117, 'KW', 'Kuwait', '965', 'Kuwaiti dinar', 'د.ك', 'KWD'),
(118, 'KG', 'Kyrgyzstan', '996', 'Kyrgyzstani som', 'лв', 'KGS'),
(119, 'LA', 'Laos', '856', 'Lao kip', '₭', 'LAK'),
(120, 'LV', 'Latvia', '371', 'Euro', '€', 'EUR'),
(121, 'LB', 'Lebanon', '961', 'Lebanese pound', 'ل.ل', 'LBP'),
(122, 'LS', 'Lesotho', '266', 'Lesotho loti', 'L', 'LSL'),
(123, 'LR', 'Liberia', '231', 'Liberian dollar', '$', 'LRD'),
(124, 'LY', 'Libya', '218', 'Libyan dinar', 'ل.د', 'LYD'),
(125, 'LI', 'Liechtenstein', '423', 'Swiss franc', 'Fr', 'CHF'),
(126, 'LT', 'Lithuania', '370', 'Euro', '€', 'EUR'),
(127, 'LU', 'Luxembourg', '352', 'Euro', '€', 'EUR'),
(128, 'MO', 'Macau S.A.R.', '853', '', '', ''),
(129, 'MK', 'Macedonia', '389', '', '', ''),
(130, 'MG', 'Madagascar', '261', 'Malagasy ariary', 'Ar', 'MGA'),
(131, 'MW', 'Malawi', '265', 'Malawian kwacha', 'MK', 'MWK'),
(132, 'MY', 'Malaysia', '60', 'Malaysian ringgit', 'RM', 'MYR'),
(133, 'MV', 'Maldives', '960', 'Maldivian rufiyaa', '.ރ', 'MVR'),
(134, 'ML', 'Mali', '223', 'West African CFA fra', 'Fr', 'XOF'),
(135, 'MT', 'Malta', '356', 'Euro', '€', 'EUR'),
(136, 'XM', 'Man (Isle of)', '44', '', '', ''),
(137, 'MH', 'Marshall Islands', '692', 'United States dollar', '$', 'USD'),
(138, 'MQ', 'Martinique', '596', '', '', ''),
(139, 'MR', 'Mauritania', '222', 'Mauritanian ouguiya', 'UM', 'MRO'),
(140, 'MU', 'Mauritius', '230', 'Mauritian rupee', '₨', 'MUR'),
(141, 'YT', 'Mayotte', '269', '', '', ''),
(142, 'MX', 'Mexico', '52', 'Mexican peso', '$', 'MXN'),
(143, 'FM', 'Micronesia', '691', 'Micronesian dollar', '$', ''),
(144, 'MD', 'Moldova', '373', 'Moldovan leu', 'L', 'MDL'),
(145, 'MC', 'Monaco', '377', 'Euro', '€', 'EUR'),
(146, 'MN', 'Mongolia', '976', 'Mongolian tögrög', '₮', 'MNT'),
(147, 'MS', 'Montserrat', '1664', 'East Caribbean dolla', '$', 'XCD'),
(148, 'MA', 'Morocco', '212', 'Moroccan dirham', 'د.م.', 'MAD'),
(149, 'MZ', 'Mozambique', '258', 'Mozambican metical', 'MT', 'MZN'),
(150, 'MM', 'Myanmar', '95', 'Burmese kyat', 'Ks', 'MMK'),
(151, 'NA', 'Namibia', '264', 'Namibian dollar', '$', 'NAD'),
(152, 'NR', 'Nauru', '674', 'Australian dollar', '$', 'AUD'),
(153, 'NP', 'Nepal', '977', 'Nepalese rupee', '₨', 'NPR'),
(154, 'AN', 'Netherlands Antilles', '599', '', '', ''),
(155, 'NL', 'Netherlands The', '31', '', '', ''),
(156, 'NC', 'New Caledonia', '687', 'CFP franc', 'Fr', 'XPF'),
(157, 'NZ', 'New Zealand', '64', 'New Zealand dollar', '$', 'NZD'),
(158, 'NI', 'Nicaragua', '505', 'Nicaraguan córdoba', 'C$', 'NIO'),
(159, 'NE', 'Niger', '227', 'West African CFA fra', 'Fr', 'XOF'),
(160, 'NG', 'Nigeria', '234', 'Nigerian naira', '₦', 'NGN'),
(161, 'NU', 'Niue', '683', 'New Zealand dollar', '$', 'NZD'),
(162, 'NF', 'Norfolk Island', '672', '', '', ''),
(163, 'MP', 'Northern Mariana Islands', '1670', '', '', ''),
(164, 'NO', 'Norway', '47', 'Norwegian krone', 'kr', 'NOK'),
(165, 'OM', 'Oman', '968', 'Omani rial', 'ر.ع.', 'OMR'),
(166, 'PK', 'Pakistan', '92', 'Pakistani rupee', '₨', 'PKR'),
(167, 'PW', 'Palau', '680', 'Palauan dollar', '$', ''),
(168, 'PS', 'Palestinian Territory Occupied', '970', '', '', ''),
(169, 'PA', 'Panama', '507', 'Panamanian balboa', 'B/.', 'PAB'),
(170, 'PG', 'Papua new Guinea', '675', 'Papua New Guinean ki', 'K', 'PGK'),
(171, 'PY', 'Paraguay', '595', 'Paraguayan guaraní', '₲', 'PYG'),
(172, 'PE', 'Peru', '51', 'Peruvian nuevo sol', 'S/.', 'PEN'),
(173, 'PH', 'Philippines', '63', 'Philippine peso', '₱', 'PHP'),
(174, 'PN', 'Pitcairn Island', '0', '', '', ''),
(175, 'PL', 'Poland', '48', 'Polish złoty', 'zł', 'PLN'),
(176, 'PT', 'Portugal', '351', 'Euro', '€', 'EUR'),
(177, 'PR', 'Puerto Rico', '1787', '', '', ''),
(178, 'QA', 'Qatar', '974', 'Qatari riyal', 'ر.ق', 'QAR'),
(179, 'RE', 'Reunion', '262', '', '', ''),
(180, 'RO', 'Romania', '40', 'Romanian leu', 'lei', 'RON'),
(181, 'RU', 'Russia', '70', 'Russian ruble', '', 'RUB'),
(182, 'RW', 'Rwanda', '250', 'Rwandan franc', 'Fr', 'RWF'),
(183, 'SH', 'Saint Helena', '290', 'Saint Helena pound', '£', 'SHP'),
(184, 'KN', 'Saint Kitts And Nevis', '1869', 'East Caribbean dolla', '$', 'XCD'),
(185, 'LC', 'Saint Lucia', '1758', 'East Caribbean dolla', '$', 'XCD'),
(186, 'PM', 'Saint Pierre and Miquelon', '508', '', '', ''),
(187, 'VC', 'Saint Vincent And The Grenadines', '1784', 'East Caribbean dolla', '$', 'XCD'),
(188, 'WS', 'Samoa', '684', 'Samoan tālā', 'T', 'WST'),
(189, 'SM', 'San Marino', '378', 'Euro', '€', 'EUR'),
(190, 'ST', 'Sao Tome and Principe', '239', 'São Tomé and Príncip', 'Db', 'STD'),
(191, 'SA', 'Saudi Arabia', '966', 'Saudi riyal', 'ر.س', 'SAR'),
(192, 'SN', 'Senegal', '221', 'West African CFA fra', 'Fr', 'XOF'),
(193, 'RS', 'Serbia', '381', 'Serbian dinar', 'дин. or din.', 'RSD'),
(194, 'SC', 'Seychelles', '248', 'Seychellois rupee', '₨', 'SCR'),
(195, 'SL', 'Sierra Leone', '232', 'Sierra Leonean leone', 'Le', 'SLL'),
(196, 'SG', 'Singapore', '65', 'Brunei dollar', '$', 'BND'),
(197, 'SK', 'Slovakia', '421', 'Euro', '€', 'EUR'),
(198, 'SI', 'Slovenia', '386', 'Euro', '€', 'EUR'),
(199, 'XG', 'Smaller Territories of the UK', '44', '', '', ''),
(200, 'SB', 'Solomon Islands', '677', 'Solomon Islands doll', '$', 'SBD'),
(201, 'SO', 'Somalia', '252', 'Somali shilling', 'Sh', 'SOS'),
(202, 'ZA', 'South Africa', '27', 'South African rand', 'R', 'ZAR'),
(203, 'GS', 'South Georgia', '0', '', '', ''),
(204, 'SS', 'South Sudan', '211', 'South Sudanese pound', '£', 'SSP'),
(205, 'ES', 'Spain', '34', 'Euro', '€', 'EUR'),
(206, 'LK', 'Sri Lanka', '94', 'Sri Lankan rupee', 'Rs or රු', 'LKR'),
(207, 'SD', 'Sudan', '249', 'Sudanese pound', 'ج.س.', 'SDG'),
(208, 'SR', 'Suriname', '597', 'Surinamese dollar', '$', 'SRD'),
(209, 'SJ', 'Svalbard And Jan Mayen Islands', '47', '', '', ''),
(210, 'SZ', 'Swaziland', '268', 'Swazi lilangeni', 'L', 'SZL'),
(211, 'SE', 'Sweden', '46', 'Swedish krona', 'kr', 'SEK'),
(212, 'CH', 'Switzerland', '41', 'Swiss franc', 'Fr', 'CHF'),
(213, 'SY', 'Syria', '963', 'Syrian pound', '£ or ل.س', 'SYP'),
(214, 'TW', 'Taiwan', '886', 'New Taiwan dollar', '$', 'TWD'),
(215, 'TJ', 'Tajikistan', '992', 'Tajikistani somoni', 'ЅМ', 'TJS'),
(216, 'TZ', 'Tanzania', '255', 'Tanzanian shilling', 'Sh', 'TZS'),
(217, 'TH', 'Thailand', '66', 'Thai baht', '฿', 'THB'),
(218, 'TG', 'Togo', '228', 'West African CFA fra', 'Fr', 'XOF'),
(219, 'TK', 'Tokelau', '690', '', '', ''),
(220, 'TO', 'Tonga', '676', 'Tongan paʻanga', 'T$', 'TOP'),
(221, 'TT', 'Trinidad And Tobago', '1868', 'Trinidad and Tobago ', '$', 'TTD'),
(222, 'TN', 'Tunisia', '216', 'Tunisian dinar', 'د.ت', 'TND'),
(223, 'TR', 'Turkey', '90', 'Turkish lira', '', 'TRY'),
(224, 'TM', 'Turkmenistan', '7370', 'Turkmenistan manat', 'm', 'TMT'),
(225, 'TC', 'Turks And Caicos Islands', '1649', 'United States dollar', '$', 'USD'),
(226, 'TV', 'Tuvalu', '688', 'Australian dollar', '$', 'AUD'),
(227, 'UG', 'Uganda', '256', 'Ugandan shilling', 'Sh', 'UGX'),
(228, 'UA', 'Ukraine', '380', 'Ukrainian hryvnia', '₴', 'UAH'),
(229, 'AE', 'United Arab Emirates', '971', 'United Arab Emirates', 'د.إ', 'AED'),
(230, 'GB', 'United Kingdom', '44', 'British pound', '£', 'GBP'),
(231, 'US', 'United States', '1', 'United States dollar', '$', 'USD'),
(232, 'UM', 'United States Minor Outlying Islands', '1', '', '', ''),
(233, 'UY', 'Uruguay', '598', 'Uruguayan peso', '$', 'UYU'),
(234, 'UZ', 'Uzbekistan', '998', 'Uzbekistani som', '', 'UZS'),
(235, 'VU', 'Vanuatu', '678', 'Vanuatu vatu', 'Vt', 'VUV'),
(236, 'VA', 'Vatican City State (Holy See)', '39', '', '', ''),
(237, 'VE', 'Venezuela', '58', 'Venezuelan bolívar', 'Bs F', 'VEF'),
(238, 'VN', 'Vietnam', '84', 'Vietnamese đồng', '₫', 'VND'),
(239, 'VG', 'Virgin Islands (British)', '1284', '', '', ''),
(240, 'VI', 'Virgin Islands (US)', '1340', '', '', ''),
(241, 'WF', 'Wallis And Futuna Islands', '681', '', '', ''),
(242, 'EH', 'Western Sahara', '212', '', '', ''),
(243, 'YE', 'Yemen', '967', 'Yemeni rial', '﷼', 'YER'),
(244, 'YU', 'Yugoslavia', '38', '', '', ''),
(245, 'ZM', 'Zambia', '260', 'Zambian kwacha', 'ZK', 'ZMW'),
(246, 'ZW', 'Zimbabwe', '263', 'Botswana pula', 'P', 'BWP');

-- --------------------------------------------------------

--
-- Table structure for table `delivery_charge`
--

CREATE TABLE `delivery_charge` (
  `charge_id` int(11) NOT NULL,
  `area_name` varchar(255) DEFAULT NULL,
  `restaurant_id` int(11) DEFAULT NULL,
  `lat_long` text DEFAULT NULL,
  `price_charge` decimal(20,2) DEFAULT NULL,
  `created_by` int(11) DEFAULT NULL,
  `created_date` timestamp NULL DEFAULT current_timestamp(),
  `updated_by` int(11) DEFAULT NULL,
  `updated_date` datetime DEFAULT NULL
) ENGINE=InnoDB DEFAULT CHARSET=latin1;

--
-- Dumping data for table `delivery_charge`
--

INSERT INTO `delivery_charge` (`charge_id`, `area_name`, `restaurant_id`, `lat_long`, `price_charge`, `created_by`, `created_date`, `updated_by`, `updated_date`) VALUES
(13, 'World', 1, '[12.90134,152.44852]~[-38.34926,164.98585]~[-52.81687,98.07006]~[-63.25642,-54.04278]~[-51.11796,-97.87437]~[-3.26752,-111.47158]~[66.02206,-167.57163]~[71.90457,-103.86385]~[66.56308,-42.26544]~[69.74047,115.20873]~[69.25808,169.69446]~[46.27952,152.46144]', '22.00', 1, '2020-04-09 15:09:14', NULL, NULL),
(14, 'World', 27, '[-55.09497,25.71024]~[-59.86076,-76.6384]~[57.30789,-129.41672]~[73.63345,-97.34694]~[75.69066,-31.52716]~[65.8557,130.26918]~[42.42941,163.74521]~[-2.34304,169.87695]~[-42.25609,158.07901]', '20.00', 1, '2020-04-10 06:49:11', NULL, NULL),
(15, 'World', 28, '[-54.92487,80.99344]~[-45.73794,-174.55267]~[-15.79903,166.85434]~[54.71421,136.69962]~[55.66122,48.3613]~[54.80296,-24.15671]~[57.70626,-158.13498]~[-2.76353,-120.19369]~[-58.39964,-71.00241]', '20.00', 1, '2020-04-10 06:52:09', 1, '2020-04-21 12:20:44'),
(18, 'World', 38, '[-89.99466,10.5958]~[-89.99982,-155.2442]~[-89.91251,27.32626]~[-89.94089,124.42978]', '15.00', 1, '2020-04-21 07:35:36', NULL, NULL),
(19, 'India', 35, '[-84.94612,20.47044]~[-84.70099,-14.58933]~[62.80149,-110.79197]~[32.64303,-39.65605]~[-84.88591,34.29236]', '15.00', 1, '2020-04-21 13:32:20', 1, '2020-05-28 12:57:37'),
(22, 'm,huj', 30, '[40.68218,-73.96124]~[40.69702,-73.93772]~[40.68322,-73.90802]~[40.65614,-73.93429]', '10.00', 1, '2020-06-11 09:45:49', NULL, NULL);

-- --------------------------------------------------------

--
-- Table structure for table `driver_traking_map`
--

CREATE TABLE `driver_traking_map` (
  `traking_id` int(11) NOT NULL,
  `driver_id` int(11) NOT NULL,
  `latitude` varchar(30) DEFAULT NULL,
  `longitude` varchar(30) DEFAULT NULL,
  `created_date` timestamp NOT NULL DEFAULT current_timestamp()
) ENGINE=InnoDB DEFAULT CHARSET=latin1;

--
-- Dumping data for table `driver_traking_map`
--

INSERT INTO `driver_traking_map` (`traking_id`, `driver_id`, `latitude`, `longitude`, `created_date`) VALUES
(1, 167, '23.0752082', '72.52555248', '2019-12-02 06:23:50'),
(2, 167, '23.0752082', '72.525485', '2019-12-02 06:23:52'),
(3, 167, '23.07522683', '72.52549343', '2019-12-02 14:20:52'),
(4, 167, '23.0752072', '72.5254833', '2019-12-02 14:20:54'),
(5, 167, '23.0752082', '72.5254844', '2019-12-02 14:46:55'),
(6, 167, '23.0752077', '72.5254838', '2019-12-02 14:46:58'),
(7, 167, '23.0752078', '72.5254837', '2019-12-02 14:47:27'),
(8, 167, '23.0752075', '72.5254836', '2019-12-02 14:51:05'),
(9, 167, '23.0752105', '72.5254753', '2019-12-02 14:52:35'),
(10, 167, '23.0752079', '72.5254836', '2019-12-02 14:52:43'),
(11, 167, '23.0752086', '72.5254834', '2019-12-02 14:53:01'),
(12, 167, '23.0752088', '72.5254836', '2019-12-02 14:53:14'),
(13, 167, '23.0752072', '72.5254846', '2019-12-02 14:53:19'),
(14, 167, '23.07522707', '72.52546423', '2019-12-02 14:53:45'),
(15, 167, '23.0752077', '72.5254843', '2019-12-02 14:57:53'),
(16, 167, '23.0752093', '72.5254875', '2019-12-02 14:57:58'),
(17, 167, '23.0752082', '72.5254832', '2019-12-02 14:58:21'),
(18, 167, '23.0752082', '72.5254832', '2019-12-02 14:58:21'),
(19, 167, '23.07523105', '72.52547617', '2019-12-02 14:58:22'),
(20, 167, '23.0752076', '72.5254836', '2019-12-02 14:59:44'),
(21, 167, '23.0752076', '72.5254838', '2019-12-02 15:01:48'),
(22, 167, '23.0752082', '72.5254848', '2019-12-02 15:03:08'),
(23, 167, '23.0752076', '72.5254836', '2019-12-02 15:03:10'),
(24, 167, '23.07523056', '72.5254763', '2019-12-02 15:03:26'),
(25, 167, '23.0752077', '72.5254838', '2019-12-02 15:04:02'),
(26, 167, '23.0752077', '72.5254838', '2019-12-02 15:04:02'),
(27, 167, '23.0752101', '72.5254884', '2019-12-02 15:06:57'),
(28, 167, '23.0752103', '72.5254885', '2019-12-02 15:07:15'),
(29, 167, '23.0752079', '72.5254835', '2019-12-02 15:07:25'),
(30, 167, '23.0752089', '72.525489', '2019-12-02 15:07:45'),
(31, 167, '23.0752079', '72.5254837', '2019-12-02 15:07:59'),
(32, 167, '23.0752075', '72.5254846', '2019-12-02 15:08:41'),
(33, 167, '23.0752074', '72.5254842', '2019-12-02 15:09:54'),
(34, 167, '23.0751997', '72.5254879', '2019-12-02 15:10:18'),
(35, 167, '23.0752011', '72.5254956', '2019-12-02 15:10:30'),
(36, 167, '23.0752076', '72.5254842', '2019-12-02 15:11:25'),
(37, 167, '23.0752077', '72.5254839', '2019-12-02 15:11:28'),
(38, 167, '23.07523072', '72.52551422', '2019-12-02 15:11:43'),
(39, 167, '23.075316666667', '72.525536666667', '2019-12-03 06:12:44'),
(40, 167, '23.0751956', '72.5255028', '2019-12-03 06:12:46'),
(41, 167, '23.0751894', '72.5254978', '2019-12-03 06:16:00'),
(42, 167, '23.0752088', '72.5254829', '2019-12-03 06:16:13'),
(43, 167, '23.0751894', '72.5254978', '2019-12-03 06:16:15'),
(44, 167, '23.0751969', '72.5254881', '2019-12-03 06:18:35'),
(45, 167, '23.0751969', '72.5254881', '2019-12-03 06:18:35'),
(46, 166, '23.7020997', '90.426903', '2019-12-16 11:42:29'),
(47, 167, '72.5323023', '23.0695746', '2019-12-16 15:24:29'),
(48, 167, '23.0752142', '72.5254977', '2019-12-18 05:53:19'),
(49, 167, '23.0752033', '72.5254981', '2019-12-18 05:53:20'),
(50, 167, '23.0752146', '72.5254977', '2019-12-18 05:54:15'),
(51, 167, '23.0752165', '72.5255039', '2019-12-18 05:55:30'),
(52, 167, '23.0752143', '72.5254975', '2019-12-18 06:07:03'),
(53, 167, '23.0752146', '72.5254975', '2019-12-18 06:07:12'),
(54, 167, '23.0752148', '72.525498', '2019-12-18 06:07:35'),
(55, 167, '23.0752147', '72.5254974', '2019-12-18 06:08:07'),
(56, 167, '23.0752136', '72.5254975', '2019-12-18 06:09:41'),
(57, 167, '23.0752133', '72.5254992', '2019-12-18 06:20:21'),
(58, 167, '23.0752148', '72.5254975', '2019-12-18 06:21:35'),
(59, 167, '23.0752144', '72.5254978', '2019-12-18 06:21:49'),
(60, 167, '23.0752143', '72.5254986', '2019-12-18 06:23:50'),
(61, 167, '23.0752149', '72.5254976', '2019-12-18 06:31:12'),
(62, 167, '23.0752141', '72.5254976', '2019-12-18 06:31:41'),
(63, 167, '23.0752171', '72.5254963', '2019-12-18 06:32:18'),
(64, 167, '23.0752153', '72.5254977', '2019-12-18 06:35:48'),
(65, 167, '23.0752151', '72.5254977', '2019-12-18 06:36:29'),
(66, 167, '23.075215', '72.5254966', '2019-12-18 06:39:26'),
(67, 167, '23.075214', '72.5254985', '2019-12-18 06:39:41'),
(68, 167, '23.075214', '72.5254985', '2019-12-18 06:39:41'),
(69, 167, '23.075214', '72.5254985', '2019-12-18 06:39:41'),
(70, 167, '23.075214', '72.5254985', '2019-12-18 06:39:47'),
(71, 167, '23.075214', '72.5254985', '2019-12-18 06:40:02'),
(72, 167, '23.0752142', '72.5254967', '2019-12-18 06:44:57'),
(73, 167, '23.0752023', '72.5254994', '2019-12-18 06:45:07'),
(74, 167, '23.0752023', '72.5254994', '2019-12-18 06:45:07'),
(75, 167, '23.0752023', '72.5254994', '2019-12-18 06:45:07'),
(76, 167, '23.0752153', '72.5254977', '2019-12-18 06:45:21'),
(77, 167, '23.075403571129', '72.525456547737', '2019-12-18 06:45:25'),
(78, 167, '23.0752145', '72.5254979', '2019-12-18 06:46:35'),
(79, 167, '23.0752023', '72.5254994', '2019-12-18 06:46:36'),
(80, 167, '23.0752028', '72.5254972', '2019-12-18 06:46:55'),
(81, 167, '23.0752028', '72.5254972', '2019-12-18 06:46:56'),
(82, 167, '23.0752028', '72.5254972', '2019-12-18 06:47:02'),
(83, 167, '23.0752151', '72.5254977', '2019-12-18 06:47:11'),
(84, 167, '23.0752151', '72.5254977', '2019-12-18 06:47:11'),
(85, 167, '23.0752151', '72.5254977', '2019-12-18 06:47:33'),
(86, 167, '23.0752153', '72.5254985', '2019-12-18 06:49:16'),
(87, 167, '23.0752019', '72.5254974', '2019-12-18 06:49:33'),
(88, 167, '23.0752149', '72.5254965', '2019-12-18 06:49:33'),
(89, 167, '23.0752149', '72.5254965', '2019-12-18 06:49:33'),
(90, 167, '23.0752149', '72.5254965', '2019-12-18 06:49:34'),
(91, 167, '23.0752149', '72.5254965', '2019-12-18 06:49:34'),
(92, 167, '23.0752149', '72.5254965', '2019-12-18 06:49:34'),
(93, 167, '23.0752146', '72.525497', '2019-12-18 06:50:03'),
(94, 167, '23.0752147', '72.525497', '2019-12-18 06:50:24'),
(95, 167, '23.0752146', '72.525497', '2019-12-18 06:50:38'),
(96, 167, '23.0752142', '72.5254973', '2019-12-18 06:54:55'),
(97, 167, '23.0752147', '72.5254982', '2019-12-18 06:55:56'),
(98, 167, '23.0752142', '72.5254969', '2019-12-18 06:55:57'),
(99, 167, '23.0752143', '72.5254967', '2019-12-18 06:57:51'),
(100, 167, '23.0752019', '72.5254974', '2019-12-18 06:58:34'),
(101, 167, '23.0752155', '72.5254972', '2019-12-18 06:58:48'),
(102, 167, '23.0752146', '72.5254968', '2019-12-18 07:00:52'),
(103, 167, '23.0752148', '72.5254976', '2019-12-18 07:01:56'),
(104, 167, '23.0752144', '72.5254982', '2019-12-18 07:02:07'),
(105, 167, '23.0752146', '72.525497', '2019-12-18 07:03:05'),
(106, 167, '23.0752152', '72.5254972', '2019-12-18 07:03:06'),
(107, 167, '23.0752152', '72.5254972', '2019-12-18 07:03:06'),
(108, 167, '23.0752148', '72.5254966', '2019-12-18 07:03:26'),
(109, 167, '23.0752148', '72.5254966', '2019-12-18 07:03:26'),
(110, 167, '23.0752146', '72.525497', '2019-12-18 07:03:38'),
(111, 167, '23.0752149', '72.525497', '2019-12-18 07:04:39'),
(112, 167, '23.0752138', '72.5254966', '2019-12-18 07:05:19'),
(113, 167, '23.0752155', '72.5254982', '2019-12-18 07:05:20'),
(114, 167, '23.0752158', '72.5254983', '2019-12-18 07:08:31'),
(115, 167, '23.0752139', '72.5254976', '2019-12-18 07:09:15'),
(116, 167, '23.0752025', '72.5254989', '2019-12-18 07:09:26'),
(117, 167, '23.0752151', '72.5254973', '2019-12-18 07:09:47'),
(118, 167, '23.0752151', '72.5254973', '2019-12-18 07:09:47'),
(119, 167, '23.0752142', '72.5254982', '2019-12-18 07:10:07'),
(120, 167, '23.0752153', '72.5254977', '2019-12-18 07:10:19'),
(121, 167, '23.075214', '72.5254969', '2019-12-18 07:10:39'),
(122, 167, '23.0752148', '72.5254975', '2019-12-18 07:12:58'),
(123, 167, '23.0752148', '72.5254964', '2019-12-18 07:14:02'),
(124, 167, '23.0752019', '72.5254974', '2019-12-18 07:14:14'),
(125, 167, '23.0752149', '72.5254967', '2019-12-18 07:14:24'),
(126, 167, '23.075215', '72.5254969', '2019-12-18 07:14:47'),
(127, 167, '23.0752148', '72.525497', '2019-12-18 07:14:48'),
(128, 167, '23.0752145', '72.5254974', '2019-12-18 07:15:08'),
(129, 167, '23.0752136', '72.5254978', '2019-12-18 07:21:44'),
(130, 167, '23.07493686676', '72.525730133057', '2019-12-18 07:23:49'),
(131, 167, '23.0752144', '72.5254988', '2019-12-18 07:23:50'),
(132, 167, '23.0752137', '72.5254976', '2019-12-18 07:24:11'),
(133, 167, '23.0752137', '72.5254976', '2019-12-18 07:24:12'),
(134, 167, '23.0752152', '72.5254973', '2019-12-18 07:24:28'),
(135, 167, '23.0752158', '72.5254979', '2019-12-18 07:24:41'),
(136, 167, '23.075203', '72.5254967', '2019-12-18 07:26:22'),
(137, 167, '23.0752153', '72.5254969', '2019-12-18 07:26:34'),
(138, 167, '23.075214', '72.5254967', '2019-12-18 07:26:34'),
(139, 167, '23.074952960014', '72.525724768639', '2019-12-18 07:26:47'),
(140, 167, '23.0752144', '72.5254979', '2019-12-18 07:27:13'),
(141, 167, '23.0752021', '72.5254979', '2019-12-18 07:27:35'),
(142, 167, '23.0752146', '72.5254976', '2019-12-18 07:30:19'),
(143, 167, '23.0752147', '72.525498', '2019-12-18 07:30:28'),
(144, 167, '23.0752148', '72.5254974', '2019-12-18 07:31:01'),
(145, 167, '23.0752329', '72.5255119', '2019-12-18 07:33:56'),
(146, 167, '23.0752162', '72.5254994', '2019-12-18 07:34:10'),
(147, 167, '23.075215', '72.5254966', '2019-12-18 07:34:19'),
(148, 167, '23.0752151', '72.5254956', '2019-12-18 07:34:39'),
(149, 167, '23.0752022', '72.525497', '2019-12-18 07:34:54'),
(150, 167, '23.07506947', '72.52564015', '2019-12-18 07:41:26'),
(151, 167, '23.0752149', '72.5254966', '2019-12-18 07:41:27'),
(152, 167, '23.0752147', '72.5254977', '2019-12-18 07:41:48'),
(153, 167, '23.07506947', '72.52564015', '2019-12-18 07:42:52'),
(154, 167, '23.075214', '72.5254985', '2019-12-18 07:42:53'),
(155, 167, '23.0752148', '72.5254985', '2019-12-18 07:43:15'),
(156, 167, '23.07506947', '72.52564015', '2019-12-18 07:43:57'),
(157, 167, '23.0752154', '72.5254982', '2019-12-18 07:43:58'),
(158, 167, '23.0752146', '72.5254983', '2019-12-18 07:44:09'),
(159, 167, '23.07506947', '72.52564015', '2019-12-18 07:45:44'),
(160, 167, '23.0752149', '72.5254982', '2019-12-18 07:45:46'),
(161, 167, '23.0752145', '72.5254985', '2019-12-18 07:46:06'),
(162, 167, '23.07506947', '72.52564015', '2019-12-18 07:46:52'),
(163, 167, '23.0752188', '72.5255064', '2019-12-18 07:46:53'),
(164, 167, '23.0752145', '72.5254974', '2019-12-18 07:47:14'),
(165, 167, '23.07506947', '72.52564015', '2019-12-18 08:17:33'),
(166, 167, '23.0752019', '72.5254981', '2019-12-18 08:17:34'),
(167, 167, '23.0752141', '72.525497', '2019-12-18 08:17:55'),
(168, 167, '23.075215', '72.5254977', '2019-12-18 08:22:20'),
(169, 167, '23.0752147', '72.5254981', '2019-12-18 08:33:21'),
(170, 167, '23.0752145', '72.5254985', '2019-12-18 08:33:41'),
(171, 167, '23.07506947', '72.52564015', '2019-12-18 08:47:38'),
(172, 167, '23.0752147', '72.525499', '2019-12-18 08:47:39'),
(173, 167, '23.0752138', '72.5254973', '2019-12-18 08:49:12'),
(174, 167, '23.0752147', '72.5254986', '2019-12-18 08:49:58'),
(175, 167, '23.0752145', '72.5254978', '2019-12-18 08:50:54'),
(176, 167, '23.0752144', '72.5254966', '2019-12-18 09:11:33'),
(177, 167, '23.0752139', '72.5254973', '2019-12-18 09:14:12'),
(178, 167, '23.0752143', '72.525497', '2019-12-18 09:14:33'),
(179, 167, '23.0752145', '72.5254973', '2019-12-18 09:14:53'),
(180, 167, '23.075214', '72.5254969', '2019-12-18 09:15:26'),
(181, 167, '23.0752145', '72.5254971', '2019-12-18 09:15:37'),
(182, 167, '23.0752143', '72.5254977', '2019-12-18 09:21:21'),
(183, 167, '23.0752141', '72.5254976', '2019-12-18 09:21:41'),
(184, 167, '23.0752146', '72.525497', '2019-12-18 09:24:01'),
(185, 167, '23.0752147', '72.5254964', '2019-12-18 09:24:21'),
(186, 167, '23.0752141', '72.5254968', '2019-12-18 09:25:31'),
(187, 167, '23.0752142', '72.5254976', '2019-12-18 09:27:22'),
(188, 167, '23.07506947', '72.52564015', '2019-12-18 09:28:15'),
(189, 167, '23.0752149', '72.5254974', '2019-12-18 09:28:17'),
(190, 167, '23.07506947', '72.52564015', '2019-12-18 09:28:54'),
(191, 167, '23.0752155', '72.5254983', '2019-12-18 09:28:55'),
(192, 167, '23.0752147', '72.525497', '2019-12-18 09:29:12'),
(193, 167, '23.0752133', '72.5254975', '2019-12-18 09:29:32'),
(194, 167, '23.0752145', '72.5254976', '2019-12-18 09:29:53'),
(195, 167, '23.0752134', '72.5254973', '2019-12-18 09:30:01'),
(196, 167, '23.0752154', '72.5254972', '2019-12-18 09:30:45'),
(197, 167, '23.0752143', '72.5254964', '2019-12-18 09:31:05'),
(198, 167, '23.07506947', '72.52564015', '2019-12-18 09:32:55'),
(199, 167, '23.0752166', '72.5255094', '2019-12-18 09:32:56'),
(200, 167, '23.0752144', '72.5254969', '2019-12-18 09:33:10'),
(201, 167, '23.0752159', '72.525497', '2019-12-18 09:34:58'),
(202, 167, '23.0752146', '72.5254976', '2019-12-18 09:35:14'),
(203, 167, '23.0752141', '72.5254978', '2019-12-18 09:36:06'),
(204, 167, '23.0752024', '72.5255058', '2019-12-18 09:36:35'),
(205, 167, '23.0752142', '72.5254981', '2019-12-18 09:37:40'),
(206, 167, '23.0752142', '72.5254975', '2019-12-18 09:38:31'),
(207, 167, '23.0752144', '72.5254983', '2019-12-18 09:39:45'),
(208, 167, '23.0752142', '72.5254972', '2019-12-18 09:40:19'),
(209, 167, '23.0752134', '72.5254991', '2019-12-18 09:41:03'),
(210, 167, '23.0752146', '72.44983', '2019-12-18 09:41:12'),
(211, 167, '23.0752144', '72.5254968', '2019-12-18 09:41:43'),
(212, 167, '23.0752142', '72.5254963', '2019-12-18 09:41:51'),
(213, 167, '23.0752144', '72.5254979', '2019-12-18 09:45:36'),
(214, 167, '23.0752142', '72.5254968', '2019-12-18 09:51:08'),
(215, 167, '23.0752153', '72.5254973', '2019-12-18 09:51:17'),
(216, 167, '23.075215', '72.5254984', '2019-12-18 09:51:28'),
(217, 167, '23.0752138', '72.5254978', '2019-12-18 09:51:37'),
(218, 167, '23.075214', '72.5254974', '2019-12-18 09:52:42'),
(219, 167, '23.0752147', '72.5254977', '2019-12-18 09:52:51'),
(220, 167, '23.0752138', '72.5254969', '2019-12-18 09:53:21'),
(221, 167, '23.0752144', '72.525496', '2019-12-18 09:53:48'),
(222, 167, '23.0752155', '72.5254979', '2019-12-18 09:54:15'),
(223, 167, '23.0752154', '72.5254974', '2019-12-18 09:54:40'),
(224, 167, '23.0752149', '72.5254974', '2019-12-18 10:42:45'),
(225, 167, '23.0752147', '72.5254965', '2019-12-18 10:42:54'),
(226, 167, '23.0752024', '72.5254979', '2019-12-18 10:43:03'),
(227, 167, '23.0752144', '72.5254981', '2019-12-18 10:43:13'),
(228, 167, '23.0752024', '72.5254965', '2019-12-18 10:43:22'),
(229, 167, '23.0751876', '72.5254977', '2019-12-18 10:44:22'),
(230, 167, '23.0752021', '72.5254976', '2019-12-18 10:44:44'),
(231, 167, '23.0752137', '72.5254975', '2019-12-18 10:44:54'),
(232, 167, '23.075202', '72.5254979', '2019-12-18 10:45:40'),
(233, 167, '23.0752152', '72.5254968', '2019-12-18 10:46:00'),
(234, 167, '23.0752153', '72.5254976', '2019-12-18 10:47:31'),
(235, 167, '23.0752142', '72.5254974', '2019-12-18 10:52:36'),
(236, 167, '23.0752147', '72.5255019', '2019-12-18 10:52:46'),
(237, 167, '23.0752182', '72.5255071', '2019-12-18 10:53:34'),
(238, 167, '23.0752143', '72.5254968', '2019-12-18 10:54:27'),
(239, 167, '23.0752023', '72.5254983', '2019-12-18 10:55:06'),
(240, 167, '23.0752142', '72.5254974', '2019-12-18 10:55:21'),
(241, 167, '23.0752141', '72.5254974', '2019-12-18 10:55:30'),
(242, 167, '23.0752087', '72.5254857', '2019-12-18 10:56:13'),
(243, 167, '23.0752161', '72.525499', '2019-12-18 10:56:30'),
(244, 167, '23.0752181', '72.5255066', '2019-12-18 10:56:45'),
(245, 167, '23.0752146', '72.5254961', '2019-12-18 10:57:00'),
(246, 167, '23.0752149', '72.5254959', '2019-12-18 10:57:10'),
(247, 167, '23.0752009', '72.5254968', '2019-12-18 10:57:25'),
(248, 167, '23.07552781', '72.5253544', '2019-12-18 11:00:46'),
(249, 167, '23.075215', '72.5254974', '2019-12-18 11:00:47'),
(250, 167, '23.075215', '72.5254975', '2019-12-18 11:01:06'),
(251, 167, '23.0752145', '72.5254977', '2019-12-18 11:01:14'),
(252, 167, '23.07552781', '72.5253544', '2019-12-18 11:02:58'),
(253, 167, '23.0752155', '72.5254977', '2019-12-18 11:03:00'),
(254, 167, '23.0752154', '72.5254973', '2019-12-18 11:04:34'),
(255, 167, '23.07552781', '72.5253544', '2019-12-18 11:05:25'),
(256, 167, '23.0752146', '72.5254976', '2019-12-18 11:05:26'),
(257, 167, '23.0752131', '72.5254985', '2019-12-18 11:06:10'),
(258, 167, '23.075214', '72.5254973', '2019-12-18 11:06:30'),
(259, 167, '23.0752154', '72.5254962', '2019-12-18 11:07:23'),
(260, 167, '23.0752142', '72.5254976', '2019-12-18 11:07:46'),
(261, 167, '23.0752147', '72.5254968', '2019-12-18 11:08:16'),
(262, 167, '23.0752149', '72.5254975', '2019-12-18 11:08:25'),
(263, 167, '23.0752163', '72.5254967', '2019-12-18 11:08:41'),
(264, 167, '23.07552781', '72.5253544', '2019-12-18 11:18:42'),
(265, 167, '23.0752159', '72.5255028', '2019-12-18 11:19:08'),
(266, 167, '23.07552781', '72.5253544', '2019-12-18 11:19:51'),
(267, 167, '23.0752143', '72.5254989', '2019-12-18 11:19:52'),
(268, 167, '23.0752142', '72.5254986', '2019-12-18 11:20:01'),
(269, 167, '23.0752145', '72.5254978', '2019-12-18 11:20:12'),
(270, 167, '23.0752142', '72.5254982', '2019-12-18 11:25:19'),
(271, 167, '23.075215', '72.5254987', '2019-12-18 11:48:27'),
(272, 167, '23.0752142', '72.5254974', '2019-12-18 12:02:38'),
(273, 167, '23.0752153', '72.5254977', '2019-12-18 12:04:19'),
(274, 167, '23.0752146', '72.5254977', '2019-12-18 12:05:30'),
(275, 167, '23.0752136', '72.44444969', '2019-12-18 12:11:16'),
(276, 167, '23.0752151', '72.5255048', '2019-12-18 12:11:36'),
(277, 167, '23.07552781', '72.5253544', '2019-12-18 12:29:53'),
(278, 167, '23.0752142', '72.5254977', '2019-12-18 12:29:55'),
(279, 167, '23.0752152', '72.5254994', '2019-12-18 12:30:03'),
(280, 167, '23.0752142', '72.5254968', '2019-12-18 12:30:23'),
(281, 167, '23.0752142', '72.5254968', '2019-12-18 12:30:24'),
(282, 167, '23.0752135', '72.5254979', '2019-12-18 12:30:43'),
(283, 167, '23.0752135', '72.5254979', '2019-12-18 12:30:43'),
(284, 167, '23.07552781', '72.5253544', '2019-12-18 12:31:24'),
(285, 167, '23.0752144', '72.5254969', '2019-12-18 12:31:38'),
(286, 167, '23.0752145', '72.5254968', '2019-12-18 12:32:22'),
(287, 167, '23.075243333333', '72.525401666667', '2019-12-18 13:08:00'),
(288, 167, '23.0752164', '72.5255029', '2019-12-18 13:08:03'),
(289, 167, '23.075202', '72.5255147', '2019-12-18 13:08:22'),
(290, 167, '23.0751911', '72.5255095', '2019-12-18 13:19:16'),
(291, 167, '23.0752175', '72.5255095', '2019-12-18 13:47:28'),
(292, 167, '23.07512', '72.525485', '2019-12-18 13:47:40'),
(293, 167, '23.0752226', '72.5255242', '2019-12-18 13:47:40'),
(294, 167, '23.075241666667', '72.525538333333', '2019-12-18 13:47:54'),
(295, 167, '23.075293333333', '72.525531666667', '2019-12-18 13:48:04'),
(296, 167, '23.075425', '72.525591666667', '2019-12-18 13:48:14'),
(297, 167, '23.075601666667', '72.525636666667', '2019-12-18 13:48:24'),
(298, 167, '23.075723333333', '72.525603333333', '2019-12-18 13:48:34'),
(299, 167, '23.075906666667', '72.525538333333', '2019-12-18 13:48:44'),
(300, 167, '23.075226', '72.5255131', '2019-12-18 13:54:40'),
(301, 167, '23.0752173', '72.525501', '2019-12-18 14:02:40'),
(302, 167, '23.07531', '72.52548', '2019-12-18 14:02:48'),
(303, 167, '23.0752226', '72.5255242', '2019-12-18 14:02:50'),
(304, 167, '23.0752155', '72.5254971', '2019-12-18 14:03:51'),
(305, 167, '23.0752173', '72.5255004', '2019-12-18 14:04:32'),
(306, 167, '23.0752139', '72.5254969', '2019-12-19 06:22:00'),
(307, 167, '23.0752145', '72.5254967', '2019-12-19 06:22:11'),
(308, 167, '23.0752158', '72.5254971', '2019-12-19 06:22:28'),
(309, 167, '23.0752138', '72.5254971', '2019-12-19 13:15:43'),
(310, 167, '23.0752138', '72.5254971', '2019-12-19 13:15:44'),
(311, 167, '23.075779080391', '72.52525806427', '2019-12-19 13:15:51'),
(312, 167, '23.0752144', '72.5254976', '2019-12-19 13:15:54'),
(313, 167, '23.075682520866', '72.525322437286', '2019-12-19 13:16:04'),
(314, 167, '23.075408935547', '72.525526285172', '2019-12-19 13:16:14'),
(315, 167, '23.075467944145', '72.525429725647', '2019-12-19 13:16:24'),
(316, 167, '23.0752147', '72.5254978', '2019-12-19 13:35:38'),
(317, 167, '23.0752143', '72.5254962', '2019-12-19 13:36:01'),
(318, 167, '23.0752144', '72.5254976', '2019-12-19 13:36:14'),
(319, 167, '23.0752151', '72.5254973', '2019-12-19 13:36:41'),
(320, 167, '23.075215', '72.5254973', '2019-12-19 13:37:55'),
(321, 167, '23.0752158', '72.5254985', '2019-12-19 13:38:12'),
(322, 167, '23.0752157', '72.5254978', '2019-12-19 13:38:22'),
(323, 167, '23.075634241104', '72.525359988213', '2019-12-23 06:29:05'),
(324, 167, '23.0752027', '72.5254978', '2019-12-23 06:29:07'),
(325, 167, '23.0752137', '72.5254976', '2019-12-23 06:29:27'),
(326, 167, '23.0752028', '72.5254974', '2019-12-23 06:29:47'),
(327, 167, '23.0752028', '72.5254974', '2019-12-23 06:29:47'),
(328, 167, '23.0752032', '72.5254974', '2019-12-23 06:30:07'),
(329, 167, '23.0752032', '72.5254974', '2019-12-23 06:30:07'),
(330, 167, '23.0752137', '72.5254968', '2019-12-23 06:30:27'),
(331, 167, '23.0752135', '72.5254965', '2019-12-23 06:35:38'),
(332, 167, '23.0752142', '72.5254966', '2019-12-23 06:37:50'),
(333, 167, '23.0752137', '72.5254967', '2019-12-23 06:39:53'),
(334, 167, '23.0752139', '72.5254979', '2019-12-23 06:40:03'),
(335, 167, '23.0752133', '72.525498', '2019-12-23 06:40:14'),
(336, 167, '23.0752145', '72.5254976', '2019-12-23 06:40:30'),
(337, 167, '23.0752026', '72.5254979', '2019-12-23 06:41:19'),
(338, 167, '23.0751876', '72.5254977', '2019-12-23 06:41:31'),
(339, 167, '23.0752146', '72.5254977', '2019-12-23 06:41:32'),
(340, 167, '23.074561357498', '72.525488734245', '2019-12-23 06:41:50'),
(341, 167, '23.07560595', '72.5253779', '2019-12-23 06:42:37'),
(342, 167, '23.0752136', '72.5254975', '2019-12-23 06:43:05'),
(343, 167, '23.0752144', '72.525497', '2019-12-23 06:43:15'),
(344, 167, '23.0752027', '72.5254975', '2019-12-23 06:43:27'),
(345, 167, '23.0752024', '72.5254969', '2019-12-23 06:43:41'),
(346, 167, '23.0752029', '72.525497', '2019-12-23 06:43:51'),
(347, 167, '23.0752137', '72.5254965', '2019-12-23 06:44:11'),
(348, 167, '23.0752027', '72.5254971', '2019-12-23 06:44:30'),
(349, 167, '23.0752027', '72.5254971', '2019-12-23 06:44:30'),
(350, 167, '23.0752027', '72.5254971', '2019-12-23 06:44:31'),
(351, 167, '23.0752027', '72.5254971', '2019-12-23 06:44:31'),
(352, 167, '23.0752145', '72.5254974', '2019-12-23 06:46:11'),
(353, 167, '23.0752141', '72.5254971', '2019-12-23 06:46:33'),
(354, 167, '23.0752148', '72.5254965', '2019-12-23 07:00:02'),
(355, 167, '23.075215', '72.5254957', '2019-12-23 07:01:27'),
(356, 167, '23.0752027', '72.5254969', '2019-12-23 07:02:21'),
(357, 167, '23.0752027', '72.5254969', '2019-12-23 07:02:21'),
(358, 167, '23.075677156448', '72.525300979614', '2019-12-23 07:02:29'),
(359, 167, '23.0752213', '72.5254889', '2019-12-23 07:02:32'),
(360, 167, '23.0756735', '72.52530942', '2019-12-23 07:02:34'),
(361, 167, '23.07567179203', '72.52531170845', '2019-12-23 07:02:36'),
(362, 167, '23.0752148', '72.5254973', '2019-12-23 07:02:49'),
(363, 167, '23.0752139', '72.5254968', '2019-12-23 07:03:01'),
(364, 167, '23.0752027', '72.5254969', '2019-12-23 07:03:04'),
(365, 167, '23.0752142', '72.5254973', '2019-12-23 07:03:39'),
(366, 167, '23.07572819', '72.52532258', '2019-12-23 07:09:24'),
(367, 167, '23.075214', '72.525497', '2019-12-23 07:09:26'),
(368, 167, '23.0752026', '72.5254962', '2019-12-23 07:09:44'),
(369, 167, '23.0752151', '72.5254964', '2019-12-23 07:09:54'),
(370, 167, '23.0752152', '72.5254976', '2019-12-23 07:10:08'),
(371, 167, '23.0752151', '72.5254976', '2019-12-23 07:10:24'),
(372, 167, '23.0752151', '72.5254976', '2019-12-23 07:10:24'),
(373, 167, '23.0752027', '72.5254969', '2019-12-23 07:11:18'),
(374, 167, '23.0752147', '72.5254966', '2019-12-23 07:11:22'),
(375, 167, '23.0752147', '72.5254966', '2019-12-23 07:11:22'),
(376, 167, '23.0752152', '72.5254964', '2019-12-23 07:11:45'),
(377, 167, '23.0752141', '72.5254974', '2019-12-23 07:12:40'),
(378, 167, '23.0755216', '72.52538251', '2019-12-23 07:13:21'),
(379, 167, '23.0752146', '72.5254965', '2019-12-23 07:13:22'),
(380, 167, '23.0752152', '72.5254971', '2019-12-23 07:13:38'),
(381, 167, '23.0752148', '72.5254972', '2019-12-23 07:13:59'),
(382, 167, '23.0752148', '72.5254972', '2019-12-23 07:13:59'),
(383, 167, '23.0752148', '72.5254972', '2019-12-23 07:13:59'),
(384, 167, '23.0752141', '72.5254979', '2019-12-23 07:49:23'),
(385, 167, '23.075215', '72.5254964', '2019-12-23 07:49:33'),
(386, 167, '23.075215', '72.5254964', '2019-12-23 07:49:55'),
(387, 167, '23.074956666667', '72.525325', '2019-12-23 11:52:46'),
(388, 167, '23.0752145', '72.5254968', '2019-12-23 11:52:49'),
(389, 167, '23.0752184', '72.5255049', '2019-12-23 11:53:14'),
(390, 167, '23.0752184', '72.5255049', '2019-12-23 11:53:14'),
(391, 167, '23.0752211', '72.5255017', '2019-12-23 11:53:34'),
(392, 167, '23.0752223', '72.5255088', '2019-12-23 11:54:14'),
(393, 167, '23.0752158', '72.5255001', '2019-12-23 11:54:26'),
(394, 167, '23.0752158', '72.5255001', '2019-12-23 11:54:26'),
(395, 167, '23.0752186', '72.5254983', '2019-12-23 11:56:00'),
(396, 167, '23.0752186', '72.5254986', '2019-12-23 11:56:00'),
(397, 167, '23.0752186', '72.5254983', '2019-12-23 11:56:11'),
(398, 167, '23.0752181', '72.5255112', '2019-12-23 11:56:13'),
(399, 167, '23.0752168', '72.5255093', '2019-12-23 11:56:25'),
(400, 167, '23.0752334', '72.5255302', '2019-12-23 11:56:38'),
(401, 166, '23.075243333333', '72.525621666667', '2019-12-27 12:04:21'),
(402, 166, '23.0752326', '72.5254987', '2019-12-27 12:04:24'),
(403, 166, '23.0752044', '72.5254985', '2019-12-27 12:04:36'),
(404, 166, '23.0752167', '72.5254931', '2019-12-27 12:04:52'),
(405, 166, '23.07526', '72.525436666667', '2019-12-27 12:06:17'),
(406, 166, '23.075209', '72.5255128', '2019-12-27 12:06:17'),
(407, 166, '23.075209', '72.5255128', '2019-12-27 12:06:17'),
(408, 166, '23.075133333333', '72.525423333333', '2019-12-27 12:06:23'),
(409, 166, '23.075371666667', '72.525566666667', '2019-12-27 12:06:33'),
(410, 166, '23.075508333333', '72.525601666667', '2019-12-27 12:06:43'),
(411, 166, '23.075475', '72.52555', '2019-12-27 12:07:23'),
(412, 166, '23.0751944', '72.5255648', '2019-12-30 04:43:04'),
(413, 166, '23.075158333333', '72.525525', '2019-12-30 04:43:15'),
(414, 166, '23.075194', '72.5255429', '2019-12-30 04:43:15'),
(415, 166, '23.075194', '72.5255429', '2019-12-30 04:43:15'),
(416, 166, '23.075213333333', '72.525506666667', '2019-12-30 04:43:18'),
(417, 166, '23.075271666667', '72.525551666667', '2019-12-30 04:43:29'),
(418, 166, '23.075391666667', '72.52554', '2019-12-30 04:43:50'),
(419, 166, '23.075365', '72.5255', '2019-12-30 04:44:30'),
(420, 166, '23.0751934', '72.5255706', '2019-12-30 04:50:26'),
(421, 166, '23.0752108', '72.5255885', '2019-12-30 04:50:45'),
(422, 166, '23.0752108', '72.5255885', '2019-12-30 04:50:45'),
(423, 166, '23.0751894', '72.5255537', '2019-12-30 04:51:05'),
(424, 166, '23.0752036', '72.5255182', '2019-12-30 04:51:25'),
(425, 167, '23.0752148', '72.5254972', '2019-12-30 10:35:07'),
(426, 167, '23.0752151', '72.5255003', '2019-12-30 10:36:11'),
(427, 167, '23.0752151', '72.5255003', '2019-12-30 10:36:11'),
(428, 167, '23.0752151', '72.5255003', '2019-12-30 10:36:11'),
(429, 167, '23.076235055923', '72.524812817574', '2019-12-30 10:36:49'),
(430, 167, '23.0752032', '72.5254973', '2020-01-02 05:38:04'),
(431, 167, '23.0752031', '72.5254966', '2020-01-02 05:38:05'),
(432, 167, '23.0751989', '72.5255105', '2020-01-02 05:38:19'),
(433, 167, '23.0752034', '72.525497', '2020-01-02 05:38:19'),
(434, 167, '23.075074', '72.52545902', '2020-01-02 05:38:32'),
(435, 167, '23.075398206711', '72.525295615196', '2020-01-02 05:38:43'),
(436, 167, '23.075076341629', '72.525504827499', '2020-01-02 05:38:53'),
(437, 167, '23.075124621391', '72.525435090065', '2020-01-02 05:39:03'),
(438, 167, '23.0752022', '72.5254984', '2020-01-02 05:40:36'),
(439, 167, '23.0752034', '72.525497', '2020-01-02 05:40:47'),
(440, 167, '23.0752022', '72.5254984', '2020-01-02 05:40:50'),
(441, 167, '23.0752029', '72.5254984', '2020-01-02 05:41:42'),
(442, 167, '23.0752032', '72.5254975', '2020-01-02 05:41:51'),
(443, 167, '23.0752024', '72.5254983', '2020-01-02 05:42:37'),
(444, 167, '23.0752022', '72.5254984', '2020-01-02 05:42:38'),
(445, 167, '23.07585002', '72.52551418', '2020-01-02 05:53:37'),
(446, 167, '23.0752025', '72.525499', '2020-01-02 05:53:38'),
(447, 167, '23.075203', '72.525498', '2020-01-02 05:53:50'),
(448, 167, '23.075203', '72.525498', '2020-01-02 05:53:50'),
(449, 167, '23.075203', '72.525498', '2020-01-02 05:53:50'),
(450, 167, '23.075190', '72.525688', '2020-01-02 05:54:10'),
(451, 167, '23.079987', '72.493622', '2020-01-02 05:54:10'),
(452, 167, '23.070107', '72.517342', '2020-01-02 05:54:10'),
(453, 227, '20.21665342', '86.01800168', '2020-05-15 07:49:05'),
(454, 227, '20.2172147', '86.0171', '2020-05-15 07:49:07'),
(455, 227, '20.2194949', '86.019332', '2020-05-15 07:50:42'),
(456, 227, '20.2172579', '86.0190132', '2020-05-15 07:52:27'),
(457, 227, '20.2172147', '86.0171', '2020-05-15 07:52:39'),
(458, 227, '20.2172579', '86.0190132', '2020-05-15 07:53:24'),
(459, 227, '72.5323023', '23.0695746', '2020-05-15 11:12:07'),
(460, 227, '72.5323023', '23.0695746', '2020-05-15 11:12:46'),
(461, 227, '72.5323023', '23.0695746', '2020-05-15 11:12:53'),
(462, 227, '72.5323023', '23.0695746', '2020-05-15 11:12:57'),
(463, 167, '23.05293524', '72.5170166', '2020-05-19 05:35:41'),
(464, 167, '23.0529477', '72.5169643', '2020-05-19 05:35:43'),
(465, 167, '23.0529426', '72.5169915', '2020-05-19 05:35:54'),
(466, 167, '23.0529442', '72.5170207', '2020-05-19 05:36:10'),
(467, 167, '23.0529582', '72.5170563', '2020-05-19 05:36:19'),
(468, 167, '23.0529471', '72.5170129', '2020-05-19 05:36:47'),
(469, 167, '23.0529729', '72.5170515', '2020-05-19 05:37:04'),
(470, 167, '23.0529619', '72.5170374', '2020-05-19 05:37:50'),
(471, 167, '23.0529417', '72.5169952', '2020-05-19 07:04:45'),
(472, 227, '20.2197675', '86.0191426', '2020-05-19 11:50:44'),
(473, 227, '20.2197675', '86.0191426', '2020-05-19 11:51:51'),
(474, 227, '20.2197675', '86.0191426', '2020-05-19 11:51:54'),
(475, 227, '20.2197675', '86.0191426', '2020-05-19 11:52:04'),
(476, 227, '20.21654964', '86.0180548', '2020-05-19 11:52:19'),
(477, 227, '20.21659851', '86.01805654', '2020-05-19 11:55:52'),
(478, 167, '23.070105', '72.542561666667', '2020-05-20 09:56:10'),
(479, 167, '23.0701201', '72.5422569', '2020-05-20 09:56:12'),
(480, 167, '23.0701751', '72.5423864', '2020-05-20 09:56:26'),
(481, 167, '23.0701297', '72.5422608', '2020-05-20 09:56:45'),
(482, 167, '23.0701395', '72.5422907', '2020-05-20 09:59:07'),
(483, 167, '23.070105', '72.542561666667', '2020-05-20 09:59:22'),
(484, 167, '23.070105', '72.542561666667', '2020-05-20 09:59:26'),
(485, 167, '23.070105', '72.542561666667', '2020-05-20 09:59:32'),
(486, 167, '23.070105', '72.542561666667', '2020-05-20 09:59:36'),
(487, 167, '23.0701561', '72.542287', '2020-05-20 09:59:38'),
(488, 167, '23.070105', '72.542561666667', '2020-05-20 09:59:41'),
(489, 167, '23.0701431', '72.5423162', '2020-05-20 09:59:57'),
(490, 167, '23.070143333333', '72.542478333333', '2020-05-20 10:00:07'),
(491, 167, '23.07008', '72.54225', '2020-05-20 10:00:18'),
(492, 167, '23.07011', '72.542295', '2020-05-20 10:00:28'),
(493, 167, '23.070078333333', '72.54233', '2020-05-20 10:00:38'),
(494, 167, '23.07003', '72.542383333333', '2020-05-20 10:09:55'),
(495, 167, '23.07003', '72.542383333333', '2020-05-20 10:10:00'),
(496, 167, '23.07003', '72.542383333333', '2020-05-20 10:10:05'),
(497, 167, '23.0701587', '72.542352', '2020-05-20 10:10:10'),
(498, 227, '20.2172075', '86.0167811', '2020-05-21 04:41:53'),
(499, 246, '23.06390075013', '72.526875436306', '2020-05-21 09:50:33'),
(500, 246, '23.0637717', '72.5267431', '2020-05-21 09:50:36'),
(501, 246, '23.0637586', '72.5267367', '2020-05-21 09:51:06'),
(502, 246, '23.0637586', '72.5267367', '2020-05-21 09:51:06'),
(503, 246, '23.0638279', '72.526752', '2020-05-21 09:51:41'),
(504, 246, '23.06390075013', '72.526875436306', '2020-05-21 09:53:53'),
(505, 246, '23.0637711', '72.5267356', '2020-05-21 09:53:57'),
(506, 246, '23.0637788', '72.5267399', '2020-05-21 09:56:49'),
(507, 246, '23.0638067', '72.5267902', '2020-05-21 10:11:08'),
(508, 246, '23.0638069', '72.5267967', '2020-05-21 11:28:10'),
(509, 167, '23.07014', '72.542343333333', '2020-06-12 09:59:18'),
(510, 167, '23.0701474', '72.5424265', '2020-06-12 09:59:20'),
(511, 167, '23.0701442', '72.5424296', '2020-06-12 10:33:36'),
(512, 167, '23.0701449', '72.5424308', '2020-06-12 10:34:10'),
(513, 167, '23.070145', '72.542428333333', '2020-06-12 10:34:19'),
(514, 167, '23.070145', '72.542428333333', '2020-06-12 10:34:23'),
(515, 167, '23.070145', '72.542428333333', '2020-06-12 10:34:28'),
(516, 167, '23.070146666667', '72.542526666667', '2020-06-12 10:34:29'),
(517, 167, '23.070146666667', '72.542526666667', '2020-06-12 10:34:33'),
(518, 167, '23.069856666667', '72.542166666667', '2020-06-12 10:34:37'),
(519, 167, '23.069835', '72.542158333333', '2020-06-12 10:34:38'),
(520, 167, '23.070043333333', '72.542163333333', '2020-06-12 10:34:43'),
(521, 167, '23.07001', '72.542665', '2020-06-12 10:34:47'),
(522, 167, '23.070036666667', '72.542586666667', '2020-06-12 10:34:48'),
(523, 167, '23.070048333333', '72.542488333333', '2020-06-12 10:34:53'),
(524, 167, '23.070048333333', '72.542488333333', '2020-06-12 10:34:57'),
(525, 167, '23.070055', '72.542478333333', '2020-06-12 10:34:58'),
(526, 167, '23.07011', '72.542451666667', '2020-06-12 10:35:03'),
(527, 167, '23.070113333333', '72.542478333333', '2020-06-12 10:35:07'),
(528, 167, '23.070111666667', '72.542485', '2020-06-12 10:35:08'),
(529, 167, '23.070118333333', '72.542461666667', '2020-06-12 10:35:13'),
(530, 167, '23.070118333333', '72.542461666667', '2020-06-12 10:35:18'),
(531, 167, '23.070108333333', '72.542448333333', '2020-06-12 10:35:33'),
(532, 167, '23.070103333333', '72.542453333333', '2020-06-12 10:35:37'),
(533, 167, '23.070103333333', '72.542453333333', '2020-06-12 10:35:42'),
(534, 167, '23.070103333333', '72.542453333333', '2020-06-12 10:35:47'),
(535, 167, '23.070103333333', '72.542453333333', '2020-06-12 10:35:52'),
(536, 167, '23.070103333333', '72.542453333333', '2020-06-12 10:35:57'),
(537, 167, '23.070103333333', '72.542453333333', '2020-06-12 10:36:02'),
(538, 167, '23.070103333333', '72.542453333333', '2020-06-12 10:36:07'),
(539, 167, '23.070103333333', '72.542453333333', '2020-06-12 10:36:12'),
(540, 167, '23.070103333333', '72.542453333333', '2020-06-12 10:36:17'),
(541, 167, '23.070103333333', '72.542453333333', '2020-06-12 10:36:22'),
(542, 167, '23.070103333333', '72.542453333333', '2020-06-12 10:36:27'),
(543, 167, '23.070103333333', '72.542453333333', '2020-06-12 10:36:32'),
(544, 167, '23.070103333333', '72.542453333333', '2020-06-12 10:36:37'),
(545, 167, '23.070128333333', '72.542438333333', '2020-06-12 10:36:55'),
(546, 167, '23.0701445', '72.542425', '2020-06-12 10:36:58'),
(547, 167, '23.070146666667', '72.542405', '2020-06-12 10:37:01'),
(548, 167, '23.070106666667', '72.542376666667', '2020-06-12 10:37:21'),
(549, 167, '23.0701439', '72.5424316', '2020-06-12 10:37:38'),
(550, 167, '23.0701448', '72.5424269', '2020-06-12 10:37:56'),
(551, 167, '23.0701448', '72.5424269', '2020-06-12 10:37:56'),
(552, 167, '23.0701453', '72.5424291', '2020-06-12 10:38:06'),
(553, 167, '23.07013', '72.542415', '2020-06-12 10:38:16'),
(554, 167, '23.070106666667', '72.542378333333', '2020-06-12 10:38:34'),
(555, 167, '23.0701451', '72.5424309', '2020-06-12 10:38:37'),
(556, 167, '23.0701455', '72.5424274', '2020-06-12 10:38:58');

-- --------------------------------------------------------

--
-- Table structure for table `email_template`
--

CREATE TABLE `email_template` (
  `entity_id` int(11) NOT NULL,
  `title` varchar(255) CHARACTER SET utf8 NOT NULL,
  `email_slug` varchar(255) CHARACTER SET utf8 DEFAULT NULL,
  `subject` longtext CHARACTER SET utf8 NOT NULL,
  `message` text CHARACTER SET utf8 NOT NULL,
  `content_id` int(11) DEFAULT NULL,
  `language_slug` varchar(5) DEFAULT NULL,
  `status` tinyint(1) NOT NULL
) ENGINE=InnoDB DEFAULT CHARSET=latin1;

--
-- Dumping data for table `email_template`
--

INSERT INTO `email_template` (`entity_id`, `title`, `email_slug`, `subject`, `message`, `content_id`, `language_slug`, `status`) VALUES
(11, 'Forgot Password', 'forgot-password', 'Password Assistance', '<style media=\"screen\" type=\"text/css\">[style*=\"Roboto\"] { font-family: \'Roboto\', Arial, sans-serif !important } [style*=\"Oswald\"] { font-family: \'Oswald\', Arial, sans-serif !important } /* Linked Styles */ .body { background-color: #f7f0ee; padding: 0 !important; margin: 0 !important; display: block !important; min-width: 100% !important; width: 100% !important; background: #f7f0ee; -webkit-text-size-adjust: none; font-family: Arial, sans-serif, \'Roboto\'; } a { color: #ef5751; text-decoration: none } p { padding: 0 !important; margin: 0 !important } img { -ms-interpolation-mode: bicubic; /* Allow smoother rendering of resized image in Internet Explorer */ } .text a { color: #ef5751 !important; text-decoration: underline !important; }\r\n</style>\r\n<div class=\"body\">\r\n<table border=\"0\" cellpadding=\"0\" cellspacing=\"0\" width=\"100%\">\r\n	<tbody>\r\n		<tr>\r\n			<td align=\"center\" valign=\"top\">\r\n			<table bgcolor=\"#ffffff\" border=\"0\" cellpadding=\"0\" cellspacing=\"0\" width=\"100%\">\r\n				<tbody>\r\n					<tr>\r\n						<td align=\"center\">\r\n						<table border=\"0\" cellpadding=\"0\" cellspacing=\"0\" class=\"mobile-shell\" width=\"650\">\r\n							<tbody>\r\n								<tr>\r\n									<td class=\"header\" style=\"width:650px; min-width:650px; font-size:0pt; line-height:0pt; padding:30px 10px 30px 10px; margin:0; font-weight:normal; Margin:0\">\r\n									<table border=\"0\" cellpadding=\"0\" cellspacing=\"0\" width=\"100%\">\r\n										<tbody>\r\n											<tr>\r\n												<td align=\"center\">\r\n												<table border=\"0\" cellpadding=\"0\" cellspacing=\"0\" width=\"100%\">\r\n													<tbody>\r\n														<tr>\r\n															<td style=\"padding-bottom: 0px;\">\r\n															<div class=\"img-center\" style=\"font-size:0pt; line-height:0pt; text-align:center\"><a href=\"#\" target=\"_blank\"><img alt=\"logo\" src=\"http://eatanceweb.evincedev.com/assets/front/images/placeholder_image.jpg\" style=\"border-width: 0px; border-style: solid; width: 200px; height: 75px;\" /> </a></div>\r\n															</td>\r\n														</tr>\r\n													</tbody>\r\n												</table>\r\n												</td>\r\n											</tr>\r\n										</tbody>\r\n									</table>\r\n									</td>\r\n								</tr>\r\n							</tbody>\r\n						</table>\r\n						</td>\r\n					</tr>\r\n				</tbody>\r\n			</table>\r\n\r\n			<table border=\"0\" cellpadding=\"0\" cellspacing=\"0\" width=\"100%\">\r\n				<tbody>\r\n					<tr>\r\n						<td align=\"center\">\r\n						<table border=\"0\" cellpadding=\"0\" cellspacing=\"0\" class=\"mobile-shell\" width=\"650\">\r\n							<tbody>\r\n								<tr>\r\n									<td style=\"border: 1px solid #E6CD66; padding:40px 30px; box-shadow:0 2px 3px #cccccc; border-radius: 4px; background-color:#fff;\">\r\n									<p style=\"font-size:14px; color:#343434; margin-bottom:10px;\">Hi #firstname#,</p>\r\n\r\n									<p style=\"font-size:14px; color:#343434; margin-bottom:10px;\">We received a request to reset the password associated with this email address. Click #forgotlink# to reset your password using our secure server:</p>\r\n\r\n									<p style=\"font-size:14px; color:#343434; margin-bottom:10px;\">&nbsp;</p>\r\n\r\n									<p style=\"font-size:14px; color:#343434; margin-bottom:10px;\">Team Lorem Ipsum</p>\r\n									</td>\r\n								</tr>\r\n							</tbody>\r\n						</table>\r\n						</td>\r\n					</tr>\r\n				</tbody>\r\n			</table>\r\n\r\n			<table border=\"0\" cellpadding=\"0\" cellspacing=\"0\" width=\"100%\">\r\n				<tbody>\r\n					<tr>\r\n						<td align=\"center\">\r\n						<table bgcolor=\"#000\" border=\"0\" cellpadding=\"0\" cellspacing=\"0\" class=\"mobile-shell\" width=\"650\">\r\n							<tbody>\r\n								<tr>\r\n									<td>\r\n									<table border=\"0\" cellpadding=\"0\" cellspacing=\"0\" width=\"100%\">\r\n										<tbody>\r\n											<tr>\r\n												<th bgcolor=\"#ffb300\" class=\"column\" style=\"font-size:0pt; line-height:0pt; padding:0; margin:0; font-weight:normal; Margin:0\">\r\n												<table border=\"0\" cellpadding=\"0\" cellspacing=\"0\" width=\"100%\">\r\n													<tbody>\r\n														<tr>\r\n															<td style=\"padding: 15px 25px 15px 25px;\">\r\n															<div class=\"text-footer-l\" style=\"color:#613b51; font-family:Arial,sans-serif, \'Roboto\'; font-size:11px; line-height:16px; text-align:center;\">Copyright &copy; 2020 LORE IPSUM</div>\r\n															</td>\r\n														</tr>\r\n													</tbody>\r\n												</table>\r\n												</th>\r\n											</tr>\r\n										</tbody>\r\n									</table>\r\n									</td>\r\n								</tr>\r\n							</tbody>\r\n						</table>\r\n						</td>\r\n					</tr>\r\n				</tbody>\r\n			</table>\r\n			</td>\r\n		</tr>\r\n	</tbody>\r\n</table>\r\n</div>', 1, 'en', 1),
(13, 'Order Receive Alert', 'order-receive-alert', 'Order Receive Alert', '<style media=\"screen\" type=\"text/css\">[style*=\"Roboto\"] { font-family: \'Roboto\', Arial, sans-serif !important } [style*=\"Oswald\"] { font-family: \'Oswald\', Arial, sans-serif !important } /* Linked Styles */ .body { background-color: #f7f0ee; padding: 0 !important; margin: 0 !important; display: block !important; min-width: 100% !important; width: 100% !important; background: #f7f0ee; -webkit-text-size-adjust: none; font-family: Arial, sans-serif, \'Roboto\'; } a { color: #ef5751; text-decoration: none } p { padding: 0 !important; margin: 0 !important } img { -ms-interpolation-mode: bicubic; /* Allow smoother rendering of resized image in Internet Explorer */ } .text a { color: #ef5751 !important; text-decoration: underline !important; }\r\n</style>\r\n<div class=\"body\">\r\n<table border=\"0\" cellpadding=\"0\" cellspacing=\"0\" width=\"100%\">\r\n	<tbody>\r\n		<tr>\r\n			<td align=\"center\" valign=\"top\">\r\n			<table bgcolor=\"#ffffff\" border=\"0\" cellpadding=\"0\" cellspacing=\"0\" width=\"100%\">\r\n				<tbody>\r\n					<tr>\r\n						<td align=\"center\">\r\n						<table border=\"0\" cellpadding=\"0\" cellspacing=\"0\" class=\"mobile-shell\" width=\"650\">\r\n							<tbody>\r\n								<tr>\r\n									<td class=\"header\" style=\"width:650px; min-width:650px; font-size:0pt; line-height:0pt; padding:30px 10px 30px 10px; margin:0; font-weight:normal; Margin:0\">\r\n									<table border=\"0\" cellpadding=\"0\" cellspacing=\"0\" width=\"100%\">\r\n										<tbody>\r\n											<tr>\r\n												<td align=\"center\">\r\n												<table border=\"0\" cellpadding=\"0\" cellspacing=\"0\" width=\"100%\">\r\n													<tbody>\r\n														<tr>\r\n															<td style=\"padding-bottom: 0px;\">\r\n															<div class=\"img-center\" style=\"font-size:0pt; line-height:0pt; text-align:center\"><img alt=\"logo\" class=\"logo-default\" src=\"http://eatanceweb.evincedev.com/assets/front/images/placeholder_image.jpg\" style=\"font-size: 0pt; background-color: rgb(247, 240, 238); font-family: Arial, sans-serif, Roboto; text-align: justify; width: 348px; height: 120px;\" /><a href=\"#\" target=\"_blank\"> </a></div>\r\n															</td>\r\n														</tr>\r\n													</tbody>\r\n												</table>\r\n												</td>\r\n											</tr>\r\n										</tbody>\r\n									</table>\r\n									</td>\r\n								</tr>\r\n							</tbody>\r\n						</table>\r\n						</td>\r\n					</tr>\r\n				</tbody>\r\n			</table>\r\n\r\n			<table border=\"0\" cellpadding=\"0\" cellspacing=\"0\" width=\"100%\">\r\n				<tbody>\r\n					<tr>\r\n						<td align=\"center\">\r\n						<table border=\"0\" cellpadding=\"0\" cellspacing=\"0\" class=\"mobile-shell\" width=\"650\">\r\n							<tbody>\r\n								<tr style=\"background:#fff;\">\r\n									<td style=\"padding:5px 10px;\">\r\n									<p>Hello Admin,</p>\r\n									</td>\r\n								</tr>\r\n								<tr style=\"background:#fff;\">\r\n									<td style=\"padding:5px 10px;\">\r\n									<p>Congratulation ,A new order is received please check the order details</p>\r\n									</td>\r\n								</tr>\r\n								<tr style=\"background:#fff;\">\r\n									<td style=\"padding:5px 10px 30px;\">\r\n									<p>Best Regards,<br />\r\n									Team Lorem Ipsum</p>\r\n									</td>\r\n								</tr>\r\n							</tbody>\r\n						</table>\r\n						</td>\r\n					</tr>\r\n				</tbody>\r\n			</table>\r\n\r\n			<table border=\"0\" cellpadding=\"0\" cellspacing=\"0\" width=\"100%\">\r\n				<tbody>\r\n					<tr>\r\n						<td align=\"center\">\r\n						<table bgcolor=\"#000\" border=\"0\" cellpadding=\"0\" cellspacing=\"0\" class=\"mobile-shell\" width=\"650\">\r\n							<tbody>\r\n								<tr>\r\n									<td>\r\n									<table border=\"0\" cellpadding=\"0\" cellspacing=\"0\" width=\"100%\">\r\n										<tbody>\r\n											<tr>\r\n												<th bgcolor=\"#ffb300\" class=\"column\" style=\"font-size:0pt; line-height:0pt; padding:0; margin:0; font-weight:normal; Margin:0\">\r\n												<table border=\"0\" cellpadding=\"0\" cellspacing=\"0\" width=\"100%\">\r\n													<tbody>\r\n														<tr>\r\n															<td style=\"padding: 15px 25px 15px 25px;\">\r\n															<div class=\"text-footer-l\" style=\"color:#613b51; font-family:Arial,sans-serif, \'Roboto\'; font-size:11px; line-height:16px; text-align:center;\">Copyright &copy; 2020 LOREM IPSUM<span style=\"font-size: 0pt; background-color: rgb(247, 240, 238); font-family: Arial, sans-serif, Roboto; color: rgb(51, 51, 51); text-align: justify;\">Bites</span></div>\r\n															</td>\r\n														</tr>\r\n													</tbody>\r\n												</table>\r\n												</th>\r\n											</tr>\r\n										</tbody>\r\n									</table>\r\n									</td>\r\n								</tr>\r\n							</tbody>\r\n						</table>\r\n						</td>\r\n					</tr>\r\n				</tbody>\r\n			</table>\r\n			</td>\r\n		</tr>\r\n	</tbody>\r\n</table>\r\n</div>', 2, 'en', 1),
(14, 'Promotional Email', 'promotional-email', 'Promotional Email', '<style media=\"screen\" type=\"text/css\">[style*=\"Roboto\"] { font-family: \'Roboto\', Arial, sans-serif !important } [style*=\"Oswald\"] { font-family: \'Oswald\', Arial, sans-serif !important } /* Linked Styles */ .body { background-color: #f7f0ee; padding: 0 !important; margin: 0 !important; display: block !important; min-width: 100% !important; width: 100% !important; background: #f7f0ee; -webkit-text-size-adjust: none; font-family: Arial, sans-serif, \'Roboto\'; } a { color: #ef5751; text-decoration: none } p { padding: 0 !important; margin: 0 !important } img { -ms-interpolation-mode: bicubic; /* Allow smoother rendering of resized image in Internet Explorer */ } .text a { color: #ef5751 !important; text-decoration: underline !important; }\r\n</style>\r\n<div class=\"body\">\r\n<table border=\"0\" cellpadding=\"0\" cellspacing=\"0\" width=\"100%\">\r\n	<tbody>\r\n		<tr>\r\n			<td align=\"center\" valign=\"top\">\r\n			<table bgcolor=\"#ffffff\" border=\"0\" cellpadding=\"0\" cellspacing=\"0\" width=\"100%\">\r\n				<tbody>\r\n					<tr>\r\n						<td align=\"center\">\r\n						<table border=\"0\" cellpadding=\"0\" cellspacing=\"0\" class=\"mobile-shell\" width=\"650\">\r\n							<tbody>\r\n								<tr>\r\n									<td class=\"header\" style=\"width:650px; min-width:650px; font-size:0pt; line-height:0pt; padding:30px 10px 30px 10px; margin:0; font-weight:normal; Margin:0\">\r\n									<table border=\"0\" cellpadding=\"0\" cellspacing=\"0\" width=\"100%\">\r\n										<tbody>\r\n											<tr>\r\n												<td align=\"center\">\r\n												<table border=\"0\" cellpadding=\"0\" cellspacing=\"0\" width=\"100%\">\r\n													<tbody>\r\n														<tr>\r\n															<td style=\"padding-bottom: 0px;\">\r\n															<div class=\"img-center\" style=\"font-size:0pt; line-height:0pt; text-align:center\"><img alt=\"logo\" class=\"logo-default\" src=\"http://eatanceweb.evincedev.com/assets/front/images/placeholder_image.jpg\" style=\"font-size: 0pt; background-color: rgb(247, 240, 238); font-family: Arial, sans-serif, Roboto; text-align: justify;\" /></div>\r\n															</td>\r\n														</tr>\r\n													</tbody>\r\n												</table>\r\n												</td>\r\n											</tr>\r\n										</tbody>\r\n									</table>\r\n									</td>\r\n								</tr>\r\n							</tbody>\r\n						</table>\r\n						</td>\r\n					</tr>\r\n				</tbody>\r\n			</table>\r\n\r\n			<table border=\"0\" cellpadding=\"0\" cellspacing=\"0\" width=\"100%\">\r\n				<tbody>\r\n					<tr>\r\n						<td align=\"center\">\r\n						<table border=\"0\" cellpadding=\"0\" cellspacing=\"0\" class=\"mobile-shell\" width=\"650\">\r\n							<tbody>\r\n								<tr>\r\n									<td><!-- SECTION 1 -->\r\n									<table border=\"0\" cellpadding=\"0\" cellspacing=\"0\" class=\"spacer\" style=\"font-size:0pt; line-height:0pt; text-align:center; width:100%; min-width:100%\" width=\"100%\">\r\n										<tbody>\r\n											<tr>\r\n												<td class=\"spacer\" height=\"10\" style=\"font-size:0pt; line-height:0pt; text-align:center; width:100%; min-width:100%\">&nbsp;</td>\r\n											</tr>\r\n										</tbody>\r\n									</table>\r\n\r\n									<table bgcolor=\"#ffffff\" border=\"0\" cellpadding=\"0\" cellspacing=\"0\" style=\"padding: 20px; text-align: center;\" width=\"100%\">\r\n										<tbody>\r\n											<tr>\r\n												<td><b style=\"font-size: 30px\">Happy Easter 25% off</b></td>\r\n											</tr>\r\n											<tr style=\"height: 10px\">\r\n											</tr>\r\n											<tr>\r\n												<td>\r\n												<p style=\"font-size: 16px;\">Lorem ipsum dolor sit amet, consectetur adipisicing elit, sit amet, consectetur adipisicing sed do eiusmod, Lorem ipsum dolor elit, sed do eiusmod</p>\r\n												</td>\r\n											</tr>\r\n										</tbody>\r\n									</table>\r\n\r\n									<table align=\"center\" bgcolor=\"#ffffff\" border=\"0\" cellpadding=\"0\" cellspacing=\"0\" style=\"padding: 20px; text-align: center;\" width=\"100%\">\r\n										<tbody>\r\n											<tr>\r\n												<td>\r\n												<table bgcolor=\"#ffffff\" border=\"0\" cellpadding=\"0\" cellspacing=\"0\" style=\" text-align: center; width: 305px;\">\r\n													<tbody>\r\n														<tr>\r\n															<td><img alt=\"item-image\" src=\"http://eatance.evincedev.com/uploads/menu/11be64548307634fc880f6f40c271e84.jpg\" style=\"width: 100%;\" /></td>\r\n														</tr>\r\n													</tbody>\r\n												</table>\r\n												</td>\r\n												<td>\r\n												<table bgcolor=\"#ffffff\" border=\"0\" cellpadding=\"0\" cellspacing=\"0\" style=\" text-align: center; width: 305px; padding: 0 10px 0 10px;\">\r\n													<tbody>\r\n														<tr>\r\n															<td><b style=\"font-size: 20px;\">Italian Pizza</b>\r\n															<p>Ut enim ad minim veniam,quis nostrud exercitation ullamco laboris nisi ut aliquip ex ea commodoconsequat. Duis aute irure dolor in reprehenderit in voluptate</p>\r\n															</td>\r\n														</tr>\r\n													</tbody>\r\n												</table>\r\n												</td>\r\n											</tr>\r\n											<tr style=\"height: 10px\">\r\n											</tr>\r\n										</tbody>\r\n									</table>\r\n\r\n									<table align=\"center\" bgcolor=\"#fff\" border=\"0\" cellpadding=\"0\" cellspacing=\"0\" style=\"text-align: center;\" width=\"100%\">\r\n										<tbody>\r\n											<tr style=\"height: 50px\">\r\n											</tr>\r\n											<tr>\r\n												<td style=\"font-size: 24px; color: #000; font-weight: 500\">TESTY OFFERS IN THIS MONTHS</td>\r\n											</tr>\r\n										</tbody>\r\n									</table>\r\n\r\n									<table align=\"center\" bgcolor=\"#fff\" border=\"0\" cellpadding=\"0\" cellspacing=\"0\" style=\"padding: 20px; text-align: center;\" width=\"100%\">\r\n										<tbody>\r\n											<tr>\r\n												<td>\r\n												<table align=\"center\" bgcolor=\"#fff\" border=\"0\" cellpadding=\"0\" cellspacing=\"0\" style=\"width: 180px;\">\r\n													<tbody>\r\n														<tr>\r\n															<td><img src=\"http://eatance.evincedev.com/uploads/menu/11be64548307634fc880f6f40c271e84.jpg\" style=\"width: 100%;\" /></td>\r\n														</tr>\r\n														<tr style=\"height: 10px\">\r\n														</tr>\r\n														<tr>\r\n															<td style=\"font-size: 18px; font-weight: 500;\">FRENCH PIZZA</td>\r\n														</tr>\r\n														<tr style=\"height: 5px\">\r\n														</tr>\r\n													</tbody>\r\n												</table>\r\n												</td>\r\n												<td>\r\n												<table align=\"center\" bgcolor=\"#fff\" border=\"0\" cellpadding=\"0\" cellspacing=\"0\" style=\"width: 180px;\">\r\n													<tbody>\r\n														<tr>\r\n															<td><img src=\"http://eatance.evincedev.com/uploads/menu/11be64548307634fc880f6f40c271e84.jpg\" style=\"width: 100%;\" /></td>\r\n														</tr>\r\n														<tr style=\"height: 10px\">\r\n														</tr>\r\n														<tr>\r\n															<td style=\"font-size: 18px; font-weight: 500;\">ITALIAN PIZZA</td>\r\n														</tr>\r\n														<tr style=\"height: 5px\">\r\n														</tr>\r\n													</tbody>\r\n												</table>\r\n												</td>\r\n												<td>\r\n												<table align=\"center\" bgcolor=\"#fff\" border=\"0\" cellpadding=\"0\" cellspacing=\"0\" style=\"width: 180px;\">\r\n													<tbody>\r\n														<tr>\r\n															<td><img src=\"http://eatance.evincedev.com/uploads/menu/11be64548307634fc880f6f40c271e84.jpg\" style=\"width: 100%;\" /></td>\r\n														</tr>\r\n														<tr style=\"height: 10px\">\r\n														</tr>\r\n														<tr>\r\n															<td style=\"font-size: 18px; font-weight: 500;\">BRAZILIAN PIZZA</td>\r\n														</tr>\r\n														<tr style=\"height: 5px\">\r\n														</tr>\r\n													</tbody>\r\n												</table>\r\n												</td>\r\n											</tr>\r\n										</tbody>\r\n									</table>\r\n\r\n									<table align=\"center\" bgcolor=\"#fff\" border=\"0\" cellpadding=\"0\" cellspacing=\"0\" style=\"text-align: center;\" width=\"100%\">\r\n										<tbody>\r\n											<tr style=\"height: 50px\">\r\n											</tr>\r\n											<tr>\r\n												<td style=\"font-size: 24px; color: #000; font-weight: 500\">GET IN TOUCH</td>\r\n											</tr>\r\n										</tbody>\r\n									</table>\r\n\r\n									<table align=\"center\" bgcolor=\"#fff\" border=\"0\" cellpadding=\"0\" cellspacing=\"0\" style=\"text-align: center;padding: 20px 50px 20px 50px\" width=\"100%\">\r\n										<tbody>\r\n											<tr>\r\n												<td>\r\n												<table align=\"center\" bgcolor=\"#e5e5e5\" border=\"0\" cellpadding=\"0\" cellspacing=\"0\" style=\"padding: 20px;\" width=\"100%\">\r\n													<tbody>\r\n														<tr>\r\n															<td><a href=\"#\"><img src=\"http://eatance.evincedev.com/assets/admin/img/fb-icon.png\" /></a></td>\r\n															<td><a href=\"#\"><img src=\"http://eatance.evincedev.com/assets/admin/img/google-plus-icon.png\" /></a></td>\r\n															<td><a href=\"#\"><img src=\"http://eatance.evincedev.com/assets/admin/img/instagram-icon.png\" /></a></td>\r\n															<td><a href=\"#\"><img src=\"http://eatance.evincedev.com/assets/admin/img/twitter-icon.png\" style=\"width: 32px; height: 32px;\" /></a></td>\r\n														</tr>\r\n													</tbody>\r\n												</table>\r\n												</td>\r\n											</tr>\r\n										</tbody>\r\n									</table>\r\n									<!-- SECTION 1 END--></td>\r\n								</tr>\r\n							</tbody>\r\n						</table>\r\n						</td>\r\n					</tr>\r\n				</tbody>\r\n			</table>\r\n\r\n			<table border=\"0\" cellpadding=\"0\" cellspacing=\"0\" width=\"100%\">\r\n				<tbody>\r\n					<tr>\r\n						<td align=\"center\">&amp;nbs\r\n						<table bgcolor=\"#000\" border=\"0\" cellpadding=\"0\" cellspacing=\"0\" class=\"mobile-shell\" width=\"650\">\r\n							<tbody>\r\n								<tr>\r\n									<td>\r\n									<table border=\"0\" cellpadding=\"0\" cellspacing=\"0\" width=\"100%\">\r\n										<tbody>\r\n											<tr>\r\n												<td class=\"section\" style=\"padding:40px 25px 40px 25px\">\r\n												<table border=\"0\" cellpadding=\"0\" cellspacing=\"0\" width=\"100%\">\r\n													<tbody>\r\n														<tr>\r\n															<th class=\"column\" style=\"font-size:0pt; line-height:0pt; padding:0; margin:0; font-weight:normal; Margin:0\" width=\"260\">\r\n															<table border=\"0\" cellpadding=\"0\" cellspacing=\"0\" width=\"100%\">\r\n																<tbody>\r\n																	<tr>\r\n																		<td class=\"img\" style=\"font-size:0pt; line-height:0pt; text-align:left\">\r\n																		<div class=\"img-m-center\" style=\"font-size:0pt; line-height:0pt; text-align: center;\"><img alt=\"logo\" class=\"logo-default\" src=\"http://eatanceweb.evincedev.com/assets/front/images/placeholder_image.jpg\" style=\"font-size: 0pt; text-align: left; background-color: rgb(247, 240, 238); font-family: Arial, sans-serif, Roboto;\" /></div>\r\n																		</td>\r\n																	</tr>\r\n																</tbody>\r\n															</table>\r\n															</th>\r\n														</tr>\r\n													</tbody>\r\n												</table>\r\n												</td>\r\n											</tr>\r\n										</tbody>\r\n									</table>\r\n\r\n									<table border=\"0\" cellpadding=\"0\" cellspacing=\"0\" width=\"100%\">\r\n										<tbody>\r\n											<tr>\r\n												<th bgcolor=\"#ffb300\" class=\"column\" style=\"font-size:0pt; line-height:0pt; padding:0; margin:0; font-weight:normal; Margin:0\">\r\n												<table border=\"0\" cellpadding=\"0\" cellspacing=\"0\" width=\"100%\">\r\n													<tbody>\r\n														<tr>\r\n															<td style=\"padding: 15px 25px 15px 25px;\">\r\n															<div class=\"text-footer-l\" style=\"color:#613b51; font-family:Arial,sans-serif, \'Roboto\'; font-size:11px; line-height:16px; text-align:center;\">Copyright &copy; 2020 LOREM IPSUM</div>\r\n															</td>\r\n														</tr>\r\n													</tbody>\r\n												</table>\r\n												</th>\r\n											</tr>\r\n										</tbody>\r\n									</table>\r\n									</td>\r\n								</tr>\r\n							</tbody>\r\n						</table>\r\n						</td>\r\n					</tr>\r\n				</tbody>\r\n			</table>\r\n			</td>\r\n		</tr>\r\n	</tbody>\r\n</table>\r\n</div>', 3, 'en', 1),
(15, 'البريد الإلكتروني الترويجية', 'promotional-email', 'البريد الإلكتروني الترويجية', '<style media=\"screen\" type=\"text/css\">[style*=\"Roboto\"] { font-family: \'Roboto\', Arial, sans-serif !important } [style*=\"Oswald\"] { font-family: \'Oswald\', Arial, sans-serif !important } /* Linked Styles */ .body { background-color: #f7f0ee; padding: 0 !important; margin: 0 !important; display: block !important; min-width: 100% !important; width: 100% !important; background: #f7f0ee; -webkit-text-size-adjust: none; font-family: Arial, sans-serif, \'Roboto\'; } a { color: #ef5751; text-decoration: none } p { padding: 0 !important; margin: 0 !important } img { -ms-interpolation-mode: bicubic; /* Allow smoother rendering of resized image in Internet Explorer */ } .text a { color: #ef5751 !important; text-decoration: underline !important; }\r\n</style>\r\n<div class=\"body\">\r\n<table border=\"0\" cellpadding=\"0\" cellspacing=\"0\" width=\"100%\">\r\n	<tbody>\r\n		<tr>\r\n			<td align=\"center\" valign=\"top\">\r\n			<table bgcolor=\"#ffffff\" border=\"0\" cellpadding=\"0\" cellspacing=\"0\" width=\"100%\">\r\n				<tbody>\r\n					<tr>\r\n						<td align=\"center\">\r\n						<table border=\"0\" cellpadding=\"0\" cellspacing=\"0\" class=\"mobile-shell\" width=\"650\">\r\n							<tbody>\r\n								<tr>\r\n									<td class=\"header\" style=\"width:650px; min-width:650px; font-size:0pt; line-height:0pt; padding:30px 10px 30px 10px; margin:0; font-weight:normal; Margin:0\">\r\n									<table border=\"0\" cellpadding=\"0\" cellspacing=\"0\" width=\"100%\">\r\n										<tbody>\r\n											<tr>\r\n												<td align=\"center\">\r\n												<table border=\"0\" cellpadding=\"0\" cellspacing=\"0\" width=\"100%\">\r\n													<tbody>\r\n														<tr>\r\n															<td style=\"padding-bottom: 0px;\">\r\n															<div class=\"img-center\" style=\"font-size:0pt; line-height:0pt; text-align:center\"><a href=\"#\" target=\"_blank\"><img alt=\"logo\" src=\"http://eatance.evincedev.com/assets/front/images/logo.png\" style=\"border-width: 0px; border-style: solid; width: 200px; height: 75px;\" /> </a></div>\r\n															</td>\r\n														</tr>\r\n													</tbody>\r\n												</table>\r\n												</td>\r\n											</tr>\r\n										</tbody>\r\n									</table>\r\n									</td>\r\n								</tr>\r\n							</tbody>\r\n						</table>\r\n						</td>\r\n					</tr>\r\n				</tbody>\r\n			</table>\r\n\r\n			<table border=\"0\" cellpadding=\"0\" cellspacing=\"0\" width=\"100%\">\r\n				<tbody>\r\n					<tr>\r\n						<td align=\"center\">\r\n						<table border=\"0\" cellpadding=\"0\" cellspacing=\"0\" class=\"mobile-shell\" width=\"650\">\r\n							<tbody>\r\n								<tr>\r\n									<td><!-- SECTION 1 -->\r\n									<table border=\"0\" cellpadding=\"0\" cellspacing=\"0\" class=\"spacer\" style=\"font-size:0pt; line-height:0pt; text-align:center; width:100%; min-width:100%\" width=\"100%\">\r\n										<tbody>\r\n											<tr>\r\n												<td class=\"spacer\" height=\"10\" style=\"font-size:0pt; line-height:0pt; text-align:center; width:100%; min-width:100%\">&nbsp;</td>\r\n											</tr>\r\n										</tbody>\r\n									</table>\r\n\r\n									<table bgcolor=\"#ffffff\" border=\"0\" cellpadding=\"0\" cellspacing=\"0\" style=\"padding: 20px; text-align: center;\" width=\"100%\">\r\n										<tbody>\r\n											<tr>\r\n												<td><b style=\"font-size: 30px\">مام الأمور ويخ</b></td>\r\n											</tr>\r\n											<tr style=\"height: 10px\">\r\n											</tr>\r\n											<tr>\r\n												<td>\r\n												<p style=\"font-size: 16px;\">لكن لا بد أن أوضح لك أن كل هذه الأفكار المغلوطة حول استنكار&nbsp; النشوة وتمجيد الألم نشأت بالفعل، وسأعرض لك التفاصيل لتكتشف حقيقة وأساس تلك السعادة البشرية، فلا أحد يرفض أو يكره أو يتجنب الشعور بالسعادة، ولكن بفضل هؤلاء الأشخاص الذين لا يدركون بأن السعادة لا بد أن نستشعرها بصورة أكثر عقلانية ومنطقية فيعرضهم هذا لمواجهة الظروف الأليمة، وأكرر بأنه لا يوجد من يرغب في الحب ونيل المنال ويتلذذ بالآلام، الألم هو الألم ولكن نتيجة لظروف ما قد تكمن السعاده فيما نتحمله من كد وأسي</p>\r\n												</td>\r\n											</tr>\r\n										</tbody>\r\n									</table>\r\n\r\n									<table align=\"center\" bgcolor=\"#ffffff\" border=\"0\" cellpadding=\"0\" cellspacing=\"0\" style=\"padding: 20px; text-align: center;\" width=\"100%\">\r\n										<tbody>\r\n											<tr>\r\n												<td>\r\n												<table bgcolor=\"#ffffff\" border=\"0\" cellpadding=\"0\" cellspacing=\"0\" style=\" text-align: center; width: 305px;\">\r\n													<tbody>\r\n														<tr>\r\n															<td><img alt=\"item-image\" src=\"http://eatance.evincedev.com/uploads/menu/11be64548307634fc880f6f40c271e84.jpg\" style=\"width: 100%;\" /></td>\r\n														</tr>\r\n													</tbody>\r\n												</table>\r\n												</td>\r\n												<td>\r\n												<table bgcolor=\"#ffffff\" border=\"0\" cellpadding=\"0\" cellspacing=\"0\" style=\" text-align: center; width: 305px; padding: 0 10px 0 10px;\">\r\n													<tbody>\r\n														<tr>\r\n															<td><b style=\"font-size: 20px;\">مام الأمور ويخ</b>\r\n															<p>لكن لا بد أن أوضح لك أن كل هذه الأفكار المغلوطة حول استنكار&nbsp; النشوة وتمجيد الألم نشأت بالفعل، وسأعرض لك التفاصيل لتكتشف حقيقة وأساس تلك السعادة البشرية، فلا أحد يرفض أو يكره أو يتجنب الشعور بالسعادة، ولكن بفضل هؤلاء الأشخاص الذين لا يدركون بأن السعادة لا بد أن نستشعرها بصورة أكثر عقلانية ومنطقية فيعرضهم هذا لمواجهة الظروف الأليمة، وأكرر بأنه لا يوجد من يرغب في الحب ونيل المنال ويتلذذ بالآلام، الألم هو الألم ولكن نتيجة لظروف ما قد تكمن السعاده فيما نتحمله من كد وأسي</p>\r\n															</td>\r\n														</tr>\r\n													</tbody>\r\n												</table>\r\n												</td>\r\n											</tr>\r\n											<tr style=\"height: 10px\">\r\n											</tr>\r\n										</tbody>\r\n									</table>\r\n\r\n									<table align=\"center\" bgcolor=\"#fff\" border=\"0\" cellpadding=\"0\" cellspacing=\"0\" style=\"text-align: center;\" width=\"100%\">\r\n										<tbody>\r\n											<tr style=\"height: 50px\">\r\n											</tr>\r\n											<tr>\r\n												<td style=\"font-size: 24px; color: #000; font-weight: 500\">TESTY OFFERS IN THIS MONTHS</td>\r\n											</tr>\r\n										</tbody>\r\n									</table>\r\n\r\n									<table align=\"center\" bgcolor=\"#fff\" border=\"0\" cellpadding=\"0\" cellspacing=\"0\" style=\"padding: 20px; text-align: center;\" width=\"100%\">\r\n										<tbody>\r\n											<tr>\r\n												<td>\r\n												<table align=\"center\" bgcolor=\"#fff\" border=\"0\" cellpadding=\"0\" cellspacing=\"0\" style=\"width: 180px;\">\r\n													<tbody>\r\n														<tr>\r\n															<td><img src=\"http://eatance.evincedev.com/uploads/menu/11be64548307634fc880f6f40c271e84.jpg\" style=\"width: 100%;\" /></td>\r\n														</tr>\r\n														<tr style=\"height: 10px\">\r\n														</tr>\r\n														<tr>\r\n															<td style=\"font-size: 18px; font-weight: 500;\">FRENCH PIZZA</td>\r\n														</tr>\r\n														<tr style=\"height: 5px\">\r\n														</tr>\r\n													</tbody>\r\n												</table>\r\n												</td>\r\n												<td>\r\n												<table align=\"center\" bgcolor=\"#fff\" border=\"0\" cellpadding=\"0\" cellspacing=\"0\" style=\"width: 180px;\">\r\n													<tbody>\r\n														<tr>\r\n															<td><img src=\"http://eatance.evincedev.com/uploads/menu/11be64548307634fc880f6f40c271e84.jpg\" style=\"width: 100%;\" /></td>\r\n														</tr>\r\n														<tr style=\"height: 10px\">\r\n														</tr>\r\n														<tr>\r\n															<td style=\"font-size: 18px; font-weight: 500;\">ITALIAN PIZZA</td>\r\n														</tr>\r\n														<tr style=\"height: 5px\">\r\n														</tr>\r\n													</tbody>\r\n												</table>\r\n												</td>\r\n												<td>\r\n												<table align=\"center\" bgcolor=\"#fff\" border=\"0\" cellpadding=\"0\" cellspacing=\"0\" style=\"width: 180px;\">\r\n													<tbody>\r\n														<tr>\r\n															<td><img src=\"http://eatance.evincedev.com/uploads/menu/11be64548307634fc880f6f40c271e84.jpg\" style=\"width: 100%;\" /></td>\r\n														</tr>\r\n														<tr style=\"height: 10px\">\r\n														</tr>\r\n														<tr>\r\n															<td style=\"font-size: 18px; font-weight: 500;\">BRAZILIAN PIZZA</td>\r\n														</tr>\r\n														<tr style=\"height: 5px\">\r\n														</tr>\r\n													</tbody>\r\n												</table>\r\n												</td>\r\n											</tr>\r\n										</tbody>\r\n									</table>\r\n\r\n									<table align=\"center\" bgcolor=\"#fff\" border=\"0\" cellpadding=\"0\" cellspacing=\"0\" style=\"text-align: center;\" width=\"100%\">\r\n										<tbody>\r\n											<tr style=\"height: 50px\">\r\n											</tr>\r\n											<tr>\r\n												<td style=\"font-size: 24px; color: #000; font-weight: 500\">GET IN TOUCH</td>\r\n											</tr>\r\n										</tbody>\r\n									</table>\r\n\r\n									<table align=\"center\" bgcolor=\"#fff\" border=\"0\" cellpadding=\"0\" cellspacing=\"0\" style=\"text-align: center;padding: 20px 50px 20px 50px\" width=\"100%\">\r\n										<tbody>\r\n											<tr>\r\n												<td>\r\n												<table align=\"center\" bgcolor=\"#e5e5e5\" border=\"0\" cellpadding=\"0\" cellspacing=\"0\" style=\"padding: 20px;\" width=\"100%\">\r\n													<tbody>\r\n														<tr>\r\n															<td><a href=\"#\"><img src=\"http://eatance.evincedev.com/assets/admin/img/fb-icon.png\" /></a></td>\r\n															<td><a href=\"#\"><img src=\"http://eatance.evincedev.com/assets/admin/img/google-plus-icon.png\" /></a></td>\r\n															<td><a href=\"#\"><img src=\"http://eatance.evincedev.com/assets/admin/img/instagram-icon.png\" /></a></td>\r\n															<td><a href=\"#\"><img src=\"http://eatance.evincedev.com/assets/admin/img/twitter-icon.png\" style=\"width: 32px; height: 32px;\" /></a></td>\r\n														</tr>\r\n													</tbody>\r\n												</table>\r\n												</td>\r\n											</tr>\r\n										</tbody>\r\n									</table>\r\n									<!-- SECTION 1 END--></td>\r\n								</tr>\r\n							</tbody>\r\n						</table>\r\n						</td>\r\n					</tr>\r\n				</tbody>\r\n			</table>\r\n\r\n			<table border=\"0\" cellpadding=\"0\" cellspacing=\"0\" width=\"100%\">\r\n				<tbody>\r\n					<tr>\r\n						<td align=\"center\">&nbsp;\r\n						<table bgcolor=\"#000\" border=\"0\" cellpadding=\"0\" cellspacing=\"0\" class=\"mobile-shell\" width=\"650\">\r\n							<tbody>\r\n								<tr>\r\n									<td>\r\n									<table border=\"0\" cellpadding=\"0\" cellspacing=\"0\" width=\"100%\">\r\n										<tbody>\r\n											<tr>\r\n												<td class=\"section\" style=\"padding:40px 25px 40px 25px\">\r\n												<table border=\"0\" cellpadding=\"0\" cellspacing=\"0\" width=\"100%\">\r\n													<tbody>\r\n														<tr>\r\n															<th class=\"column\" style=\"font-size:0pt; line-height:0pt; padding:0; margin:0; font-weight:normal; Margin:0\" width=\"260\">\r\n															<table border=\"0\" cellpadding=\"0\" cellspacing=\"0\" width=\"100%\">\r\n																<tbody>\r\n																	<tr>\r\n																		<td class=\"img\" style=\"font-size:0pt; line-height:0pt; text-align:left\">\r\n																		<div class=\"img-m-center\" style=\"font-size:0pt; line-height:0pt; text-align: center;\"><img alt=\"\" src=\"http://eatance.evincedev.com/assets/admin/img/logo.png\" style=\"border-width: 0px; border-style: solid; width: 180px; height: 50px;\" /></div>\r\n																		</td>\r\n																	</tr>\r\n																</tbody>\r\n															</table>\r\n															</th>\r\n														</tr>\r\n													</tbody>\r\n												</table>\r\n												</td>\r\n											</tr>\r\n										</tbody>\r\n									</table>\r\n\r\n									<table border=\"0\" cellpadding=\"0\" cellspacing=\"0\" width=\"100%\">\r\n										<tbody>\r\n											<tr>\r\n												<th bgcolor=\"#ebddd9\" class=\"column\" style=\"font-size:0pt; line-height:0pt; padding:0; margin:0; font-weight:normal; Margin:0\">\r\n												<table border=\"0\" cellpadding=\"0\" cellspacing=\"0\" width=\"100%\">\r\n													<tbody>\r\n														<tr>\r\n															<td style=\"padding: 15px 25px 15px 25px;\">\r\n															<div class=\"text-footer-l\" style=\"color:#613b51; font-family:Arial,sans-serif, \'Roboto\'; font-size:11px; line-height:16px; text-align:center;\">Copyright &copy; 2019 restaurant</div>\r\n															</td>\r\n														</tr>\r\n													</tbody>\r\n												</table>\r\n												</th>\r\n											</tr>\r\n										</tbody>\r\n									</table>\r\n									</td>\r\n								</tr>\r\n							</tbody>\r\n						</table>\r\n						</td>\r\n					</tr>\r\n				</tbody>\r\n			</table>\r\n			</td>\r\n		</tr>\r\n	</tbody>\r\n</table>\r\n</div>', 3, 'ar', 1),
(17, 'User Added', 'user-added', 'Restaurant App: New User Added', '<style media=\"screen\" type=\"text/css\">[style*=\"Roboto\"] { font-family: \'Roboto\', Arial, sans-serif !important } [style*=\"Oswald\"] { font-family: \'Oswald\', Arial, sans-serif !important } /* Linked Styles */ .body { background-color: #f7f0ee; padding: 0 !important; margin: 0 !important; display: block !important; min-width: 100% !important; width: 100% !important; background: #f7f0ee; -webkit-text-size-adjust: none; font-family: Arial, sans-serif, \'Roboto\'; } a { color: #ef5751; text-decoration: none } p { padding: 0 !important; margin: 0 !important } img { -ms-interpolation-mode: bicubic; /* Allow smoother rendering of resized image in Internet Explorer */ } .text a { color: #ef5751 !important; text-decoration: underline !important; }\r\n</style>\r\n<div class=\"body\">\r\n<table border=\"0\" cellpadding=\"0\" cellspacing=\"0\" width=\"100%\">\r\n	<tbody>\r\n		<tr>\r\n			<td align=\"center\" valign=\"top\">\r\n			<table bgcolor=\"#ffffff\" border=\"0\" cellpadding=\"0\" cellspacing=\"0\" width=\"100%\">\r\n				<tbody>\r\n					<tr>\r\n						<td align=\"center\">\r\n						<table border=\"0\" cellpadding=\"0\" cellspacing=\"0\" class=\"mobile-shell\" width=\"650\">\r\n							<tbody>\r\n								<tr>\r\n									<td class=\"header\" style=\"width:650px; min-width:650px; font-size:0pt; line-height:0pt; padding:30px 10px 30px 10px; margin:0; font-weight:normal; Margin:0\">\r\n									<table border=\"0\" cellpadding=\"0\" cellspacing=\"0\" width=\"100%\">\r\n										<tbody>\r\n											<tr>\r\n												<td align=\"center\">\r\n												<table border=\"0\" cellpadding=\"0\" cellspacing=\"0\" width=\"100%\">\r\n													<tbody>\r\n														<tr>\r\n															<td style=\"padding-bottom: 0px;\">\r\n															<div class=\"img-center\" style=\"font-size:0pt; line-height:0pt; text-align:center\"><a href=\"#\" target=\"_blank\"><img alt=\"logo\" src=\"http://eatanceweb.evincedev.com/assets/front/images/logo.png\" style=\"border-width: 0px; border-style: solid; width: 200px; height: 75px;\" /> </a></div>\r\n															</td>\r\n														</tr>\r\n													</tbody>\r\n												</table>\r\n												</td>\r\n											</tr>\r\n										</tbody>\r\n									</table>\r\n									</td>\r\n								</tr>\r\n							</tbody>\r\n						</table>\r\n						</td>\r\n					</tr>\r\n				</tbody>\r\n			</table>\r\n\r\n			<table border=\"0\" cellpadding=\"0\" cellspacing=\"0\" width=\"100%\">\r\n				<tbody>\r\n					<tr>\r\n						<td align=\"center\">\r\n						<table border=\"0\" cellpadding=\"0\" cellspacing=\"0\" class=\"mobile-shell\" width=\"650\">\r\n							<tbody>\r\n								<tr>\r\n									<td style=\"border: 1px solid #E6CD66; padding:40px 30px; box-shadow:0 2px 3px #cccccc; border-radius: 4px; background-color:#fff;\">\r\n									<p>Dear #firstname# ,</p>\r\n\r\n									<p>You have been added to our Eatance App</p>\r\n\r\n									<p>Your Credentials are as follows :</p>\r\n\r\n									<p>UserName: #email#</p>\r\n\r\n									<p>Password: #password#</p>\r\n\r\n									<p style=\"font-size:14px; color:#343434; margin-bottom:10px;\">&nbsp;</p>\r\n\r\n									<p style=\"font-size:14px; color:#343434; margin-bottom:10px;\">Team Eatance</p>\r\n									</td>\r\n								</tr>\r\n							</tbody>\r\n						</table>\r\n						</td>\r\n					</tr>\r\n				</tbody>\r\n			</table>\r\n\r\n			<table border=\"0\" cellpadding=\"0\" cellspacing=\"0\" width=\"100%\">\r\n				<tbody>\r\n					<tr>\r\n						<td align=\"center\">\r\n						<table bgcolor=\"#000\" border=\"0\" cellpadding=\"0\" cellspacing=\"0\" class=\"mobile-shell\" width=\"650\">\r\n							<tbody>\r\n								<tr>\r\n									<td>\r\n									<table border=\"0\" cellpadding=\"0\" cellspacing=\"0\" width=\"100%\">\r\n										<tbody>\r\n											<tr>\r\n												<th bgcolor=\"#ffb300\" class=\"column\" style=\"font-size:0pt; line-height:0pt; padding:0; margin:0; font-weight:normal; Margin:0\">\r\n												<table border=\"0\" cellpadding=\"0\" cellspacing=\"0\" width=\"100%\">\r\n													<tbody>\r\n														<tr>\r\n															<td style=\"padding: 15px 25px 15px 25px;\">\r\n															<div class=\"text-footer-l\" style=\"color:#613b51; font-family:Arial,sans-serif, \'Roboto\'; font-size:11px; line-height:16px; text-align:center;\">Copyright &copy; 2019 Eatance</div>\r\n															</td>\r\n														</tr>\r\n													</tbody>\r\n												</table>\r\n												</th>\r\n											</tr>\r\n										</tbody>\r\n									</table>\r\n									</td>\r\n								</tr>\r\n							</tbody>\r\n						</table>\r\n						</td>\r\n					</tr>\r\n				</tbody>\r\n			</table>\r\n			</td>\r\n		</tr>\r\n	</tbody>\r\n</table>\r\n</div>', 26, 'en', 1),
(18, 'New Restaurant Alert', 'new-restaurant-alert', 'New Restaurant Alert', '<style media=\"screen\" type=\"text/css\">[style*=\"Roboto\"] { font-family: \'Roboto\', Arial, sans-serif !important } [style*=\"Oswald\"] { font-family: \'Oswald\', Arial, sans-serif !important } /* Linked Styles */ .body { background-color: #f7f0ee; padding: 0 !important; margin: 0 !important; display: block !important; min-width: 100% !important; width: 100% !important; background: #f7f0ee; -webkit-text-size-adjust: none; font-family: Arial, sans-serif, \'Roboto\'; } a { color: #ef5751; text-decoration: none } p { padding: 0 !important; margin: 0 !important } img { -ms-interpolation-mode: bicubic; /* Allow smoother rendering of resized image in Internet Explorer */ } .text a { color: #ef5751 !important; text-decoration: underline !important; }\r\n</style>\r\n<div class=\"body\">\r\n<table border=\"0\" cellpadding=\"0\" cellspacing=\"0\" width=\"100%\">\r\n	<tbody>\r\n		<tr>\r\n			<td align=\"center\" valign=\"top\">\r\n			<table bgcolor=\"#ffffff\" border=\"0\" cellpadding=\"0\" cellspacing=\"0\" width=\"100%\">\r\n				<tbody>\r\n					<tr>\r\n						<td align=\"center\">\r\n						<table border=\"0\" cellpadding=\"0\" cellspacing=\"0\" class=\"mobile-shell\" width=\"650\">\r\n							<tbody>\r\n								<tr>\r\n									<td class=\"header\" style=\"width:650px; min-width:650px; font-size:0pt; line-height:0pt; padding:30px 10px 30px 10px; margin:0; font-weight:normal; Margin:0\">\r\n									<table border=\"0\" cellpadding=\"0\" cellspacing=\"0\" width=\"100%\">\r\n										<tbody>\r\n											<tr>\r\n												<td align=\"center\">\r\n												<table border=\"0\" cellpadding=\"0\" cellspacing=\"0\" width=\"100%\">\r\n													<tbody>\r\n														<tr>\r\n															<td style=\"padding-bottom: 0px;\">\r\n															<div class=\"img-center\" style=\"font-size:0pt; line-height:0pt; text-align:center\"><a href=\"#\" target=\"_blank\"><img alt=\"logo\" src=\"http://eatanceweb.evincedev.com/assets/front/images/logo.png\" style=\"border-width: 0px; border-style: solid; width: 200px; height: 75px;\" /> </a></div>\r\n															</td>\r\n														</tr>\r\n													</tbody>\r\n												</table>\r\n												</td>\r\n											</tr>\r\n										</tbody>\r\n									</table>\r\n									</td>\r\n								</tr>\r\n							</tbody>\r\n						</table>\r\n						</td>\r\n					</tr>\r\n				</tbody>\r\n			</table>\r\n\r\n			<table border=\"0\" cellpadding=\"0\" cellspacing=\"0\" width=\"100%\">\r\n				<tbody>\r\n					<tr>\r\n						<td align=\"center\">\r\n						<table border=\"0\" cellpadding=\"0\" cellspacing=\"0\" class=\"mobile-shell\" width=\"650\">\r\n							<tbody>\r\n								<tr>\r\n									<td style=\"border: 1px solid #E6CD66; padding:40px 30px; box-shadow:0 2px 3px #cccccc; border-radius: 4px; background-color:#fff;\">\r\n									<p>Dear #firstname# ,</p>\r\n\r\n									<p>New Restaurant #restaurant#, has been added. Please review.</p>\r\n\r\n									<p>&nbsp;</p>\r\n\r\n									<p>Thank you</p>\r\n\r\n									<p style=\"font-size:14px; color:#343434; margin-bottom:10px;\">Team Eatance</p>\r\n									</td>\r\n								</tr>\r\n							</tbody>\r\n						</table>\r\n						</td>\r\n					</tr>\r\n				</tbody>\r\n			</table>\r\n\r\n			<table border=\"0\" cellpadding=\"0\" cellspacing=\"0\" width=\"100%\">\r\n				<tbody>\r\n					<tr>\r\n						<td align=\"center\">\r\n						<table bgcolor=\"#000\" border=\"0\" cellpadding=\"0\" cellspacing=\"0\" class=\"mobile-shell\" width=\"650\">\r\n							<tbody>\r\n								<tr>\r\n									<td>\r\n									<table border=\"0\" cellpadding=\"0\" cellspacing=\"0\" width=\"100%\">\r\n										<tbody>\r\n											<tr>\r\n												<th bgcolor=\"#ffb300\" class=\"column\" style=\"font-size:0pt; line-height:0pt; padding:0; margin:0; font-weight:normal; Margin:0\">\r\n												<table border=\"0\" cellpadding=\"0\" cellspacing=\"0\" width=\"100%\">\r\n													<tbody>\r\n														<tr>\r\n															<td style=\"padding: 15px 25px 15px 25px;\">\r\n															<div class=\"text-footer-l\" style=\"color:#613b51; font-family:Arial,sans-serif, \'Roboto\'; font-size:11px; line-height:16px; text-align:center;\">Copyright &copy; 2019 Eatance</div>\r\n															</td>\r\n														</tr>\r\n													</tbody>\r\n												</table>\r\n												</th>\r\n											</tr>\r\n										</tbody>\r\n									</table>\r\n									</td>\r\n								</tr>\r\n							</tbody>\r\n						</table>\r\n						</td>\r\n					</tr>\r\n				</tbody>\r\n			</table>\r\n			</td>\r\n		</tr>\r\n	</tbody>\r\n</table>\r\n</div>', 27, 'en', 1),
(19, 'Restaurant Details Update Alert', 'restaurant-details-update-alert', 'Restaurant Details Update Alert', '<style media=\"screen\" type=\"text/css\">[style*=\"Roboto\"] { font-family: \'Roboto\', Arial, sans-serif !important } [style*=\"Oswald\"] { font-family: \'Oswald\', Arial, sans-serif !important } /* Linked Styles */ .body { background-color: #f7f0ee; padding: 0 !important; margin: 0 !important; display: block !important; min-width: 100% !important; width: 100% !important; background: #f7f0ee; -webkit-text-size-adjust: none; font-family: Arial, sans-serif, \'Roboto\'; } a { color: #ef5751; text-decoration: none } p { padding: 0 !important; margin: 0 !important } img { -ms-interpolation-mode: bicubic; /* Allow smoother rendering of resized image in Internet Explorer */ } .text a { color: #ef5751 !important; text-decoration: underline !important; }\r\n</style>\r\n<div class=\"body\">\r\n<table border=\"0\" cellpadding=\"0\" cellspacing=\"0\" width=\"100%\">\r\n	<tbody>\r\n		<tr>\r\n			<td align=\"center\" valign=\"top\">\r\n			<table bgcolor=\"#ffffff\" border=\"0\" cellpadding=\"0\" cellspacing=\"0\" width=\"100%\">\r\n				<tbody>\r\n					<tr>\r\n						<td align=\"center\">\r\n						<table border=\"0\" cellpadding=\"0\" cellspacing=\"0\" class=\"mobile-shell\" width=\"650\">\r\n							<tbody>\r\n								<tr>\r\n									<td class=\"header\" style=\"width:650px; min-width:650px; font-size:0pt; line-height:0pt; padding:30px 10px 30px 10px; margin:0; font-weight:normal; Margin:0\">\r\n									<table border=\"0\" cellpadding=\"0\" cellspacing=\"0\" width=\"100%\">\r\n										<tbody>\r\n											<tr>\r\n												<td align=\"center\">\r\n												<table border=\"0\" cellpadding=\"0\" cellspacing=\"0\" width=\"100%\">\r\n													<tbody>\r\n														<tr>\r\n															<td style=\"padding-bottom: 0px;\">\r\n															<div class=\"img-center\" style=\"font-size:0pt; line-height:0pt; text-align:center\"><a href=\"#\" target=\"_blank\"><img alt=\"logo\" src=\"http://eatanceweb.evincedev.com/assets/front/images/logo.png\" style=\"border-width: 0px; border-style: solid; width: 200px; height: 75px;\" /> </a></div>\r\n															</td>\r\n														</tr>\r\n													</tbody>\r\n												</table>\r\n												</td>\r\n											</tr>\r\n										</tbody>\r\n									</table>\r\n									</td>\r\n								</tr>\r\n							</tbody>\r\n						</table>\r\n						</td>\r\n					</tr>\r\n				</tbody>\r\n			</table>\r\n\r\n			<table border=\"0\" cellpadding=\"0\" cellspacing=\"0\" width=\"100%\">\r\n				<tbody>\r\n					<tr>\r\n						<td align=\"center\">\r\n						<table border=\"0\" cellpadding=\"0\" cellspacing=\"0\" class=\"mobile-shell\" width=\"650\">\r\n							<tbody>\r\n								<tr>\r\n									<td style=\"border: 1px solid #E6CD66; padding:40px 30px; box-shadow:0 2px 3px #cccccc; border-radius: 4px; background-color:#fff;\">\r\n									<p>Dear #firstname# ,</p>\r\n\r\n									<p>#restaurant# restaurant&#39;s details has been updated. Please review.</p>\r\n\r\n									<p>&nbsp;</p>\r\n\r\n									<p>Thank you</p>\r\n\r\n									<p style=\"font-size:14px; color:#343434; margin-bottom:10px;\">Team Eatance</p>\r\n									</td>\r\n								</tr>\r\n							</tbody>\r\n						</table>\r\n						</td>\r\n					</tr>\r\n				</tbody>\r\n			</table>\r\n\r\n			<table border=\"0\" cellpadding=\"0\" cellspacing=\"0\" width=\"100%\">\r\n				<tbody>\r\n					<tr>\r\n						<td align=\"center\">\r\n						<table bgcolor=\"#000\" border=\"0\" cellpadding=\"0\" cellspacing=\"0\" class=\"mobile-shell\" width=\"650\">\r\n							<tbody>\r\n								<tr>\r\n									<td>\r\n									<table border=\"0\" cellpadding=\"0\" cellspacing=\"0\" width=\"100%\">\r\n										<tbody>\r\n											<tr>\r\n												<th bgcolor=\"#ffb300\" class=\"column\" style=\"font-size:0pt; line-height:0pt; padding:0; margin:0; font-weight:normal; Margin:0\">\r\n												<table border=\"0\" cellpadding=\"0\" cellspacing=\"0\" width=\"100%\">\r\n													<tbody>\r\n														<tr>\r\n															<td style=\"padding: 15px 25px 15px 25px;\">\r\n															<div class=\"text-footer-l\" style=\"color:#613b51; font-family:Arial,sans-serif, \'Roboto\'; font-size:11px; line-height:16px; text-align:center;\">Copyright &copy; 2019 Eatance</div>\r\n															</td>\r\n														</tr>\r\n													</tbody>\r\n												</table>\r\n												</th>\r\n											</tr>\r\n										</tbody>\r\n									</table>\r\n									</td>\r\n								</tr>\r\n							</tbody>\r\n						</table>\r\n						</td>\r\n					</tr>\r\n				</tbody>\r\n			</table>\r\n			</td>\r\n		</tr>\r\n	</tbody>\r\n</table>\r\n</div>', 28, 'en', 1);
INSERT INTO `email_template` (`entity_id`, `title`, `email_slug`, `subject`, `message`, `content_id`, `language_slug`, `status`) VALUES
(20, 'Email Update Alert', 'email-update-alert', 'Email Update Alert', '<style media=\"screen\" type=\"text/css\">[style*=\"Roboto\"] { font-family: \'Roboto\', Arial, sans-serif !important } [style*=\"Oswald\"] { font-family: \'Oswald\', Arial, sans-serif !important } /* Linked Styles */ .body { background-color: #f7f0ee; padding: 0 !important; margin: 0 !important; display: block !important; min-width: 100% !important; width: 100% !important; background: #f7f0ee; -webkit-text-size-adjust: none; font-family: Arial, sans-serif, \'Roboto\'; } a { color: #ef5751; text-decoration: none } p { padding: 0 !important; margin: 0 !important } img { -ms-interpolation-mode: bicubic; /* Allow smoother rendering of resized image in Internet Explorer */ } .text a { color: #ef5751 !important; text-decoration: underline !important; }\r\n</style>\r\n<div class=\"body\">\r\n<table border=\"0\" cellpadding=\"0\" cellspacing=\"0\" width=\"100%\">\r\n	<tbody>\r\n		<tr>\r\n			<td align=\"center\" valign=\"top\">\r\n			<table bgcolor=\"#ffffff\" border=\"0\" cellpadding=\"0\" cellspacing=\"0\" width=\"100%\">\r\n				<tbody>\r\n					<tr>\r\n						<td align=\"center\">\r\n						<table border=\"0\" cellpadding=\"0\" cellspacing=\"0\" class=\"mobile-shell\" width=\"650\">\r\n							<tbody>\r\n								<tr>\r\n									<td class=\"header\" style=\"width:650px; min-width:650px; font-size:0pt; line-height:0pt; padding:30px 10px 30px 10px; margin:0; font-weight:normal; Margin:0\">\r\n									<table border=\"0\" cellpadding=\"0\" cellspacing=\"0\" width=\"100%\">\r\n										<tbody>\r\n											<tr>\r\n												<td align=\"center\">\r\n												<table border=\"0\" cellpadding=\"0\" cellspacing=\"0\" width=\"100%\">\r\n													<tbody>\r\n														<tr>\r\n															<td style=\"padding-bottom: 0px;\">\r\n															<div class=\"img-center\" style=\"font-size:0pt; line-height:0pt; text-align:center\"><a href=\"#\" target=\"_blank\"><img alt=\"logo\" src=\"http://eatanceweb.evincedev.com/assets/front/images/logo.png\" style=\"border-width: 0px; border-style: solid; width: 200px; height: 75px;\" /> </a></div>\r\n															</td>\r\n														</tr>\r\n													</tbody>\r\n												</table>\r\n												</td>\r\n											</tr>\r\n										</tbody>\r\n									</table>\r\n									</td>\r\n								</tr>\r\n							</tbody>\r\n						</table>\r\n						</td>\r\n					</tr>\r\n				</tbody>\r\n			</table>\r\n\r\n			<table border=\"0\" cellpadding=\"0\" cellspacing=\"0\" width=\"100%\">\r\n				<tbody>\r\n					<tr>\r\n						<td align=\"center\">\r\n						<table border=\"0\" cellpadding=\"0\" cellspacing=\"0\" class=\"mobile-shell\" width=\"650\">\r\n							<tbody>\r\n								<tr>\r\n									<td style=\"border: 1px solid #E6CD66; padding:40px 30px; box-shadow:0 2px 3px #cccccc; border-radius: 4px; background-color:#fff;\">\r\n									<p>Dear #firstname# ,</p>\r\n\r\n									<p>Your email has been updated from #s_email# to #email#. Please review.</p>\r\n\r\n									<p>&nbsp;</p>\r\n\r\n									<p>Thank you<br />\r\n									Team Eatance</p>\r\n									</td>\r\n								</tr>\r\n							</tbody>\r\n						</table>\r\n						</td>\r\n					</tr>\r\n				</tbody>\r\n			</table>\r\n\r\n			<table border=\"0\" cellpadding=\"0\" cellspacing=\"0\" width=\"100%\">\r\n				<tbody>\r\n					<tr>\r\n						<td align=\"center\">\r\n						<table bgcolor=\"#000\" border=\"0\" cellpadding=\"0\" cellspacing=\"0\" class=\"mobile-shell\" width=\"650\">\r\n							<tbody>\r\n								<tr>\r\n									<td>\r\n									<table border=\"0\" cellpadding=\"0\" cellspacing=\"0\" width=\"100%\">\r\n										<tbody>\r\n											<tr>\r\n												<th bgcolor=\"#ffb300\" class=\"column\" style=\"font-size:0pt; line-height:0pt; padding:0; margin:0; font-weight:normal; Margin:0\">\r\n												<table border=\"0\" cellpadding=\"0\" cellspacing=\"0\" width=\"100%\">\r\n													<tbody>\r\n														<tr>\r\n															<td style=\"padding: 15px 25px 15px 25px;\">\r\n															<div class=\"text-footer-l\" style=\"color:#613b51; font-family:Arial,sans-serif, \'Roboto\'; font-size:11px; line-height:16px; text-align:center;\">Copyright &copy; 2019 Eatance</div>\r\n															</td>\r\n														</tr>\r\n													</tbody>\r\n												</table>\r\n												</th>\r\n											</tr>\r\n										</tbody>\r\n									</table>\r\n									</td>\r\n								</tr>\r\n							</tbody>\r\n						</table>\r\n						</td>\r\n					</tr>\r\n				</tbody>\r\n			</table>\r\n			</td>\r\n		</tr>\r\n	</tbody>\r\n</table>\r\n</div>', 30, 'en', 1),
(21, 'Change status Alert', 'change-status-alert', 'Change status Alert', '<style media=\"screen\" type=\"text/css\">[style*=\"Roboto\"] { font-family: \'Roboto\', Arial, sans-serif !important } [style*=\"Oswald\"] { font-family: \'Oswald\', Arial, sans-serif !important } /* Linked Styles */ .body { background-color: #f7f0ee; padding: 0 !important; margin: 0 !important; display: block !important; min-width: 100% !important; width: 100% !important; background: #f7f0ee; -webkit-text-size-adjust: none; font-family: Arial, sans-serif, \'Roboto\'; } a { color: #ef5751; text-decoration: none } p { padding: 0 !important; margin: 0 !important } img { -ms-interpolation-mode: bicubic; /* Allow smoother rendering of resized image in Internet Explorer */ } .text a { color: #ef5751 !important; text-decoration: underline !important; }\r\n</style>\r\n<div class=\"body\">\r\n<table border=\"0\" cellpadding=\"0\" cellspacing=\"0\" width=\"100%\">\r\n	<tbody>\r\n		<tr>\r\n			<td align=\"center\" valign=\"top\">\r\n			<table bgcolor=\"#ffffff\" border=\"0\" cellpadding=\"0\" cellspacing=\"0\" width=\"100%\">\r\n				<tbody>\r\n					<tr>\r\n						<td align=\"center\">\r\n						<table border=\"0\" cellpadding=\"0\" cellspacing=\"0\" class=\"mobile-shell\" width=\"650\">\r\n							<tbody>\r\n								<tr>\r\n									<td class=\"header\" style=\"width:650px; min-width:650px; font-size:0pt; line-height:0pt; padding:30px 10px 30px 10px; margin:0; font-weight:normal; Margin:0\">\r\n									<table border=\"0\" cellpadding=\"0\" cellspacing=\"0\" width=\"100%\">\r\n										<tbody>\r\n											<tr>\r\n												<td align=\"center\">\r\n												<table border=\"0\" cellpadding=\"0\" cellspacing=\"0\" width=\"100%\">\r\n													<tbody>\r\n														<tr>\r\n															<td style=\"padding-bottom: 0px;\">\r\n															<div class=\"img-center\" style=\"font-size:0pt; line-height:0pt; text-align:center\"><a href=\"#\" target=\"_blank\"><img alt=\"logo\" src=\"http://eatanceweb.evincedev.com/assets/front/images/logo.png\" style=\"border-width: 0px; border-style: solid; width: 200px; height: 75px;\" /> </a></div>\r\n															</td>\r\n														</tr>\r\n													</tbody>\r\n												</table>\r\n												</td>\r\n											</tr>\r\n										</tbody>\r\n									</table>\r\n									</td>\r\n								</tr>\r\n							</tbody>\r\n						</table>\r\n						</td>\r\n					</tr>\r\n				</tbody>\r\n			</table>\r\n\r\n			<table border=\"0\" cellpadding=\"0\" cellspacing=\"0\" width=\"100%\">\r\n				<tbody>\r\n					<tr>\r\n						<td align=\"center\">\r\n						<table border=\"0\" cellpadding=\"0\" cellspacing=\"0\" class=\"mobile-shell\" width=\"650\">\r\n							<tbody>\r\n								<tr>\r\n									<td style=\"border: 1px solid #E6CD66; padding:40px 30px; box-shadow:0 2px 3px #cccccc; border-radius: 4px; background-color:#fff;\">\r\n									<p>Dear #firstname# ,</p>\r\n\r\n									<p>Your account has been #status# by Eatance admin.</p>\r\n\r\n									<p>&nbsp;</p>\r\n\r\n									<p>Thank you</p>\r\n\r\n									<p>Team Eatance</p>\r\n									</td>\r\n								</tr>\r\n							</tbody>\r\n						</table>\r\n						</td>\r\n					</tr>\r\n				</tbody>\r\n			</table>\r\n\r\n			<table border=\"0\" cellpadding=\"0\" cellspacing=\"0\" width=\"100%\">\r\n				<tbody>\r\n					<tr>\r\n						<td align=\"center\">\r\n						<table bgcolor=\"#000\" border=\"0\" cellpadding=\"0\" cellspacing=\"0\" class=\"mobile-shell\" width=\"650\">\r\n							<tbody>\r\n								<tr>\r\n									<td>\r\n									<table border=\"0\" cellpadding=\"0\" cellspacing=\"0\" width=\"100%\">\r\n										<tbody>\r\n											<tr>\r\n												<th bgcolor=\"#ffb300\" class=\"column\" style=\"font-size:0pt; line-height:0pt; padding:0; margin:0; font-weight:normal; Margin:0\">\r\n												<table border=\"0\" cellpadding=\"0\" cellspacing=\"0\" width=\"100%\">\r\n													<tbody>\r\n														<tr>\r\n															<td style=\"padding: 15px 25px 15px 25px;\">\r\n															<div class=\"text-footer-l\" style=\"color:#613b51; font-family:Arial,sans-serif, \'Roboto\'; font-size:11px; line-height:16px; text-align:center;\">Copyright &copy; 2019 Eatance</div>\r\n															</td>\r\n														</tr>\r\n													</tbody>\r\n												</table>\r\n												</th>\r\n											</tr>\r\n										</tbody>\r\n									</table>\r\n									</td>\r\n								</tr>\r\n							</tbody>\r\n						</table>\r\n						</td>\r\n					</tr>\r\n				</tbody>\r\n			</table>\r\n			</td>\r\n		</tr>\r\n	</tbody>\r\n</table>\r\n</div>', 31, 'en', 1),
(22, 'Verify Account', 'verify-account', 'Eatance Verify Account Assistance', '<style media=\"screen\" type=\"text/css\">[style*=\"Roboto\"] { font-family: \'Roboto\', Arial, sans-serif !important } [style*=\"Oswald\"] { font-family: \'Oswald\', Arial, sans-serif !important } /* Linked Styles */ .body { background-color: #f7f0ee; padding: 0 !important; margin: 0 !important; display: block !important; min-width: 100% !important; width: 100% !important; background: #f7f0ee; -webkit-text-size-adjust: none; font-family: Arial, sans-serif, \'Roboto\'; } a { color: #ef5751; text-decoration: none } p { padding: 0 !important; margin: 0 !important } img { -ms-interpolation-mode: bicubic; /* Allow smoother rendering of resized image in Internet Explorer */ } .text a { color: #ef5751 !important; text-decoration: underline !important; }\r\n</style>\r\n<div class=\"body\">\r\n<table border=\"0\" cellpadding=\"0\" cellspacing=\"0\" width=\"100%\">\r\n	<tbody>\r\n		<tr>\r\n			<td align=\"center\" valign=\"top\">\r\n			<table bgcolor=\"#ffffff\" border=\"0\" cellpadding=\"0\" cellspacing=\"0\" width=\"100%\">\r\n				<tbody>\r\n					<tr>\r\n						<td align=\"center\">\r\n						<table border=\"0\" cellpadding=\"0\" cellspacing=\"0\" class=\"mobile-shell\" width=\"650\">\r\n							<tbody>\r\n								<tr>\r\n									<td class=\"header\" style=\"width:650px; min-width:650px; font-size:0pt; line-height:0pt; padding:30px 10px 30px 10px; margin:0; font-weight:normal; Margin:0\">\r\n									<table border=\"0\" cellpadding=\"0\" cellspacing=\"0\" width=\"100%\">\r\n										<tbody>\r\n											<tr>\r\n												<td align=\"center\">\r\n												<table border=\"0\" cellpadding=\"0\" cellspacing=\"0\" width=\"100%\">\r\n													<tbody>\r\n														<tr>\r\n															<td style=\"padding-bottom: 0px;\">\r\n															<div class=\"img-center\" style=\"font-size:0pt; line-height:0pt; text-align:center\"><img alt=\"logo\" class=\"logo-default\" src=\"http://eatanceweb.evincedev.com/assets/front/images/placeholder_image.jpg\" style=\"font-size: 0pt; background-color: rgb(247, 240, 238); font-family: Arial, sans-serif, Roboto; text-align: justify; width: 348px; height: 120px;\" /></div>\r\n															</td>\r\n														</tr>\r\n													</tbody>\r\n												</table>\r\n												</td>\r\n											</tr>\r\n										</tbody>\r\n									</table>\r\n									</td>\r\n								</tr>\r\n							</tbody>\r\n						</table>\r\n						</td>\r\n					</tr>\r\n				</tbody>\r\n			</table>\r\n\r\n			<table border=\"0\" cellpadding=\"0\" cellspacing=\"0\" width=\"100%\">\r\n				<tbody>\r\n					<tr>\r\n						<td align=\"center\">\r\n						<table border=\"0\" cellpadding=\"0\" cellspacing=\"0\" class=\"mobile-shell\" width=\"650\">\r\n							<tbody>\r\n								<tr>\r\n									<td style=\"border: 1px solid #E6CD66; padding:40px 30px; box-shadow:0 2px 3px #cccccc; border-radius: 4px; background-color:#fff;\">\r\n									<p style=\"font-size:14px; color:#343434; margin-bottom:10px;\">Hi #firstname#,</p>\r\n\r\n									<p style=\"font-size:14px; color:#343434; margin-bottom:10px;\">We received a request to activate account associated with this email address. If you made this request, please follow the instructions below. Click #forgotlink# to activate your account:</p>\r\n\r\n									<p style=\"font-size:14px; color:#343434; margin-bottom:0px;\">&nbsp;</p>\r\n\r\n									<p style=\"font-size:14px; color:#343434; margin-bottom:0px;\">Thank you</p>\r\n\r\n									<p style=\"font-size:14px; color:#343434; margin-bottom:0px;\">Team Lorem Ipsum</p>\r\n									</td>\r\n								</tr>\r\n							</tbody>\r\n						</table>\r\n						</td>\r\n					</tr>\r\n				</tbody>\r\n			</table>\r\n\r\n			<table border=\"0\" cellpadding=\"0\" cellspacing=\"0\" width=\"100%\">\r\n				<tbody>\r\n					<tr>\r\n						<td align=\"center\">\r\n						<table bgcolor=\"#000\" border=\"0\" cellpadding=\"0\" cellspacing=\"0\" class=\"mobile-shell\" width=\"650\">\r\n							<tbody>\r\n								<tr>\r\n									<td>\r\n									<table border=\"0\" cellpadding=\"0\" cellspacing=\"0\" width=\"100%\">\r\n										<tbody>\r\n											<tr>\r\n												<th bgcolor=\"#ffb300\" class=\"column\" style=\"font-size:0pt; line-height:0pt; padding:0; margin:0; font-weight:normal; Margin:0\">\r\n												<table border=\"0\" cellpadding=\"0\" cellspacing=\"0\" width=\"100%\">\r\n													<tbody>\r\n														<tr>\r\n															<td style=\"padding: 15px 25px 15px 25px;\">\r\n															<div class=\"text-footer-l\" style=\"color:#613b51; font-family:Arial,sans-serif, \'Roboto\'; font-size:11px; line-height:16px; text-align:center;\">Copyright &copy; 2020 LOREM IPSUM</div>\r\n\r\n															<p>&nbsp;</p>\r\n															</td>\r\n														</tr>\r\n													</tbody>\r\n												</table>\r\n												</th>\r\n											</tr>\r\n										</tbody>\r\n									</table>\r\n									</td>\r\n								</tr>\r\n							</tbody>\r\n						</table>\r\n						</td>\r\n					</tr>\r\n				</tbody>\r\n			</table>\r\n			</td>\r\n		</tr>\r\n	</tbody>\r\n</table>\r\n</div>', 95, 'en', 1),
(23, 'Verify Account', 'verify-account', 'Verify Account Assistance', '<style media=\"screen\" type=\"text/css\">[style*=\"Roboto\"] { font-family: \'Roboto\', Arial, sans-serif !important } [style*=\"Oswald\"] { font-family: \'Oswald\', Arial, sans-serif !important } /* Linked Styles */ .body { background-color: #f7f0ee; padding: 0 !important; margin: 0 !important; display: block !important; min-width: 100% !important; width: 100% !important; background: #f7f0ee; -webkit-text-size-adjust: none; font-family: Arial, sans-serif, \'Roboto\'; } a { color: #ef5751; text-decoration: none } p { padding: 0 !important; margin: 0 !important } img { -ms-interpolation-mode: bicubic; /* Allow smoother rendering of resized image in Internet Explorer */ } .text a { color: #ef5751 !important; text-decoration: underline !important; }\r\n</style>\r\n<div class=\"body\">\r\n<table border=\"0\" cellpadding=\"0\" cellspacing=\"0\" width=\"100%\">\r\n	<tbody>\r\n		<tr>\r\n			<td align=\"center\" valign=\"top\">\r\n			<table bgcolor=\"#ffffff\" border=\"0\" cellpadding=\"0\" cellspacing=\"0\" width=\"100%\">\r\n				<tbody>\r\n					<tr>\r\n						<td align=\"center\">\r\n						<table border=\"0\" cellpadding=\"0\" cellspacing=\"0\" class=\"mobile-shell\" width=\"650\">\r\n							<tbody>\r\n								<tr>\r\n									<td class=\"header\" style=\"width:650px; min-width:650px; font-size:0pt; line-height:0pt; padding:30px 10px 30px 10px; margin:0; font-weight:normal; Margin:0\">\r\n									<table border=\"0\" cellpadding=\"0\" cellspacing=\"0\" width=\"100%\">\r\n										<tbody>\r\n											<tr>\r\n												<td align=\"center\">\r\n												<table border=\"0\" cellpadding=\"0\" cellspacing=\"0\" width=\"100%\">\r\n													<tbody>\r\n														<tr>\r\n															<td style=\"padding-bottom: 0px;\">\r\n															<div class=\"img-center\" style=\"font-size:0pt; line-height:0pt; text-align:center\"><a href=\"#\" target=\"_blank\"><img alt=\"logo\" src=\"http://eatanceweb.evincedev.com/assets/front/images/placeholder_image.jpg\" style=\"border-width: 0px; border-style: solid; width: 200px; height: 75px;\" /> </a></div>\r\n															</td>\r\n														</tr>\r\n													</tbody>\r\n												</table>\r\n												</td>\r\n											</tr>\r\n										</tbody>\r\n									</table>\r\n									</td>\r\n								</tr>\r\n							</tbody>\r\n						</table>\r\n						</td>\r\n					</tr>\r\n				</tbody>\r\n			</table>\r\n\r\n			<table border=\"0\" cellpadding=\"0\" cellspacing=\"0\" width=\"100%\">\r\n				<tbody>\r\n					<tr>\r\n						<td align=\"center\">\r\n						<table border=\"0\" cellpadding=\"0\" cellspacing=\"0\" class=\"mobile-shell\" width=\"650\">\r\n							<tbody>\r\n								<tr>\r\n									<td style=\"border: 1px solid #E6CD66; padding:40px 30px; box-shadow:0 2px 3px #cccccc; border-radius: 4px; background-color:#fff;\">\r\n									<p style=\"font-size:14px; color:#343434; margin-bottom:10px;\">Hi #firstname#,</p>\r\n\r\n									<p style=\"font-size:14px; color:#343434; margin-bottom:10px;\">We received a request to activate account associated with this email address. If you made this request, please follow the instructions below. Click #forgotlink# to activate your account:</p>\r\n\r\n									<p style=\"font-size:14px; color:#343434; margin-bottom:0px;\">&nbsp;</p>\r\n									</td>\r\n								</tr>\r\n							</tbody>\r\n						</table>\r\n						</td>\r\n					</tr>\r\n				</tbody>\r\n			</table>\r\n\r\n			<table border=\"0\" cellpadding=\"0\" cellspacing=\"0\" width=\"100%\">\r\n				<tbody>\r\n					<tr>\r\n						<td align=\"center\">\r\n						<table bgcolor=\"#000\" border=\"0\" cellpadding=\"0\" cellspacing=\"0\" class=\"mobile-shell\" width=\"650\">\r\n							<tbody>\r\n								<tr>\r\n									<td>\r\n									<table border=\"0\" cellpadding=\"0\" cellspacing=\"0\" width=\"100%\">\r\n										<tbody>\r\n											<tr>\r\n												<th bgcolor=\"#ffb300\" class=\"column\" style=\"font-size:0pt; line-height:0pt; padding:0; margin:0; font-weight:normal; Margin:0\">\r\n												<table border=\"0\" cellpadding=\"0\" cellspacing=\"0\" width=\"100%\">\r\n													<tbody>\r\n														<tr>\r\n															<td style=\"padding: 15px 25px 15px 25px;\">\r\n															<div class=\"text-footer-l\" style=\"color:#613b51; font-family:Arial,sans-serif, \'Roboto\'; font-size:11px; line-height:16px; text-align:center;\">Copyright &copy; 2019 LOREM IPSUM</div>\r\n															</td>\r\n														</tr>\r\n													</tbody>\r\n												</table>\r\n												</th>\r\n											</tr>\r\n										</tbody>\r\n									</table>\r\n									</td>\r\n								</tr>\r\n							</tbody>\r\n						</table>\r\n						</td>\r\n					</tr>\r\n				</tbody>\r\n			</table>\r\n			</td>\r\n		</tr>\r\n	</tbody>\r\n</table>\r\n</div>', 95, 'fr', 1),
(24, 'Forgot Password', 'forgot-password', 'Password Assistance', '<style media=\"screen\" type=\"text/css\">[style*=\"Roboto\"] { font-family: \'Roboto\', Arial, sans-serif !important } [style*=\"Oswald\"] { font-family: \'Oswald\', Arial, sans-serif !important } /* Linked Styles */ .body { background-color: #f7f0ee; padding: 0 !important; margin: 0 !important; display: block !important; min-width: 100% !important; width: 100% !important; background: #f7f0ee; -webkit-text-size-adjust: none; font-family: Arial, sans-serif, \'Roboto\'; } a { color: #ef5751; text-decoration: none } p { padding: 0 !important; margin: 0 !important } img { -ms-interpolation-mode: bicubic; /* Allow smoother rendering of resized image in Internet Explorer */ } .text a { color: #ef5751 !important; text-decoration: underline !important; }\r\n</style>\r\n<div class=\"body\">\r\n<table border=\"0\" cellpadding=\"0\" cellspacing=\"0\" width=\"100%\">\r\n	<tbody>\r\n		<tr>\r\n			<td align=\"center\" valign=\"top\">\r\n			<table bgcolor=\"#ffffff\" border=\"0\" cellpadding=\"0\" cellspacing=\"0\" width=\"100%\">\r\n				<tbody>\r\n					<tr>\r\n						<td align=\"center\">\r\n						<table border=\"0\" cellpadding=\"0\" cellspacing=\"0\" class=\"mobile-shell\" width=\"650\">\r\n							<tbody>\r\n								<tr>\r\n									<td class=\"header\" style=\"width:650px; min-width:650px; font-size:0pt; line-height:0pt; padding:30px 10px 30px 10px; margin:0; font-weight:normal; Margin:0\">\r\n									<table border=\"0\" cellpadding=\"0\" cellspacing=\"0\" width=\"100%\">\r\n										<tbody>\r\n											<tr>\r\n												<td align=\"center\">\r\n												<table border=\"0\" cellpadding=\"0\" cellspacing=\"0\" width=\"100%\">\r\n													<tbody>\r\n														<tr>\r\n															<td style=\"padding-bottom: 0px;\">\r\n															<div class=\"img-center\" style=\"font-size:0pt; line-height:0pt; text-align:center\"><a href=\"#\" target=\"_blank\"><img alt=\"logo\" src=\"http://eatanceweb.evincedev.com/assets/front/images/placeholder_image.jpg\" style=\"border-width: 0px; border-style: solid; width: 200px; height: 75px;\" /> </a></div>\r\n															</td>\r\n														</tr>\r\n													</tbody>\r\n												</table>\r\n												</td>\r\n											</tr>\r\n										</tbody>\r\n									</table>\r\n									</td>\r\n								</tr>\r\n							</tbody>\r\n						</table>\r\n						</td>\r\n					</tr>\r\n				</tbody>\r\n			</table>\r\n\r\n			<table border=\"0\" cellpadding=\"0\" cellspacing=\"0\" width=\"100%\">\r\n				<tbody>\r\n					<tr>\r\n						<td align=\"center\">\r\n						<table border=\"0\" cellpadding=\"0\" cellspacing=\"0\" class=\"mobile-shell\" width=\"650\">\r\n							<tbody>\r\n								<tr>\r\n									<td style=\"border: 1px solid #E6CD66; padding:40px 30px; box-shadow:0 2px 3px #cccccc; border-radius: 4px; background-color:#fff;\">\r\n									<p style=\"font-size:14px; color:#343434; margin-bottom:10px;\">Hi #firstname#,</p>\r\n\r\n									<p style=\"font-size:14px; color:#343434; margin-bottom:10px;\">We received a request to reset the password associated with this email address. Click #forgotlink# to reset your password using our secure server:</p>\r\n\r\n									<p style=\"font-size:14px; color:#343434; margin-bottom:10px;\">&nbsp;</p>\r\n\r\n									<p style=\"font-size:14px; color:#343434; margin-bottom:10px;\">Team Lorem Ipsum</p>\r\n									</td>\r\n								</tr>\r\n							</tbody>\r\n						</table>\r\n						</td>\r\n					</tr>\r\n				</tbody>\r\n			</table>\r\n\r\n			<table border=\"0\" cellpadding=\"0\" cellspacing=\"0\" width=\"100%\">\r\n				<tbody>\r\n					<tr>\r\n						<td align=\"center\">\r\n						<table bgcolor=\"#000\" border=\"0\" cellpadding=\"0\" cellspacing=\"0\" class=\"mobile-shell\" width=\"650\">\r\n							<tbody>\r\n								<tr>\r\n									<td>\r\n									<table border=\"0\" cellpadding=\"0\" cellspacing=\"0\" width=\"100%\">\r\n										<tbody>\r\n											<tr>\r\n												<th bgcolor=\"#ffb300\" class=\"column\" style=\"font-size:0pt; line-height:0pt; padding:0; margin:0; font-weight:normal; Margin:0\">\r\n												<table border=\"0\" cellpadding=\"0\" cellspacing=\"0\" width=\"100%\">\r\n													<tbody>\r\n														<tr>\r\n															<td style=\"padding: 15px 25px 15px 25px;\">\r\n															<div class=\"text-footer-l\" style=\"color:#613b51; font-family:Arial,sans-serif, \'Roboto\'; font-size:11px; line-height:16px; text-align:center;\">Copyright &copy; 2020 LOREM IPSUM</div>\r\n															</td>\r\n														</tr>\r\n													</tbody>\r\n												</table>\r\n												</th>\r\n											</tr>\r\n										</tbody>\r\n									</table>\r\n									</td>\r\n								</tr>\r\n							</tbody>\r\n						</table>\r\n						</td>\r\n					</tr>\r\n				</tbody>\r\n			</table>\r\n			</td>\r\n		</tr>\r\n	</tbody>\r\n</table>\r\n</div>', 1, 'fr', 1),
(25, 'Contact Us', 'contact-us', 'Contact Us', '<style media=\"screen\" type=\"text/css\">[style*=\"Roboto\"] { font-family: \'Roboto\', Arial, sans-serif !important } [style*=\"Oswald\"] { font-family: \'Oswald\', Arial, sans-serif !important } /* Linked Styles */ .body { background-color: #f7f0ee; padding: 0 !important; margin: 0 !important; display: block !important; min-width: 100% !important; width: 100% !important; background: #f7f0ee; -webkit-text-size-adjust: none; font-family: Arial, sans-serif, \'Roboto\'; } a { color: #ef5751; text-decoration: none } p { padding: 0 !important; margin: 0 !important } img { -ms-interpolation-mode: bicubic; /* Allow smoother rendering of resized image in Internet Explorer */ } .text a { color: #ef5751 !important; text-decoration: underline !important; }\r\n</style>\r\n<div class=\"body\">\r\n<table border=\"0\" cellpadding=\"0\" cellspacing=\"0\" width=\"100%\">\r\n	<tbody>\r\n		<tr>\r\n			<td align=\"center\" valign=\"top\">\r\n			<table bgcolor=\"#ffffff\" border=\"0\" cellpadding=\"0\" cellspacing=\"0\" width=\"100%\">\r\n				<tbody>\r\n					<tr>\r\n						<td align=\"center\">\r\n						<table border=\"0\" cellpadding=\"0\" cellspacing=\"0\" class=\"mobile-shell\" width=\"650\">\r\n							<tbody>\r\n								<tr>\r\n									<td class=\"header\" style=\"width:650px; min-width:650px; font-size:0pt; line-height:0pt; padding:30px 10px 30px 10px; margin:0; font-weight:normal; Margin:0\">\r\n									<table border=\"0\" cellpadding=\"0\" cellspacing=\"0\" width=\"100%\">\r\n										<tbody>\r\n											<tr>\r\n												<td align=\"center\">\r\n												<table border=\"0\" cellpadding=\"0\" cellspacing=\"0\" width=\"100%\">\r\n													<tbody>\r\n														<tr>\r\n															<td style=\"padding-bottom: 0px;\">\r\n															<div class=\"img-center\" style=\"font-size:0pt; line-height:0pt; text-align:center\"><a href=\"#\" target=\"_blank\"><img alt=\"logo\" src=\"http://eatanceweb.evincedev.com/assets/front/images/logo.png\" style=\"border-width: 0px; border-style: solid; width: 200px; height: 75px;\" /> </a></div>\r\n															</td>\r\n														</tr>\r\n													</tbody>\r\n												</table>\r\n												</td>\r\n											</tr>\r\n										</tbody>\r\n									</table>\r\n									</td>\r\n								</tr>\r\n							</tbody>\r\n						</table>\r\n						</td>\r\n					</tr>\r\n				</tbody>\r\n			</table>\r\n\r\n			<table border=\"0\" cellpadding=\"0\" cellspacing=\"0\" width=\"100%\">\r\n				<tbody>\r\n					<tr>\r\n						<td align=\"center\">\r\n						<table border=\"0\" cellpadding=\"0\" cellspacing=\"0\" class=\"mobile-shell\" width=\"650\">\r\n							<tbody>\r\n								<tr>\r\n									<td style=\"border: 1px solid #E6CD66; padding:40px 30px; box-shadow:0 2px 3px #cccccc; border-radius: 4px; background-color:#fff;\">\r\n									<p style=\"font-size:14px; color:#343434; margin-bottom:10px;\">Hi #firstname#,</p>\r\n\r\n									<p style=\"font-size:14px; color:#343434; margin-bottom:10px;\">We received a request to reset the password associated with this email address. Click #forgotlink# to reset your password using our secure server:</p>\r\n\r\n									<p style=\"font-size:14px; color:#343434; margin-bottom:10px;\">&nbsp;</p>\r\n\r\n									<p style=\"font-size:14px; color:#343434; margin-bottom:10px;\">Thank you</p>\r\n\r\n									<p style=\"font-size:14px; color:#343434; margin-bottom:10px;\">Team Eatance</p>\r\n									</td>\r\n								</tr>\r\n							</tbody>\r\n						</table>\r\n						</td>\r\n					</tr>\r\n				</tbody>\r\n			</table>\r\n\r\n			<table border=\"0\" cellpadding=\"0\" cellspacing=\"0\" width=\"100%\">\r\n				<tbody>\r\n					<tr>\r\n						<td align=\"center\">\r\n						<table bgcolor=\"#000\" border=\"0\" cellpadding=\"0\" cellspacing=\"0\" class=\"mobile-shell\" width=\"650\">\r\n							<tbody>\r\n								<tr>\r\n									<td>\r\n									<table border=\"0\" cellpadding=\"0\" cellspacing=\"0\" width=\"100%\">\r\n										<tbody>\r\n											<tr>\r\n												<th bgcolor=\"#ffb300\" class=\"column\" style=\"font-size:0pt; line-height:0pt; padding:0; margin:0; font-weight:normal; Margin:0\">\r\n												<table border=\"0\" cellpadding=\"0\" cellspacing=\"0\" width=\"100%\">\r\n													<tbody>\r\n														<tr>\r\n															<td style=\"padding: 15px 25px 15px 25px;\">\r\n															<div class=\"text-footer-l\" style=\"color:#613b51; font-family:Arial,sans-serif, \'Roboto\'; font-size:11px; line-height:16px; text-align:center;\">Copyright &copy; 2020 Eatance</div>\r\n															</td>\r\n														</tr>\r\n													</tbody>\r\n												</table>\r\n												</th>\r\n											</tr>\r\n										</tbody>\r\n									</table>\r\n									</td>\r\n								</tr>\r\n							</tbody>\r\n						</table>\r\n						</td>\r\n					</tr>\r\n				</tbody>\r\n			</table>\r\n			</td>\r\n		</tr>\r\n	</tbody>\r\n</table>\r\n</div>', 205, 'en', 1);

-- --------------------------------------------------------

--
-- Table structure for table `event`
--

CREATE TABLE `event` (
  `entity_id` int(11) NOT NULL,
  `user_id` int(11) NOT NULL,
  `restaurant_id` int(11) NOT NULL,
  `package_id` int(11) DEFAULT NULL,
  `name` varchar(255) DEFAULT NULL,
  `no_of_people` varchar(50) DEFAULT NULL,
  `booking_date` datetime DEFAULT NULL,
  `end_date` datetime DEFAULT NULL,
  `amount` decimal(10,2) DEFAULT NULL,
  `subtotal` decimal(10,2) DEFAULT NULL,
  `tax_rate` decimal(10,2) DEFAULT NULL,
  `tax_type` enum('Percentage','Amount') DEFAULT NULL,
  `coupon_amount` decimal(10,2) DEFAULT NULL,
  `coupon_type` enum('Percentage','Amount') DEFAULT NULL,
  `event_status` enum('pending','onGoing','completed','cancel','paid') DEFAULT NULL,
  `status` tinyint(4) NOT NULL,
  `updated_by` int(11) DEFAULT NULL,
  `updated_date` datetime DEFAULT NULL,
  `created_by` int(11) DEFAULT NULL,
  `created_date` datetime DEFAULT current_timestamp()
) ENGINE=InnoDB DEFAULT CHARSET=latin1;

--
-- Dumping data for table `event`
--

INSERT INTO `event` (`entity_id`, `user_id`, `restaurant_id`, `package_id`, `name`, `no_of_people`, `booking_date`, `end_date`, `amount`, `subtotal`, `tax_rate`, `tax_type`, `coupon_amount`, `coupon_type`, `event_status`, `status`, `updated_by`, `updated_date`, `created_by`, `created_date`) VALUES
(1, 182, 1, 0, NULL, '2', '2019-12-04 10:53:00', NULL, NULL, NULL, NULL, NULL, NULL, NULL, 'pending', 1, NULL, NULL, 177, '2019-12-03 00:26:53'),
(2, 163, 1, 1, NULL, '1', '2018-12-10 15:58:00', NULL, NULL, NULL, NULL, NULL, NULL, NULL, 'pending', 1, NULL, NULL, 163, '2019-12-05 14:15:35'),
(3, 184, 6, 0, NULL, '1', '2019-12-19 09:55:00', NULL, NULL, NULL, NULL, NULL, NULL, NULL, 'pending', 1, NULL, NULL, 184, '2019-12-18 09:20:35'),
(4, 184, 1, 0, NULL, '1', '2019-12-19 10:45:00', NULL, NULL, NULL, NULL, NULL, NULL, NULL, 'pending', 1, NULL, NULL, 184, '2019-12-18 09:21:10'),
(5, 186, 13, 0, NULL, '2', '2019-12-28 15:42:00', NULL, NULL, NULL, NULL, NULL, NULL, NULL, 'pending', 1, NULL, NULL, 186, '2019-12-27 05:41:52'),
(6, 187, 1, 0, NULL, '1', '2019-12-28 19:15:00', NULL, NULL, NULL, NULL, NULL, NULL, NULL, 'pending', 1, NULL, NULL, 187, '2019-12-27 08:47:27'),
(7, 187, 1, 1, NULL, '1', '2019-12-31 15:37:00', NULL, NULL, NULL, NULL, NULL, NULL, NULL, 'pending', 1, NULL, NULL, 187, '2019-12-30 05:31:52'),
(9, 186, 15, 2, NULL, '2', '2020-01-02 12:14:00', NULL, NULL, NULL, NULL, NULL, NULL, NULL, 'pending', 1, NULL, NULL, 186, '2019-12-31 08:11:07'),
(10, 186, 6, 0, NULL, '2', '2020-01-01 14:14:00', NULL, NULL, NULL, NULL, NULL, NULL, NULL, 'pending', 1, NULL, NULL, 186, '2019-12-31 08:13:17'),
(11, 187, 6, 0, NULL, '1', '2020-01-01 14:40:00', NULL, NULL, NULL, NULL, NULL, NULL, NULL, 'pending', 1, NULL, NULL, 187, '2019-12-31 08:14:04'),
(14, 182, 9, 0, NULL, '2', '2020-01-02 15:11:00', NULL, NULL, NULL, NULL, NULL, NULL, NULL, 'pending', 1, NULL, NULL, 187, '2020-01-01 04:51:43'),
(15, 189, 15, 0, NULL, '1', '2020-01-02 10:06:00', NULL, NULL, NULL, NULL, NULL, NULL, NULL, 'pending', 1, NULL, NULL, 189, '2020-01-01 10:40:54'),
(16, 182, 6, 0, NULL, '1', '2020-01-02 13:13:00', NULL, NULL, NULL, NULL, NULL, NULL, NULL, 'pending', 1, NULL, NULL, 187, '2020-01-01 10:44:51'),
(19, 187, 1, 0, NULL, '1', '2020-01-03 10:40:00', NULL, NULL, NULL, NULL, NULL, NULL, NULL, 'pending', 1, NULL, NULL, 187, '2020-01-01 23:13:59'),
(20, 162, 1, 2, 'Hh User', '1', '2020-01-06 14:01:00', NULL, NULL, NULL, NULL, NULL, NULL, NULL, 'pending', 1, NULL, NULL, 162, '2020-01-06 18:56:18'),
(21, 162, 1, 0, 'Hh User', '1', '2020-01-06 14:01:00', NULL, NULL, NULL, NULL, NULL, NULL, NULL, 'pending', 1, NULL, NULL, 162, '2020-01-06 18:58:36'),
(22, 162, 1, 1, 'Hh User', '1', '2020-01-06 14:01:00', NULL, '300.00', '300.00', NULL, NULL, NULL, NULL, 'onGoing', 1, NULL, NULL, 162, '2020-01-06 18:59:41'),
(23, 182, 1, 0, 'Jay ', '3', '2020-01-28 17:05:00', NULL, '200.00', '200.00', NULL, NULL, NULL, NULL, 'pending', 1, NULL, NULL, 182, '2020-01-28 16:50:46'),
(24, 182, 17, 0, 'Jay ', '2', '2020-01-30 14:10:00', NULL, NULL, NULL, NULL, NULL, NULL, NULL, 'pending', 1, NULL, NULL, 182, '2020-01-29 17:32:42'),
(25, 182, 1, 1, 'Pooja ', '1', '2020-01-30 11:01:00', NULL, NULL, NULL, NULL, NULL, NULL, NULL, 'pending', 1, NULL, NULL, 182, '2020-01-30 16:16:17'),
(26, 182, 6, 0, 'Pooja ', '1', '2020-01-30 11:01:00', NULL, NULL, NULL, NULL, NULL, NULL, NULL, 'pending', 1, NULL, NULL, 182, '2020-01-30 16:17:00'),
(27, 182, 6, 0, 'Pooja ', '15', '2020-01-30 12:01:00', NULL, NULL, NULL, NULL, NULL, NULL, NULL, 'pending', 1, NULL, NULL, 182, '2020-01-30 17:15:38'),
(28, 182, 1, 0, 'Pooja ', '1', '2020-01-31 14:01:00', NULL, NULL, NULL, NULL, NULL, NULL, NULL, 'pending', 1, NULL, NULL, 182, '2020-01-31 18:42:30'),
(29, 182, 1, 0, 'Pooja ', '1', '2020-02-03 07:02:00', NULL, NULL, NULL, NULL, NULL, NULL, NULL, 'pending', 1, NULL, NULL, 182, '2020-02-03 12:27:35'),
(30, 182, 1, 2, 'Pooja ', '1', '2020-02-03 08:02:00', NULL, NULL, NULL, NULL, NULL, NULL, NULL, 'pending', 1, NULL, NULL, 182, '2020-02-03 13:01:01'),
(31, 182, 1, 2, 'Pooja ', '1', '2020-02-03 09:02:00', NULL, NULL, NULL, NULL, NULL, NULL, NULL, 'pending', 1, NULL, NULL, 182, '2020-02-03 14:10:01'),
(32, 182, 1, 0, 'Pooja ', '1', '2020-02-05 08:02:00', NULL, NULL, NULL, NULL, NULL, NULL, NULL, 'pending', 1, NULL, NULL, 182, '2020-02-05 13:09:25'),
(33, 182, 1, 0, 'Pooja ', '1', '2020-02-06 11:02:00', NULL, NULL, NULL, NULL, NULL, NULL, NULL, 'pending', 1, NULL, NULL, 182, '2020-02-06 16:23:27'),
(34, 185, 11, 0, 'Demo User', '2', '2020-02-20 11:02:00', NULL, NULL, NULL, NULL, NULL, NULL, NULL, 'pending', 1, NULL, NULL, 185, '2020-02-20 17:01:16'),
(35, 185, 6, 0, 'Demo User', '2', '2020-02-25 11:30:00', NULL, '200.00', '200.00', NULL, NULL, NULL, NULL, NULL, 1, NULL, NULL, 185, '2020-02-25 11:35:29'),
(38, 207, 27, 0, 'Surabhi Tomer', '1', '2020-04-11 10:00:00', NULL, NULL, NULL, NULL, NULL, NULL, NULL, 'pending', 1, NULL, NULL, 207, '2020-04-10 16:22:17'),
(41, 207, 27, 0, 'Surabhi Tomer', '00', '2020-04-10 14:04:00', NULL, '200.00', '200.00', NULL, NULL, NULL, NULL, NULL, 1, NULL, NULL, 207, '2020-04-10 19:33:35'),
(42, 207, 34, 0, 'Surabhi Tomer', '1', '2020-04-13 20:00:00', NULL, NULL, NULL, NULL, NULL, NULL, NULL, 'pending', 1, NULL, NULL, 207, '2020-04-13 14:19:35'),
(43, 205, 1, 1, 'Test test', '2', '2020-04-18 11:04:00', NULL, NULL, NULL, NULL, NULL, NULL, NULL, 'pending', 1, NULL, NULL, 205, '2020-04-16 13:13:57'),
(44, 205, 30, 0, 'Test test', '18', '2020-04-28 14:04:00', NULL, '25000.00', '25000.00', NULL, NULL, NULL, NULL, NULL, 1, NULL, NULL, 205, '2020-04-17 19:03:01'),
(45, 205, 27, 0, 'Test edited test', '2', '2020-04-18 04:20:00', NULL, NULL, NULL, NULL, NULL, NULL, NULL, 'pending', 1, NULL, NULL, 205, '2020-04-18 00:58:14'),
(46, 207, 1, 0, 'Surabhi Tomer', '1', '2020-04-21 17:04:00', NULL, NULL, NULL, NULL, NULL, NULL, NULL, 'pending', 1, NULL, NULL, 207, '2020-04-21 17:45:03'),
(47, 215, 28, 0, 'Kristine martinek', '1', '2020-04-22 10:04:00', NULL, NULL, NULL, NULL, NULL, NULL, NULL, 'pending', 1, NULL, NULL, 215, '2020-04-22 10:42:24'),
(48, 215, 30, 0, 'Kristine martinek', '2', '2020-04-22 10:04:00', NULL, NULL, NULL, NULL, NULL, NULL, NULL, 'pending', 1, NULL, NULL, 215, '2020-04-22 10:43:05'),
(49, 207, 31, 0, 'Surabhi Tomer', '1', '2020-04-22 12:04:00', NULL, NULL, NULL, NULL, NULL, NULL, NULL, 'pending', 1, NULL, NULL, 207, '2020-04-22 12:08:38'),
(50, 207, 27, 0, 'Surabhi Tomer', '1', '2020-04-23 09:00:00', NULL, NULL, NULL, NULL, NULL, NULL, NULL, 'pending', 1, NULL, NULL, 207, '2020-04-23 11:15:06'),
(51, 207, 27, 0, 'Surabhi Tomer', '1', '2020-04-23 09:00:00', NULL, NULL, NULL, NULL, NULL, NULL, NULL, 'pending', 1, NULL, NULL, 207, '2020-04-23 11:20:47'),
(52, 207, 34, 6, 'Surabhi Tomer', '1', '2020-04-23 12:04:00', NULL, NULL, NULL, NULL, NULL, NULL, NULL, 'pending', 1, NULL, NULL, 207, '2020-04-23 12:05:27'),
(53, 207, 38, 7, 'Surabhi Tomer', '1', '2020-04-23 12:04:00', NULL, NULL, NULL, NULL, NULL, NULL, NULL, 'pending', 1, NULL, NULL, 207, '2020-04-23 12:32:01'),
(54, 207, 34, 0, 'Surabhi Tomer', '1', '2020-04-23 12:04:00', NULL, NULL, NULL, NULL, NULL, NULL, NULL, 'pending', 1, NULL, NULL, 207, '2020-04-23 12:33:09'),
(55, 207, 31, 0, 'Surabhi Tomer', '1', '2020-04-23 12:04:00', NULL, NULL, NULL, NULL, NULL, NULL, NULL, 'pending', 1, NULL, NULL, 207, '2020-04-23 12:34:02'),
(56, 207, 28, 0, 'Surabhi Tomer', '1', '2020-04-23 12:04:00', NULL, NULL, NULL, NULL, NULL, NULL, NULL, 'pending', 1, NULL, NULL, 207, '2020-04-23 12:34:25'),
(57, 207, 30, 0, 'Surabhi Tomer', '1', '2020-04-23 12:04:00', NULL, NULL, NULL, NULL, NULL, NULL, NULL, 'pending', 1, NULL, NULL, 207, '2020-04-23 12:34:45'),
(58, 207, 38, 0, 'Surabhi Tomer', '1', '2020-04-23 12:04:00', NULL, NULL, NULL, NULL, NULL, NULL, NULL, 'pending', 1, NULL, NULL, 207, '2020-04-23 12:44:13'),
(59, 207, 44, 0, 'Surabhi Tomer', '1', '2020-04-24 15:04:00', NULL, NULL, NULL, NULL, NULL, NULL, NULL, 'pending', 1, NULL, NULL, 207, '2020-04-24 15:32:42'),
(60, 207, 31, 0, 'Surabhi Tomer', '1', '2020-04-24 16:04:00', NULL, NULL, NULL, NULL, NULL, NULL, NULL, 'pending', 1, NULL, NULL, 207, '2020-04-24 16:32:44'),
(61, 207, 30, 0, 'Surabhi Tomer', '1', '2020-04-24 16:04:00', NULL, NULL, NULL, NULL, NULL, NULL, NULL, 'pending', 1, NULL, NULL, 207, '2020-04-24 16:35:28'),
(62, 207, 34, 0, 'Surabhi Tomer', '1', '2020-04-24 17:04:00', NULL, '2500.00', '2500.00', NULL, NULL, NULL, NULL, NULL, 1, NULL, NULL, 207, '2020-04-24 17:41:56'),
(63, 207, 27, 0, 'Surabhi Tomer', '1', '2020-04-24 18:04:00', NULL, NULL, NULL, NULL, NULL, NULL, NULL, 'pending', 1, NULL, NULL, 207, '2020-04-24 18:53:23'),
(64, 207, 27, 0, 'Surabhi Tomer', '1', '2020-04-24 18:04:00', NULL, NULL, NULL, NULL, NULL, NULL, NULL, 'pending', 1, NULL, NULL, 207, '2020-04-24 18:55:56'),
(65, 207, 34, 0, 'Surabhi Tomer', '1', '2020-04-24 19:04:00', NULL, NULL, NULL, NULL, NULL, NULL, NULL, 'pending', 1, NULL, NULL, 207, '2020-04-24 19:18:17'),
(66, 207, 30, 0, 'Surabhi Tomer', '1', '2020-04-25 16:04:00', NULL, NULL, NULL, NULL, NULL, NULL, NULL, 'pending', 1, NULL, NULL, 207, '2020-04-25 16:41:02'),
(67, 207, 30, 0, 'Surabhi Tomer', '1', '2020-04-25 16:04:00', NULL, NULL, NULL, NULL, NULL, NULL, NULL, 'pending', 1, NULL, NULL, 207, '2020-04-25 16:48:39'),
(68, 207, 34, 0, 'Surabhi Tomer', '1', '2020-04-25 16:04:00', NULL, NULL, NULL, NULL, NULL, NULL, NULL, 'pending', 1, NULL, NULL, 207, '2020-04-25 16:52:12'),
(69, 207, 31, 0, 'Surabhi Tomer', '1', '2020-04-25 17:04:00', NULL, NULL, NULL, NULL, NULL, NULL, NULL, 'pending', 1, NULL, NULL, 207, '2020-04-25 17:09:15'),
(70, 207, 38, 7, 'Surabhi Tomer', '1', '2020-04-26 10:15:00', NULL, NULL, NULL, NULL, NULL, NULL, NULL, 'pending', 1, NULL, NULL, 207, '2020-04-25 17:36:43'),
(71, 207, 38, 7, 'Surabhi Tomer', '1', '2020-04-26 10:15:00', NULL, NULL, NULL, NULL, NULL, NULL, NULL, 'paid', 1, NULL, NULL, 207, '2020-04-25 17:45:56'),
(72, 186, 38, 7, 'Ranajit Tester', '3', '2020-05-27 20:20:00', NULL, NULL, NULL, NULL, NULL, NULL, NULL, 'cancel', 1, NULL, NULL, 186, '2020-05-05 17:17:08'),
(73, 186, 1, 1, 'Ranajit Tester', '3', '2020-05-20 20:50:00', NULL, NULL, NULL, NULL, NULL, NULL, NULL, 'pending', 1, NULL, NULL, 186, '2020-05-05 18:23:08'),
(74, 218, 34, 6, 'Ranajit ', '3', '1970-01-01 05:30:00', NULL, NULL, NULL, NULL, NULL, NULL, NULL, 'pending', 1, NULL, NULL, 218, '2020-05-12 16:55:54'),
(75, 218, 30, 0, 'Ranajit ', '1', '2020-05-14 16:05:00', NULL, NULL, NULL, NULL, NULL, NULL, NULL, 'pending', 1, NULL, NULL, 218, '2020-05-12 16:56:26'),
(76, 217, 30, 0, 'Rohan ', '4', '2020-05-13 21:05:00', NULL, NULL, NULL, NULL, NULL, NULL, NULL, 'pending', 1, NULL, NULL, 217, '2020-05-12 17:57:01'),
(77, 218, 30, 0, 'Ranajit Sahana', '2', '2020-05-14 14:05:00', NULL, NULL, NULL, NULL, NULL, NULL, NULL, 'pending', 1, NULL, NULL, 218, '2020-05-14 13:30:47'),
(78, 220, 27, 0, 'Devika_test ', '1', '2020-05-15 17:05:00', NULL, NULL, NULL, NULL, NULL, NULL, NULL, 'pending', 1, NULL, NULL, 220, '2020-05-15 17:42:25'),
(79, 220, 27, 0, 'Devika_test ', '1', '2020-05-15 19:40:00', NULL, NULL, NULL, NULL, NULL, NULL, NULL, 'pending', 1, NULL, NULL, 220, '2020-05-15 17:43:05'),
(81, 239, 31, 0, 'stepen ', '1', '2020-05-19 15:05:00', NULL, NULL, NULL, NULL, NULL, NULL, NULL, 'pending', 1, NULL, NULL, 239, '2020-05-19 15:48:20'),
(82, 239, 31, 0, 'stepen ', '1', '2020-05-19 15:05:00', NULL, NULL, NULL, NULL, NULL, NULL, NULL, 'pending', 1, NULL, NULL, 239, '2020-05-19 16:00:36'),
(83, 239, 34, 0, 'stepen ', '00', '2020-05-19 16:05:00', NULL, NULL, NULL, NULL, NULL, NULL, NULL, 'pending', 1, NULL, NULL, 239, '2020-05-19 16:22:25'),
(84, 243, 1, 9, NULL, '1', '2020-05-21 18:01:00', NULL, NULL, NULL, NULL, NULL, NULL, NULL, 'cancel', 1, NULL, NULL, 243, '2020-05-20 18:16:23'),
(85, 187, 1, 2, NULL, '1', '2020-05-22 19:04:00', NULL, NULL, NULL, NULL, NULL, NULL, NULL, 'pending', 1, NULL, NULL, 187, '2020-05-21 11:14:56'),
(86, 187, 1, 9, NULL, '1', '2020-05-22 20:04:00', NULL, NULL, NULL, NULL, NULL, NULL, NULL, 'pending', 1, NULL, NULL, 187, '2020-05-21 11:19:21'),
(88, 220, 27, 0, 'Devika_test ', '4', '2020-05-22 11:05:00', NULL, NULL, NULL, NULL, NULL, NULL, NULL, 'pending', 1, NULL, NULL, 220, '2020-05-22 11:14:02'),
(89, 220, 27, 0, 'Devika_test ', '4', '2020-05-22 12:40:00', NULL, NULL, NULL, NULL, NULL, NULL, NULL, 'pending', 1, NULL, NULL, 220, '2020-05-22 11:14:35'),
(90, 220, 35, 0, 'Devika_test ', '2', '2020-05-22 15:15:00', NULL, NULL, NULL, NULL, NULL, NULL, NULL, 'pending', 1, NULL, NULL, 220, '2020-05-22 11:24:25'),
(91, 220, 30, 0, 'Devika_test ', '4', '2020-05-22 16:20:00', NULL, NULL, NULL, NULL, NULL, NULL, NULL, 'paid', 1, NULL, NULL, 220, '2020-05-22 11:24:45'),
(92, 220, 34, 6, 'Devika_test ', '3', '2020-05-22 17:25:00', NULL, NULL, NULL, NULL, NULL, NULL, NULL, 'pending', 1, NULL, NULL, 220, '2020-05-22 11:25:22'),
(93, 220, 38, 7, 'Devika_test ', '11', '2020-05-22 20:40:00', NULL, NULL, NULL, NULL, NULL, NULL, NULL, 'pending', 1, NULL, NULL, 220, '2020-05-22 11:25:48'),
(94, 220, 35, 0, 'Devika_test ', '3', '2020-05-22 21:45:00', NULL, NULL, NULL, NULL, NULL, NULL, NULL, 'pending', 1, NULL, NULL, 220, '2020-05-22 11:43:39'),
(95, 220, 31, 0, 'Devika_test ', '1', '2020-05-22 20:40:00', NULL, NULL, NULL, NULL, NULL, NULL, NULL, 'pending', 1, NULL, NULL, 220, '2020-05-22 11:44:11'),
(96, 220, 44, 0, 'Devika_test ', '1', '2020-05-22 11:50:00', NULL, NULL, NULL, NULL, NULL, NULL, NULL, 'pending', 1, NULL, NULL, 220, '2020-05-22 11:44:51'),
(97, 220, 28, 0, 'Devika_test ', '1', '2020-05-22 11:55:00', NULL, NULL, NULL, NULL, NULL, NULL, NULL, 'pending', 1, NULL, NULL, 220, '2020-05-22 11:45:22'),
(98, 220, 34, 6, 'Devika_test ', '5', '2020-05-22 15:15:00', NULL, NULL, NULL, NULL, NULL, NULL, NULL, 'pending', 1, NULL, NULL, 220, '2020-05-22 12:30:11'),
(99, 220, 34, 0, 'Devika_test ', '5', '2020-05-22 15:15:00', NULL, NULL, NULL, NULL, NULL, NULL, NULL, 'pending', 1, NULL, NULL, 220, '2020-05-22 12:30:51'),
(100, 247, 34, 6, 'test user testing', '1', '2020-05-22 12:05:00', NULL, NULL, NULL, NULL, NULL, NULL, NULL, 'pending', 1, NULL, NULL, 247, '2020-05-22 12:31:45'),
(101, 220, 30, 0, 'Devika_test ', '4', '2020-05-22 12:45:00', NULL, NULL, NULL, NULL, NULL, NULL, NULL, 'pending', 1, NULL, NULL, 220, '2020-05-22 13:54:01'),
(102, 243, 28, 0, 'Ranajit ', '2', '2020-05-22 17:05:00', NULL, NULL, NULL, NULL, NULL, NULL, NULL, 'pending', 1, NULL, NULL, 243, '2020-05-22 18:20:29'),
(103, 243, 30, 0, 'Ranajit ', '3', '2020-05-30 19:05:00', NULL, NULL, NULL, NULL, NULL, NULL, NULL, 'cancel', 1, NULL, NULL, 243, '2020-05-22 18:21:45'),
(104, 220, 34, 0, 'Devika_test ', '1', '2020-05-22 19:05:00', NULL, NULL, NULL, NULL, NULL, NULL, NULL, 'pending', 1, NULL, NULL, 220, '2020-05-22 19:48:23'),
(105, 220, 34, 0, 'Devika_test ', '1', '2020-05-22 19:05:00', NULL, NULL, NULL, NULL, NULL, NULL, NULL, 'pending', 1, NULL, NULL, 220, '2020-05-22 20:08:23'),
(106, 220, 34, 6, 'Devika_test ', '4', '2020-05-24 14:15:00', NULL, NULL, NULL, NULL, NULL, NULL, NULL, 'pending', 1, NULL, NULL, 220, '2020-05-23 11:11:17'),
(107, 220, 27, 0, 'Devika_test ', '4', '2020-05-24 14:15:00', NULL, NULL, NULL, NULL, NULL, NULL, NULL, 'pending', 1, NULL, NULL, 220, '2020-05-23 11:11:55'),
(108, 205, 30, 0, 'Test edited Last', '1', '2020-05-23 14:05:00', NULL, NULL, NULL, NULL, NULL, NULL, NULL, 'pending', 1, NULL, NULL, 205, '2020-05-23 14:36:18'),
(109, 205, 30, 1, NULL, '1', '2020-05-23 15:58:00', NULL, NULL, NULL, NULL, NULL, NULL, NULL, 'pending', 1, NULL, NULL, 205, '2020-05-23 15:52:07'),
(110, 220, 1, 9, 'Devika_test ', '4', '2020-05-24 20:40:00', NULL, NULL, NULL, NULL, NULL, NULL, NULL, 'paid', 1, NULL, NULL, 220, '2020-05-23 17:26:54'),
(111, 185, 30, 0, 'Demo User', '1', '2020-05-25 21:05:00', NULL, NULL, NULL, NULL, NULL, NULL, NULL, 'pending', 1, NULL, NULL, 185, '2020-05-25 21:07:14'),
(113, 242, 30, NULL, 'Pooja ', '1', '2020-05-26 15:05:00', NULL, NULL, NULL, NULL, NULL, NULL, NULL, 'pending', 1, NULL, NULL, 242, '2020-05-26 15:03:11'),
(114, 243, 30, 0, 'Ranajit ', '1', '2020-05-26 15:05:00', NULL, NULL, NULL, NULL, NULL, NULL, NULL, 'cancel', 1, NULL, NULL, 243, '2020-05-26 15:36:14'),
(115, 207, 30, 0, 'Surabhi Tomer', '1', '2020-05-27 17:05:00', NULL, NULL, NULL, NULL, NULL, NULL, NULL, 'pending', 1, NULL, NULL, 207, '2020-05-27 17:10:41'),
(116, 207, 30, 0, 'Surabhi Tomer', '1', '2020-05-27 17:05:00', NULL, NULL, NULL, NULL, NULL, NULL, NULL, 'pending', 1, NULL, NULL, 207, '2020-05-27 17:11:21'),
(117, 207, 47, 0, 'Surabhi Tomer', '1', '2020-05-27 18:05:00', NULL, NULL, NULL, NULL, NULL, NULL, NULL, 'pending', 1, NULL, NULL, 207, '2020-05-27 18:48:34'),
(118, 207, 27, 0, 'Surabhi Tomer', '3', '2020-05-27 18:05:00', NULL, NULL, NULL, NULL, NULL, NULL, NULL, 'pending', 1, NULL, NULL, 207, '2020-05-27 18:52:17'),
(119, 207, 27, 0, 'Surabhi Tomer', '3', '2020-05-28 20:00:00', NULL, NULL, NULL, NULL, NULL, NULL, NULL, 'cancel', 1, NULL, NULL, 207, '2020-05-27 18:52:46'),
(120, 207, 30, 0, 'Surabhi Tomer', '1', '2020-05-28 11:05:00', NULL, NULL, NULL, NULL, NULL, NULL, NULL, 'cancel', 1, NULL, NULL, 207, '2020-05-28 11:54:26'),
(121, 207, 30, 0, 'Surabhi Tomer', '1', '2020-05-30 22:00:00', NULL, NULL, NULL, NULL, NULL, NULL, NULL, 'paid', 1, NULL, NULL, 207, '2020-05-30 19:31:05'),
(122, 253, 30, 0, 'Ranajit ', '3', '2020-06-25 11:15:00', NULL, NULL, NULL, NULL, NULL, NULL, NULL, 'pending', 1, NULL, NULL, 253, '2020-06-01 11:46:55'),
(123, 253, 28, 0, 'Ranajit ', '3', '2020-06-25 11:15:00', NULL, NULL, NULL, NULL, NULL, NULL, NULL, 'pending', 1, NULL, NULL, 253, '2020-06-01 11:48:34'),
(124, 253, 27, 0, 'Ranajit ', '3', '2020-06-25 11:15:00', NULL, NULL, NULL, NULL, NULL, NULL, NULL, 'pending', 1, NULL, NULL, 253, '2020-06-01 11:48:35'),
(125, 253, 30, 0, 'Ranajit ', '3', '2020-06-24 11:10:00', NULL, NULL, NULL, NULL, NULL, NULL, NULL, 'pending', 1, NULL, NULL, 253, '2020-06-01 11:48:36'),
(126, 207, 31, 0, 'Surabhi Tomer', '1', '2020-06-01 15:06:00', NULL, NULL, NULL, NULL, NULL, NULL, NULL, 'pending', 1, NULL, NULL, 207, '2020-06-01 15:18:27'),
(127, 207, 30, 0, 'Surabhi Tomer', '1', '2020-06-01 15:06:00', NULL, NULL, NULL, NULL, NULL, NULL, NULL, 'pending', 1, NULL, NULL, 207, '2020-06-01 15:27:13'),
(128, 207, 30, 0, 'Surabhi Tomer', '1', '2020-06-01 21:00:00', NULL, NULL, NULL, NULL, NULL, NULL, NULL, 'pending', 1, NULL, NULL, 207, '2020-06-01 15:42:36'),
(129, 207, 1, 9, 'Surabhi Tomer', '1', '2020-06-01 19:00:00', NULL, NULL, NULL, NULL, NULL, NULL, NULL, 'pending', 1, NULL, NULL, 207, '2020-06-01 15:50:16'),
(130, 243, 35, 0, 'Ranajit ', '1', '2020-06-25 11:15:00', NULL, NULL, NULL, NULL, NULL, NULL, NULL, 'cancel', 1, NULL, NULL, 243, '2020-06-01 17:20:39'),
(131, 207, 1, 9, 'Surabhi Tomer', '34', '2020-06-03 21:00:00', NULL, NULL, NULL, NULL, NULL, NULL, NULL, 'pending', 1, NULL, NULL, 207, '2020-06-03 14:55:48'),
(132, 207, 1, 9, 'Surabhi Tomer', '1', '2020-06-03 18:49:00', NULL, NULL, NULL, NULL, NULL, NULL, NULL, 'cancel', 1, NULL, NULL, 207, '2020-06-03 18:50:08'),
(133, 243, 30, 0, 'Ranajit ', '1', '2020-06-03 20:42:00', NULL, NULL, NULL, NULL, NULL, NULL, NULL, 'pending', 1, NULL, NULL, 243, '2020-06-03 20:42:23'),
(134, 207, 1, 9, 'Surabhi Tomer', '1', '2020-06-04 21:51:00', NULL, '10000.00', '10000.00', NULL, NULL, NULL, NULL, 'cancel', 1, NULL, NULL, 207, '2020-06-04 14:52:18'),
(135, 248, 46, 0, 'Devikatest2 ', '1', '2020-06-04 18:39:00', NULL, '1000.00', '1000.00', NULL, NULL, NULL, NULL, NULL, 1, NULL, NULL, 248, '2020-06-04 18:39:58'),
(136, 182, 30, 0, 'Test User', '1', '2020-06-09 15:09:00', NULL, NULL, NULL, NULL, NULL, NULL, NULL, 'pending', 1, NULL, NULL, 182, '2020-06-09 15:09:42'),
(137, 182, 30, 0, 'Test User', '1', '2020-06-11 15:10:00', NULL, NULL, NULL, NULL, NULL, NULL, NULL, 'pending', 1, NULL, NULL, 182, '2020-06-09 15:10:15'),
(138, 248, 30, 0, 'Devikatest2 ', '1', '2020-06-10 12:57:00', NULL, NULL, NULL, NULL, NULL, NULL, NULL, 'pending', 1, NULL, NULL, 248, '2020-06-10 12:57:54'),
(139, 248, 34, 6, 'Devikatest2 ', '1', '2020-06-16 12:58:00', NULL, NULL, NULL, NULL, NULL, NULL, NULL, 'pending', 1, NULL, NULL, 248, '2020-06-10 12:59:04'),
(140, 248, 34, 6, 'Devikatest2 ', '1', '2020-06-16 12:58:00', NULL, NULL, NULL, NULL, NULL, NULL, NULL, 'pending', 1, NULL, NULL, 248, '2020-06-10 13:56:16'),
(141, 243, 27, 0, 'Ranajit ', '1', '2020-06-12 11:12:00', NULL, NULL, NULL, NULL, NULL, NULL, NULL, 'pending', 1, NULL, NULL, 243, '2020-06-12 11:13:09'),
(142, 243, 27, 0, 'Ranajit ', '1', '2020-06-12 11:12:00', NULL, NULL, NULL, NULL, NULL, NULL, NULL, 'pending', 1, NULL, NULL, 243, '2020-06-12 11:13:15'),
(143, 243, 27, 0, 'Ranajit ', '1', '2020-06-12 11:12:00', NULL, NULL, NULL, NULL, NULL, NULL, NULL, 'pending', 1, NULL, NULL, 243, '2020-06-12 11:13:20'),
(144, 243, 27, 0, 'Ranajit ', '1', '2020-06-12 11:12:00', NULL, NULL, NULL, NULL, NULL, NULL, NULL, 'pending', 1, NULL, NULL, 243, '2020-06-12 11:13:24'),
(145, 243, 27, 0, 'Ranajit ', '1', '2020-06-12 11:12:00', NULL, NULL, NULL, NULL, NULL, NULL, NULL, 'pending', 1, NULL, NULL, 243, '2020-06-12 11:13:28'),
(146, 243, 27, 0, 'Ranajit ', '1', '2020-06-12 11:12:00', NULL, NULL, NULL, NULL, NULL, NULL, NULL, 'pending', 1, NULL, NULL, 243, '2020-06-12 11:13:33'),
(147, 243, 27, 0, 'Ranajit ', '1', '2020-06-12 11:12:00', NULL, NULL, NULL, NULL, NULL, NULL, NULL, 'pending', 1, NULL, NULL, 243, '2020-06-12 11:13:37'),
(148, 243, 1, 9, NULL, '3', '2020-06-19 18:13:00', NULL, NULL, NULL, NULL, NULL, NULL, NULL, 'pending', 1, NULL, NULL, 243, '2020-06-12 15:18:35'),
(149, 248, 30, 0, 'Devikatest2 -', '2', '2020-06-17 13:40:00', NULL, NULL, NULL, NULL, NULL, NULL, NULL, 'pending', 1, NULL, NULL, 248, '2020-06-17 13:40:18'),
(150, 248, 27, 0, 'Devikatest2 -', '2', '2020-06-17 13:40:00', NULL, NULL, NULL, NULL, NULL, NULL, NULL, 'pending', 1, NULL, NULL, 248, '2020-06-17 13:40:55'),
(151, 248, 1, 1, 'Devikatest2 -', '2', '2020-06-17 19:37:00', NULL, NULL, NULL, NULL, NULL, NULL, NULL, 'pending', 1, NULL, NULL, 248, '2020-06-17 13:41:46'),
(152, 248, 34, 6, 'Devikatest2 -', '2', '2020-06-17 19:37:00', NULL, NULL, NULL, NULL, NULL, NULL, NULL, 'pending', 1, NULL, NULL, 248, '2020-06-17 13:42:16'),
(153, 248, 1, 1, 'Devikatest2 -', '10', '2020-06-18 19:37:00', NULL, '10000.00', '10000.00', NULL, NULL, NULL, NULL, 'paid', 1, NULL, NULL, 248, '2020-06-18 18:45:09'),
(154, 268, 1, 2, 'Test37 ', '1', '2020-06-18 20:21:00', NULL, NULL, NULL, NULL, NULL, NULL, NULL, 'pending', 1, NULL, NULL, 268, '2020-06-18 20:21:48');

-- --------------------------------------------------------

--
-- Table structure for table `event_detail`
--

CREATE TABLE `event_detail` (
  `entity_id` int(11) NOT NULL,
  `event_id` int(11) NOT NULL,
  `restaurant_detail` longtext CHARACTER SET utf8 DEFAULT NULL,
  `user_detail` longtext CHARACTER SET utf8 DEFAULT NULL,
  `package_detail` longtext CHARACTER SET utf8 DEFAULT NULL
) ENGINE=InnoDB DEFAULT CHARSET=latin1;

--
-- Dumping data for table `event_detail`
--

INSERT INTO `event_detail` (`entity_id`, `event_id`, `restaurant_detail`, `user_detail`, `package_detail`) VALUES
(1, 1, 'O:8:\"stdClass\":12:{s:4:\"name\";s:4:\"test\";s:5:\"image\";s:47:\"\";s:12:\"phone_number\";s:10:\"9999999994\";s:5:\"email\";s:21:\"ranajit@evincedev.com\";s:11:\"amount_type\";N;s:6:\"amount\";N;s:7:\"address\";s:3:\"fgj\";s:8:\"landmark\";s:3:\"ehy\";s:7:\"zipcode\";s:6:\"090909\";s:4:\"city\";s:4:\"fhgj\";s:8:\"latitude\";s:18:\"23.074182578511106\";s:9:\"longitude\";s:17:\"72.52633571994136\";}', 'a:2:{s:10:\"first_name\";s:2:\"Jd\";s:9:\"last_name\";s:4:\"JKay\";}', ''),
(2, 2, 'O:8:\"stdClass\":12:{s:4:\"name\";s:4:\"test\";s:5:\"image\";s:47:\"restaurant/31cfa9301fa8ad3410efa0f5f4b949c2.jpg\";s:12:\"phone_number\";s:10:\"9999999994\";s:5:\"email\";s:21:\"ranajit@evincedev.com\";s:11:\"amount_type\";N;s:6:\"amount\";N;s:7:\"address\";s:3:\"fgj\";s:8:\"landmark\";s:3:\"ehy\";s:7:\"zipcode\";s:6:\"090909\";s:4:\"city\";s:4:\"fhgj\";s:8:\"latitude\";s:18:\"23.074182578511106\";s:9:\"longitude\";s:17:\"72.52633571994136\";}', 'a:2:{s:10:\"first_name\";s:3:\"Joe\";s:9:\"last_name\";s:4:\"User\";}', 'a:3:{s:13:\"package_price\";s:3:\"100\";s:12:\"package_name\";s:3:\"new\";s:14:\"package_detail\";s:142:\"<p><span style=\"color: rgb(61, 61, 61); font-family: &quot;Open Sans&quot;, sans-serif; font-weight: 600; text-align: left;\">Detail</span></p>\";}'),
(3, 3, 'O:8:\"stdClass\":14:{s:4:\"name\";s:8:\"new rest\";s:5:\"image\";N;s:12:\"phone_number\";s:11:\"46454548225\";s:5:\"email\";s:19:\"mansi@evincedev.com\";s:11:\"amount_type\";N;s:6:\"amount\";N;s:7:\"address\";s:4:\"gfgf\";s:8:\"landmark\";s:7:\"gfdgdfg\";s:7:\"zipcode\";s:8:\"44897452\";s:4:\"city\";s:3:\"hgj\";s:8:\"latitude\";s:18:\"23.020577110448055\";s:9:\"longitude\";s:17:\"72.57006168365479\";s:15:\"currency_symbol\";s:1:\"$\";s:13:\"currency_code\";s:3:\"CAD\";}', 'a:2:{s:10:\"first_name\";s:5:\"Satya\";s:9:\"last_name\";s:0:\"\";}', ''),
(4, 4, 'O:8:\"stdClass\":14:{s:4:\"name\";s:4:\"test\";s:5:\"image\";s:47:\"restaurant/31cfa9301fa8ad3410efa0f5f4b949c2.jpg\";s:12:\"phone_number\";s:10:\"9999999994\";s:5:\"email\";s:21:\"ranajit@evincedev.com\";s:11:\"amount_type\";N;s:6:\"amount\";N;s:7:\"address\";s:3:\"fgj\";s:8:\"landmark\";s:3:\"ehy\";s:7:\"zipcode\";s:6:\"090909\";s:4:\"city\";s:4:\"fhgj\";s:8:\"latitude\";s:18:\"23.074182578511106\";s:9:\"longitude\";s:17:\"72.52633571994136\";s:15:\"currency_symbol\";s:1:\"$\";s:13:\"currency_code\";s:3:\"CAD\";}', 'a:2:{s:10:\"first_name\";s:5:\"Satya\";s:9:\"last_name\";s:0:\"\";}', ''),
(5, 5, 'O:8:\"stdClass\":14:{s:4:\"name\";s:25:\"???? ????\";s:5:\"image\";s:47:\"restaurant/3d1df2108c344086640d4cd14f1af1e9.jpg\";s:12:\"phone_number\";s:10:\"9999999785\";s:5:\"email\";s:18:\"dum012my@gmail.com\";s:11:\"amount_type\";N;s:6:\"amount\";N;s:7:\"address\";s:129:\"???? ???? ???? ???? ???? ???? ???? ???? ???? ????\";s:8:\"landmark\";s:25:\"???? ????\";s:7:\"zipcode\";s:6:\"000000\";s:4:\"city\";s:25:\"???? ????\";s:8:\"latitude\";s:10:\"23.0751887\";s:9:\"longitude\";s:17:\"72.52568870000005\";s:15:\"currency_symbol\";s:1:\"$\";s:13:\"currency_code\";s:3:\"CAD\";}', 'a:2:{s:10:\"first_name\";s:7:\"Ranajit\";s:9:\"last_name\";s:0:\"\";}', ''),
(6, 6, 'O:8:\"stdClass\":14:{s:4:\"name\";s:4:\"test\";s:5:\"image\";s:47:\"restaurant/31cfa9301fa8ad3410efa0f5f4b949c2.jpg\";s:12:\"phone_number\";s:10:\"9999999994\";s:5:\"email\";s:21:\"ranajit@evincedev.com\";s:11:\"amount_type\";N;s:6:\"amount\";N;s:7:\"address\";s:3:\"fgj\";s:8:\"landmark\";s:3:\"ehy\";s:7:\"zipcode\";s:6:\"090909\";s:4:\"city\";s:4:\"fhgj\";s:8:\"latitude\";s:18:\"23.074182578511106\";s:9:\"longitude\";s:17:\"72.52633571994136\";s:15:\"currency_symbol\";s:1:\"$\";s:13:\"currency_code\";s:3:\"CAD\";}', 'a:2:{s:10:\"first_name\";s:5:\"Satya\";s:9:\"last_name\";s:0:\"\";}', ''),
(7, 7, 'O:8:\"stdClass\":14:{s:4:\"name\";s:4:\"test\";s:5:\"image\";s:47:\"restaurant/31cfa9301fa8ad3410efa0f5f4b949c2.jpg\";s:12:\"phone_number\";s:10:\"9999999994\";s:5:\"email\";s:21:\"ranajit@evincedev.com\";s:11:\"amount_type\";N;s:6:\"amount\";N;s:7:\"address\";s:3:\"fgj\";s:8:\"landmark\";s:3:\"ehy\";s:7:\"zipcode\";s:6:\"090909\";s:4:\"city\";s:4:\"fhgj\";s:8:\"latitude\";s:18:\"23.074182578511106\";s:9:\"longitude\";s:17:\"72.52633571994136\";s:15:\"currency_symbol\";s:1:\"$\";s:13:\"currency_code\";s:3:\"CAD\";}', 'a:2:{s:10:\"first_name\";s:5:\"Satya\";s:9:\"last_name\";s:0:\"\";}', 'a:3:{s:13:\"package_price\";s:3:\"100\";s:12:\"package_name\";s:3:\"new\";s:14:\"package_detail\";s:142:\"<p><span style=\"color: rgb(61, 61, 61); font-family: &quot;Open Sans&quot;, sans-serif; font-weight: 600; text-align: left;\">Detail</span></p>\";}'),
(9, 9, 'O:8:\"stdClass\":14:{s:4:\"name\";s:17:\"Panshi Restaurant\";s:5:\"image\";s:48:\"restaurant/8a5943f69724024abe62674d6b74004f.jpeg\";s:12:\"phone_number\";s:11:\"87345455813\";s:5:\"email\";s:23:\"paul1223@mailinator.com\";s:11:\"amount_type\";N;s:6:\"amount\";N;s:7:\"address\";s:27:\"Jallarpar Rd, Jallarpar Rd,\";s:8:\"landmark\";s:13:\"Jallarpar Rd,\";s:7:\"zipcode\";s:4:\"3100\";s:4:\"city\";s:4:\"City\";s:8:\"latitude\";s:18:\"23.022855474283663\";s:9:\"longitude\";s:17:\"72.56895382537846\";s:15:\"currency_symbol\";s:3:\"?\";s:13:\"currency_code\";s:3:\"BDT\";}', 'a:2:{s:10:\"first_name\";s:7:\"Ranajit\";s:9:\"last_name\";s:6:\"Tester\";}', 'a:3:{s:13:\"package_price\";s:3:\"120\";s:12:\"package_name\";s:7:\"Starter\";s:14:\"package_detail\";s:142:\"<p>Lorem Ipsum ???? ?????? ??? ????????? ??????? ???? ??????</p>\";}'),
(10, 10, 'O:8:\"stdClass\":14:{s:4:\"name\";s:16:\"Dummy Restaurant\";s:5:\"image\";N;s:12:\"phone_number\";s:11:\"46454548225\";s:5:\"email\";s:19:\"mansi@evincedev.com\";s:11:\"amount_type\";N;s:6:\"amount\";N;s:7:\"address\";s:4:\"gfgf\";s:8:\"landmark\";s:7:\"gfdgdfg\";s:7:\"zipcode\";s:8:\"44897452\";s:4:\"city\";s:3:\"hgj\";s:8:\"latitude\";s:18:\"23.020577110448055\";s:9:\"longitude\";s:17:\"72.57006168365479\";s:15:\"currency_symbol\";s:1:\"$\";s:13:\"currency_code\";s:3:\"CAD\";}', 'a:2:{s:10:\"first_name\";s:7:\"Ranajit\";s:9:\"last_name\";s:6:\"Tester\";}', ''),
(11, 11, 'O:8:\"stdClass\":14:{s:4:\"name\";s:16:\"Dummy Restaurant\";s:5:\"image\";N;s:12:\"phone_number\";s:11:\"46454548225\";s:5:\"email\";s:19:\"mansi@evincedev.com\";s:11:\"amount_type\";N;s:6:\"amount\";N;s:7:\"address\";s:4:\"gfgf\";s:8:\"landmark\";s:7:\"gfdgdfg\";s:7:\"zipcode\";s:8:\"44897452\";s:4:\"city\";s:3:\"hgj\";s:8:\"latitude\";s:18:\"23.020577110448055\";s:9:\"longitude\";s:17:\"72.57006168365479\";s:15:\"currency_symbol\";s:1:\"$\";s:13:\"currency_code\";s:3:\"CAD\";}', 'a:2:{s:10:\"first_name\";s:5:\"Satya\";s:9:\"last_name\";s:0:\"\";}', ''),
(14, 14, 'O:8:\"stdClass\":14:{s:4:\"name\";s:15:\"Demo restaurant\";s:5:\"image\";s:47:\"restaurant/ee1b43f891ddec71b62f365165e1405e.jpg\";s:12:\"phone_number\";s:11:\"44444444444\";s:5:\"email\";s:22:\"test233@mailinator.com\";s:11:\"amount_type\";N;s:6:\"amount\";N;s:7:\"address\";s:73:\"Lorem Ipsum is simply dummy text of the printing and typesetting industry\";s:8:\"landmark\";s:4:\"TEST\";s:7:\"zipcode\";s:5:\"00000\";s:4:\"city\";s:4:\"TESt\";s:8:\"latitude\";s:18:\"23.089666426611696\";s:9:\"longitude\";s:16:\"72.5318289094862\";s:15:\"currency_symbol\";s:1:\"$\";s:13:\"currency_code\";s:3:\"USD\";}', 'a:2:{s:10:\"first_name\";s:5:\"Satya\";s:9:\"last_name\";s:0:\"\";}', ''),
(15, 15, 'O:8:\"stdClass\":14:{s:4:\"name\";s:17:\"Panshi Restaurant\";s:5:\"image\";s:48:\"restaurant/8a5943f69724024abe62674d6b74004f.jpeg\";s:12:\"phone_number\";s:11:\"87345455813\";s:5:\"email\";s:23:\"paul1223@mailinator.com\";s:11:\"amount_type\";N;s:6:\"amount\";N;s:7:\"address\";s:27:\"Jallarpar Rd, Jallarpar Rd,\";s:8:\"landmark\";s:13:\"Jallarpar Rd,\";s:7:\"zipcode\";s:4:\"3100\";s:4:\"city\";s:4:\"City\";s:8:\"latitude\";s:18:\"23.083759412891396\";s:9:\"longitude\";s:17:\"72.52788637195658\";s:15:\"currency_symbol\";s:3:\"?\";s:13:\"currency_code\";s:3:\"BDT\";}', 'a:2:{s:10:\"first_name\";s:7:\"Prasant\";s:9:\"last_name\";s:0:\"\";}', ''),
(16, 16, 'O:8:\"stdClass\":14:{s:4:\"name\";s:16:\"Dummy Restaurant\";s:5:\"image\";N;s:12:\"phone_number\";s:11:\"46454548225\";s:5:\"email\";s:19:\"mansi@evincedev.com\";s:11:\"amount_type\";N;s:6:\"amount\";N;s:7:\"address\";s:4:\"gfgf\";s:8:\"landmark\";s:7:\"gfdgdfg\";s:7:\"zipcode\";s:8:\"44897452\";s:4:\"city\";s:3:\"hgj\";s:8:\"latitude\";s:18:\"23.020577110448055\";s:9:\"longitude\";s:17:\"72.57006168365479\";s:15:\"currency_symbol\";s:1:\"$\";s:13:\"currency_code\";s:3:\"CAD\";}', 'a:2:{s:10:\"first_name\";s:5:\"Satya\";s:9:\"last_name\";s:0:\"\";}', ''),
(19, 19, 'O:8:\"stdClass\":14:{s:4:\"name\";s:10:\"Restaurant\";s:5:\"image\";s:47:\"restaurant/31cfa9301fa8ad3410efa0f5f4b949c2.jpg\";s:12:\"phone_number\";s:10:\"9999999994\";s:5:\"email\";s:21:\"ranajit@evincedev.com\";s:11:\"amount_type\";N;s:6:\"amount\";N;s:7:\"address\";s:18:\"Restaurant Address\";s:8:\"landmark\";s:12:\"South Corner\";s:7:\"zipcode\";s:6:\"090909\";s:4:\"city\";s:4:\"CITY\";s:8:\"latitude\";s:18:\"23.074182578511106\";s:9:\"longitude\";s:17:\"72.52633571994136\";s:15:\"currency_symbol\";s:1:\"$\";s:13:\"currency_code\";s:3:\"CAD\";}', 'a:2:{s:10:\"first_name\";s:5:\"Satya\";s:9:\"last_name\";s:0:\"\";}', ''),
(20, 20, 'O:8:\"stdClass\":14:{s:4:\"name\";s:10:\"Restaurant\";s:5:\"image\";s:47:\"restaurant/31cfa9301fa8ad3410efa0f5f4b949c2.jpg\";s:12:\"phone_number\";s:10:\"9999999994\";s:5:\"email\";s:21:\"ranajit@evincedev.com\";s:11:\"amount_type\";N;s:6:\"amount\";N;s:7:\"address\";s:18:\"Restaurant Address\";s:8:\"landmark\";s:12:\"South Corner\";s:7:\"zipcode\";s:6:\"090909\";s:4:\"city\";s:4:\"CITY\";s:8:\"latitude\";s:18:\"23.074182578511106\";s:9:\"longitude\";s:17:\"72.52633571994136\";s:15:\"currency_symbol\";s:1:\"$\";s:13:\"currency_code\";s:3:\"CAD\";}', 'a:2:{s:10:\"first_name\";s:2:\"Hh\";s:9:\"last_name\";s:4:\"User\";}', ''),
(21, 21, 'O:8:\"stdClass\":14:{s:4:\"name\";s:10:\"Restaurant\";s:5:\"image\";s:47:\"restaurant/31cfa9301fa8ad3410efa0f5f4b949c2.jpg\";s:12:\"phone_number\";s:10:\"9999999994\";s:5:\"email\";s:21:\"ranajit@evincedev.com\";s:11:\"amount_type\";N;s:6:\"amount\";N;s:7:\"address\";s:18:\"Restaurant Address\";s:8:\"landmark\";s:12:\"South Corner\";s:7:\"zipcode\";s:6:\"090909\";s:4:\"city\";s:4:\"CITY\";s:8:\"latitude\";s:18:\"23.074182578511106\";s:9:\"longitude\";s:17:\"72.52633571994136\";s:15:\"currency_symbol\";s:1:\"$\";s:13:\"currency_code\";s:3:\"CAD\";}', 'a:2:{s:10:\"first_name\";s:2:\"Hh\";s:9:\"last_name\";s:4:\"User\";}', ''),
(22, 22, 'O:8:\"stdClass\":14:{s:4:\"name\";s:10:\"Restaurant\";s:5:\"image\";s:47:\"restaurant/31cfa9301fa8ad3410efa0f5f4b949c2.jpg\";s:12:\"phone_number\";s:10:\"9999999994\";s:5:\"email\";s:21:\"ranajit@evincedev.com\";s:11:\"amount_type\";N;s:6:\"amount\";N;s:7:\"address\";s:18:\"Restaurant Address\";s:8:\"landmark\";s:12:\"South Corner\";s:7:\"zipcode\";s:6:\"090909\";s:4:\"city\";s:4:\"CITY\";s:8:\"latitude\";s:18:\"23.074182578511106\";s:9:\"longitude\";s:17:\"72.52633571994136\";s:15:\"currency_symbol\";s:1:\"$\";s:13:\"currency_code\";s:3:\"CAD\";}', 'a:2:{s:10:\"first_name\";s:2:\"Hh\";s:9:\"last_name\";s:4:\"User\";}', 'a:3:{s:13:\"package_price\";s:3:\"100\";s:12:\"package_name\";s:3:\"new\";s:14:\"package_detail\";s:142:\"<p><span style=\"color: rgb(61, 61, 61); font-family: &quot;Open Sans&quot;, sans-serif; font-weight: 600; text-align: left;\">Detail</span></p>\";}'),
(23, 23, 'O:8:\"stdClass\":14:{s:4:\"name\";s:10:\"Restaurant\";s:5:\"image\";s:47:\"restaurant/31cfa9301fa8ad3410efa0f5f4b949c2.jpg\";s:12:\"phone_number\";s:10:\"9999999994\";s:5:\"email\";s:21:\"ranajit@evincedev.com\";s:11:\"amount_type\";N;s:6:\"amount\";N;s:7:\"address\";s:18:\"Restaurant Address\";s:8:\"landmark\";s:12:\"South Corner\";s:7:\"zipcode\";s:6:\"090909\";s:4:\"city\";s:4:\"CITY\";s:8:\"latitude\";s:18:\"23.074182578511106\";s:9:\"longitude\";s:17:\"72.52633571994136\";s:15:\"currency_symbol\";s:1:\"$\";s:13:\"currency_code\";s:3:\"CAD\";}', 'a:2:{s:10:\"first_name\";s:3:\"Jay\";s:9:\"last_name\";s:0:\"\";}', ''),
(24, 24, 'O:8:\"stdClass\":14:{s:4:\"name\";s:17:\"Panshi Restaurant\";s:5:\"image\";N;s:12:\"phone_number\";s:11:\"99956466667\";s:5:\"email\";s:24:\"rsahandfga1233@gmail.com\";s:11:\"amount_type\";N;s:6:\"amount\";N;s:7:\"address\";s:71:\"Panshi Restaurant Panshi Restaurant Panshi Restaurant Panshi Restaurant\";s:8:\"landmark\";s:17:\"Panshi Restaurant\";s:7:\"zipcode\";s:5:\"00000\";s:4:\"city\";s:7:\"Country\";s:8:\"latitude\";s:18:\"23.074122688695624\";s:9:\"longitude\";s:17:\"72.52066760472417\";s:15:\"currency_symbol\";s:3:\"?\";s:13:\"currency_code\";s:3:\"BDT\";}', 'a:2:{s:10:\"first_name\";s:3:\"Jay\";s:9:\"last_name\";s:0:\"\";}', ''),
(25, 25, 'O:8:\"stdClass\":14:{s:4:\"name\";s:14:\"Taste the food\";s:5:\"image\";s:47:\"restaurant/31cfa9301fa8ad3410efa0f5f4b949c2.jpg\";s:12:\"phone_number\";s:10:\"9999999994\";s:5:\"email\";s:21:\"ranajit@evincedev.com\";s:11:\"amount_type\";N;s:6:\"amount\";N;s:7:\"address\";s:127:\"1st Floor, Parishram Elegant, Near HCG Cancer Centre, Sola-Science City Road, Off S.G. Highway, Sola, Ahmedabad, Gujarat 380060\";s:8:\"landmark\";s:12:\"South Corner\";s:7:\"zipcode\";s:6:\"090909\";s:4:\"city\";s:4:\"CITY\";s:8:\"latitude\";s:10:\"23.0705655\";s:9:\"longitude\";s:17:\"72.52157609999999\";s:15:\"currency_symbol\";s:1:\"$\";s:13:\"currency_code\";s:3:\"CAD\";}', 'a:2:{s:10:\"first_name\";s:5:\"Pooja\";s:9:\"last_name\";s:0:\"\";}', 'a:4:{s:13:\"package_price\";s:3:\"100\";s:12:\"package_name\";s:3:\"new\";s:14:\"package_detail\";s:142:\"<p><span style=\"color: rgb(61, 61, 61); font-family: &quot;Open Sans&quot;, sans-serif; font-weight: 600; text-align: left;\">Detail</span></p>\";s:13:\"package_image\";N;}'),
(26, 26, 'O:8:\"stdClass\":14:{s:4:\"name\";s:17:\"Sanklp Restaurant\";s:5:\"image\";s:47:\"restaurant/71503d66b20517cbc20fad30d14500d4.jpg\";s:12:\"phone_number\";s:11:\"46454548225\";s:5:\"email\";s:19:\"mansi@evincedev.com\";s:11:\"amount_type\";N;s:6:\"amount\";N;s:7:\"address\";s:103:\"Prajapati Bhavan, No. F-6, Sapath Hexa, Opp, Sarkhej - Gandhinagar Hwy, Sola, Ahmedabad, Gujarat 380061\";s:8:\"landmark\";s:4:\"Sola\";s:7:\"zipcode\";s:8:\"44897452\";s:4:\"city\";s:4:\"City\";s:8:\"latitude\";s:10:\"23.0745351\";s:9:\"longitude\";s:10:\"72.5257761\";s:15:\"currency_symbol\";s:1:\"$\";s:13:\"currency_code\";s:3:\"CAD\";}', 'a:2:{s:10:\"first_name\";s:5:\"Pooja\";s:9:\"last_name\";s:0:\"\";}', ''),
(27, 27, 'O:8:\"stdClass\":14:{s:4:\"name\";s:17:\"Sanklp Restaurant\";s:5:\"image\";s:47:\"restaurant/71503d66b20517cbc20fad30d14500d4.jpg\";s:12:\"phone_number\";s:11:\"46454548225\";s:5:\"email\";s:19:\"mansi@evincedev.com\";s:11:\"amount_type\";N;s:6:\"amount\";N;s:7:\"address\";s:103:\"Prajapati Bhavan, No. F-6, Sapath Hexa, Opp, Sarkhej - Gandhinagar Hwy, Sola, Ahmedabad, Gujarat 380061\";s:8:\"landmark\";s:4:\"Sola\";s:7:\"zipcode\";s:8:\"44897452\";s:4:\"city\";s:4:\"City\";s:8:\"latitude\";s:10:\"23.0745351\";s:9:\"longitude\";s:10:\"72.5257761\";s:15:\"currency_symbol\";s:1:\"$\";s:13:\"currency_code\";s:3:\"CAD\";}', 'a:2:{s:10:\"first_name\";s:5:\"Pooja\";s:9:\"last_name\";s:0:\"\";}', ''),
(28, 28, 'O:8:\"stdClass\":14:{s:4:\"name\";s:14:\"Taste the food\";s:5:\"image\";s:47:\"restaurant/31cfa9301fa8ad3410efa0f5f4b949c2.jpg\";s:12:\"phone_number\";s:10:\"9999999994\";s:5:\"email\";s:21:\"ranajit@evincedev.com\";s:11:\"amount_type\";N;s:6:\"amount\";N;s:7:\"address\";s:127:\"1st Floor, Parishram Elegant, Near HCG Cancer Centre, Sola-Science City Road, Off S.G. Highway, Sola, Ahmedabad, Gujarat 380060\";s:8:\"landmark\";s:12:\"South Corner\";s:7:\"zipcode\";s:6:\"090909\";s:4:\"city\";s:4:\"CITY\";s:8:\"latitude\";s:10:\"23.0705655\";s:9:\"longitude\";s:17:\"72.52157609999999\";s:15:\"currency_symbol\";s:1:\"$\";s:13:\"currency_code\";s:3:\"CAD\";}', 'a:2:{s:10:\"first_name\";s:5:\"Pooja\";s:9:\"last_name\";s:0:\"\";}', ''),
(29, 29, 'O:8:\"stdClass\":14:{s:4:\"name\";s:14:\"Taste the food\";s:5:\"image\";s:47:\"restaurant/31cfa9301fa8ad3410efa0f5f4b949c2.jpg\";s:12:\"phone_number\";s:10:\"9999999994\";s:5:\"email\";s:21:\"ranajit@evincedev.com\";s:11:\"amount_type\";N;s:6:\"amount\";N;s:7:\"address\";s:127:\"1st Floor, Parishram Elegant, Near HCG Cancer Centre, Sola-Science City Road, Off S.G. Highway, Sola, Ahmedabad, Gujarat 380060\";s:8:\"landmark\";s:12:\"South Corner\";s:7:\"zipcode\";s:6:\"090909\";s:4:\"city\";s:4:\"CITY\";s:8:\"latitude\";s:10:\"23.0705655\";s:9:\"longitude\";s:17:\"72.52157609999999\";s:15:\"currency_symbol\";s:1:\"$\";s:13:\"currency_code\";s:3:\"CAD\";}', 'a:2:{s:10:\"first_name\";s:5:\"Pooja\";s:9:\"last_name\";s:0:\"\";}', ''),
(30, 30, 'O:8:\"stdClass\":14:{s:4:\"name\";s:14:\"Taste the food\";s:5:\"image\";s:47:\"restaurant/31cfa9301fa8ad3410efa0f5f4b949c2.jpg\";s:12:\"phone_number\";s:10:\"9999999994\";s:5:\"email\";s:21:\"ranajit@evincedev.com\";s:11:\"amount_type\";N;s:6:\"amount\";N;s:7:\"address\";s:127:\"1st Floor, Parishram Elegant, Near HCG Cancer Centre, Sola-Science City Road, Off S.G. Highway, Sola, Ahmedabad, Gujarat 380060\";s:8:\"landmark\";s:12:\"South Corner\";s:7:\"zipcode\";s:6:\"090909\";s:4:\"city\";s:4:\"CITY\";s:8:\"latitude\";s:10:\"23.0705655\";s:9:\"longitude\";s:17:\"72.52157609999999\";s:15:\"currency_symbol\";s:1:\"$\";s:13:\"currency_code\";s:3:\"CAD\";}', 'a:2:{s:10:\"first_name\";s:5:\"Pooja\";s:9:\"last_name\";s:0:\"\";}', 'a:4:{s:13:\"package_price\";s:3:\"120\";s:12:\"package_name\";s:7:\"Starter\";s:14:\"package_detail\";s:142:\"<p>Lorem Ipsum ???? ?????? ??? ????????? ??????? ???? ??????</p>\";s:13:\"package_image\";N;}'),
(31, 31, 'O:8:\"stdClass\":14:{s:4:\"name\";s:14:\"Taste the food\";s:5:\"image\";s:47:\"restaurant/31cfa9301fa8ad3410efa0f5f4b949c2.jpg\";s:12:\"phone_number\";s:10:\"9999999994\";s:5:\"email\";s:21:\"ranajit@evincedev.com\";s:11:\"amount_type\";N;s:6:\"amount\";N;s:7:\"address\";s:127:\"1st Floor, Parishram Elegant, Near HCG Cancer Centre, Sola-Science City Road, Off S.G. Highway, Sola, Ahmedabad, Gujarat 380060\";s:8:\"landmark\";s:12:\"South Corner\";s:7:\"zipcode\";s:6:\"090909\";s:4:\"city\";s:4:\"CITY\";s:8:\"latitude\";s:10:\"23.0705655\";s:9:\"longitude\";s:17:\"72.52157609999999\";s:15:\"currency_symbol\";s:1:\"$\";s:13:\"currency_code\";s:3:\"CAD\";}', 'a:2:{s:10:\"first_name\";s:5:\"Pooja\";s:9:\"last_name\";s:0:\"\";}', 'a:4:{s:13:\"package_price\";s:3:\"120\";s:12:\"package_name\";s:7:\"Starter\";s:14:\"package_detail\";s:142:\"<p>Lorem Ipsum ???? ?????? ??? ????????? ??????? ???? ??????</p>\";s:13:\"package_image\";N;}'),
(32, 32, 'O:8:\"stdClass\":14:{s:4:\"name\";s:14:\"Taste the food\";s:5:\"image\";s:47:\"restaurant/31cfa9301fa8ad3410efa0f5f4b949c2.jpg\";s:12:\"phone_number\";s:10:\"9999999994\";s:5:\"email\";s:21:\"ranajit@evincedev.com\";s:11:\"amount_type\";N;s:6:\"amount\";N;s:7:\"address\";s:127:\"1st Floor, Parishram Elegant, Near HCG Cancer Centre, Sola-Science City Road, Off S.G. Highway, Sola, Ahmedabad, Gujarat 380060\";s:8:\"landmark\";s:12:\"South Corner\";s:7:\"zipcode\";s:6:\"090909\";s:4:\"city\";s:4:\"CITY\";s:8:\"latitude\";s:10:\"23.0705655\";s:9:\"longitude\";s:17:\"72.52157609999999\";s:15:\"currency_symbol\";s:1:\"$\";s:13:\"currency_code\";s:3:\"CAD\";}', 'a:2:{s:10:\"first_name\";s:5:\"Pooja\";s:9:\"last_name\";s:0:\"\";}', ''),
(33, 33, 'O:8:\"stdClass\":14:{s:4:\"name\";s:14:\"Taste the food\";s:5:\"image\";s:47:\"restaurant/31cfa9301fa8ad3410efa0f5f4b949c2.jpg\";s:12:\"phone_number\";s:10:\"9999999994\";s:5:\"email\";s:21:\"ranajit@evincedev.com\";s:11:\"amount_type\";N;s:6:\"amount\";N;s:7:\"address\";s:127:\"1st Floor, Parishram Elegant, Near HCG Cancer Centre, Sola-Science City Road, Off S.G. Highway, Sola, Ahmedabad, Gujarat 380060\";s:8:\"landmark\";s:12:\"South Corner\";s:7:\"zipcode\";s:6:\"090909\";s:4:\"city\";s:4:\"CITY\";s:8:\"latitude\";s:10:\"23.0705655\";s:9:\"longitude\";s:17:\"72.52157609999999\";s:15:\"currency_symbol\";s:1:\"$\";s:13:\"currency_code\";s:3:\"CAD\";}', 'a:2:{s:10:\"first_name\";s:5:\"Pooja\";s:9:\"last_name\";s:0:\"\";}', ''),
(34, 34, 'O:8:\"stdClass\":14:{s:4:\"name\";s:31:\"Candela Restaurant & Banquet(F)\";s:5:\"image\";s:47:\"restaurant/cd68c6c98b25e2914643ab3b81d30259.jpg\";s:12:\"phone_number\";s:10:\"9999999956\";s:5:\"email\";s:20:\"french12@yopmail.com\";s:11:\"amount_type\";N;s:6:\"amount\";N;s:7:\"address\";s:124:\"Shop 106-110, Kalasagar Shopping Hub, Satadhar Cross, Roads, Shenbhai Nagar, opp. Sai Baba Mandir, Ahmedabad, Gujarat 380061\";s:8:\"landmark\";s:22:\"Kalasagar Shopping Hub\";s:7:\"zipcode\";s:5:\"11111\";s:4:\"city\";s:2:\"er\";s:8:\"latitude\";s:17:\"23.06189097099427\";s:9:\"longitude\";s:16:\"72.5337623751465\";s:15:\"currency_symbol\";s:3:\"€\";s:13:\"currency_code\";s:3:\"EUR\";}', 'a:2:{s:10:\"first_name\";s:4:\"Demo\";s:9:\"last_name\";s:4:\"User\";}', ''),
(35, 35, 'O:8:\"stdClass\":14:{s:4:\"name\";s:17:\"Sanklp Restaurant\";s:5:\"image\";s:47:\"restaurant/8c13f8124adbc1941517d8c5c2a7876c.jpg\";s:12:\"phone_number\";s:11:\"46454548225\";s:5:\"email\";s:19:\"mansi@evincedev.com\";s:11:\"amount_type\";N;s:6:\"amount\";N;s:7:\"address\";s:103:\"Prajapati Bhavan, No. F-6, Sapath Hexa, Opp, Sarkhej - Gandhinagar Hwy, Sola, Ahmedabad, Gujarat 380061\";s:8:\"landmark\";s:4:\"Sola\";s:7:\"zipcode\";s:8:\"44897452\";s:4:\"city\";s:4:\"City\";s:8:\"latitude\";s:10:\"23.0745351\";s:9:\"longitude\";s:10:\"72.5257761\";s:15:\"currency_symbol\";s:1:\"$\";s:13:\"currency_code\";s:3:\"CAD\";}', 'a:2:{s:10:\"first_name\";s:4:\"Demo\";s:9:\"last_name\";s:4:\"User\";}', ''),
(38, 38, 'O:8:\"stdClass\":14:{s:4:\"name\";s:13:\"Doner & Gyros\";s:5:\"image\";s:47:\"restaurant/8162364a46c77c090de3f36706172d1b.jpg\";s:12:\"phone_number\";s:10:\"7878787878\";s:5:\"email\";s:19:\"doner12@yopmail.com\";s:11:\"amount_type\";N;s:6:\"amount\";N;s:7:\"address\";s:50:\"72 Street, WVRF+V4 San Tome, Anzoategui, Venezuela\";s:8:\"landmark\";s:10:\"Anzoategui\";s:7:\"zipcode\";s:6:\"123456\";s:4:\"city\";s:10:\"Anzoategui\";s:8:\"latitude\";s:17:\"8.943501703492087\";s:9:\"longitude\";s:18:\"-64.12680126190185\";s:15:\"currency_symbol\";s:1:\"$\";s:13:\"currency_code\";s:3:\"USD\";}', 'a:2:{s:10:\"first_name\";s:7:\"Surabhi\";s:9:\"last_name\";s:5:\"Tomer\";}', ''),
(41, 41, 'O:8:\"stdClass\":14:{s:4:\"name\";s:13:\"Doner & Gyros\";s:5:\"image\";s:47:\"restaurant/8162364a46c77c090de3f36706172d1b.jpg\";s:12:\"phone_number\";s:10:\"7878787878\";s:5:\"email\";s:19:\"doner12@yopmail.com\";s:11:\"amount_type\";N;s:6:\"amount\";N;s:7:\"address\";s:50:\"72 Street, WVRF+V4 San Tome, Anzoategui, Venezuela\";s:8:\"landmark\";s:10:\"Anzoategui\";s:7:\"zipcode\";s:6:\"123456\";s:4:\"city\";s:10:\"Anzoategui\";s:8:\"latitude\";s:17:\"8.943501703492087\";s:9:\"longitude\";s:18:\"-64.12680126190185\";s:15:\"currency_symbol\";s:1:\"$\";s:13:\"currency_code\";s:3:\"USD\";}', 'a:2:{s:10:\"first_name\";s:7:\"Surabhi\";s:9:\"last_name\";s:5:\"Tomer\";}', ''),
(42, 42, 'O:8:\"stdClass\":14:{s:4:\"name\";s:5:\"Pizza\";s:5:\"image\";s:47:\"restaurant/82338f711b23b368f383280df9a9c048.jpg\";s:12:\"phone_number\";s:6:\"463477\";s:5:\"email\";s:17:\"dominos@gmail.com\";s:11:\"amount_type\";N;s:6:\"amount\";N;s:7:\"address\";s:32:\"Pizza, Ahmadabad, Gujarat, India\";s:8:\"landmark\";s:9:\"Red Apple\";s:7:\"zipcode\";s:6:\"567868\";s:4:\"city\";s:9:\"Ahmadabad\";s:8:\"latitude\";s:9:\"23.022505\";s:9:\"longitude\";s:10:\"72.5713621\";s:15:\"currency_symbol\";s:3:\"?\";s:13:\"currency_code\";s:3:\"INR\";}', 'a:2:{s:10:\"first_name\";s:7:\"Surabhi\";s:9:\"last_name\";s:5:\"Tomer\";}', ''),
(43, 43, 'O:8:\"stdClass\":14:{s:4:\"name\";s:14:\"The Restaur IN\";s:5:\"image\";s:47:\"restaurant/ad5e5b1abc85bb890a2f823ab1d7be8e.jpg\";s:12:\"phone_number\";s:10:\"9999999994\";s:5:\"email\";s:14:\"paul@evdpl.com\";s:11:\"amount_type\";N;s:6:\"amount\";N;s:7:\"address\";s:63:\"Park Avenue South,5th Floor, New York City, New York, 10016 USA\";s:8:\"landmark\";s:12:\"South Corner\";s:7:\"zipcode\";s:6:\"090909\";s:4:\"city\";s:4:\"CITY\";s:8:\"latitude\";s:10:\"23.0705655\";s:9:\"longitude\";s:17:\"72.52157609999999\";s:15:\"currency_symbol\";s:1:\"$\";s:13:\"currency_code\";s:3:\"CAD\";}', 'a:2:{s:10:\"first_name\";s:4:\"Test\";s:9:\"last_name\";s:4:\"test\";}', 'a:4:{s:13:\"package_price\";s:6:\"100.00\";s:12:\"package_name\";s:3:\"new\";s:14:\"package_detail\";s:142:\"<p><span style=\"color: rgb(61, 61, 61); font-family: &quot;Open Sans&quot;, sans-serif; font-weight: 600; text-align: left;\">Detail</span></p>\";s:13:\"package_image\";N;}'),
(44, 44, 'O:8:\"stdClass\":14:{s:4:\"name\";s:18:\"Veretto Restaurant\";s:5:\"image\";s:47:\"restaurant/d3aa6a86e89f688a1728c16cd8e27d05.jpg\";s:12:\"phone_number\";s:9:\"123567888\";s:5:\"email\";s:21:\"veretto23@yopmail.com\";s:11:\"amount_type\";N;s:6:\"amount\";N;s:7:\"address\";s:62:\"025 SPG Livingston Street, Brooklyn, NY 1183301, United States\";s:8:\"landmark\";s:8:\"Brooklyn\";s:7:\"zipcode\";s:5:\"56555\";s:4:\"city\";s:8:\"Brooklyn\";s:8:\"latitude\";s:18:\"40.679057143012265\";s:9:\"longitude\";s:18:\"-73.93926555075684\";s:15:\"currency_symbol\";s:1:\"$\";s:13:\"currency_code\";s:3:\"USD\";}', 'a:2:{s:10:\"first_name\";s:4:\"Test\";s:9:\"last_name\";s:4:\"test\";}', ''),
(45, 45, 'O:8:\"stdClass\":14:{s:4:\"name\";s:13:\"Doner & Gyros\";s:5:\"image\";s:47:\"restaurant/8162364a46c77c090de3f36706172d1b.jpg\";s:12:\"phone_number\";s:10:\"7878787878\";s:5:\"email\";s:19:\"doner12@yopmail.com\";s:11:\"amount_type\";N;s:6:\"amount\";N;s:7:\"address\";s:50:\"72 Street, WVRF+V4 San Tome, Anzoategui, Venezuela\";s:8:\"landmark\";s:10:\"Anzoategui\";s:7:\"zipcode\";s:6:\"123456\";s:4:\"city\";s:10:\"Anzoategui\";s:8:\"latitude\";s:17:\"8.943501703492087\";s:9:\"longitude\";s:18:\"-64.12680126190185\";s:15:\"currency_symbol\";s:1:\"$\";s:13:\"currency_code\";s:3:\"USD\";}', 'a:2:{s:10:\"first_name\";s:11:\"Test edited\";s:9:\"last_name\";s:4:\"test\";}', ''),
(46, 46, 'O:8:\"stdClass\":14:{s:4:\"name\";s:14:\"The Restaur IN\";s:5:\"image\";s:47:\"restaurant/ad5e5b1abc85bb890a2f823ab1d7be8e.jpg\";s:12:\"phone_number\";s:10:\"9999999994\";s:5:\"email\";s:14:\"paul@evdpl.com\";s:11:\"amount_type\";N;s:6:\"amount\";N;s:7:\"address\";s:63:\"Park Avenue South,5th Floor, New York City, New York, 10016 USA\";s:8:\"landmark\";s:12:\"South Corner\";s:7:\"zipcode\";s:6:\"090909\";s:4:\"city\";s:4:\"CITY\";s:8:\"latitude\";s:10:\"23.0705655\";s:9:\"longitude\";s:17:\"72.52157609999999\";s:15:\"currency_symbol\";s:1:\"$\";s:13:\"currency_code\";s:3:\"CAD\";}', 'a:2:{s:10:\"first_name\";s:7:\"Surabhi\";s:9:\"last_name\";s:5:\"Tomer\";}', ''),
(47, 47, 'O:8:\"stdClass\":14:{s:4:\"name\";s:22:\"Homewoodiee Restaurant\";s:5:\"image\";s:47:\"restaurant/f4f4820cd261cde4d2117bf955633129.jpg\";s:12:\"phone_number\";s:10:\"9465665999\";s:5:\"email\";s:22:\"homewood12@yopmail.com\";s:11:\"amount_type\";N;s:6:\"amount\";N;s:7:\"address\";s:56:\"VRV9+HF San José de Gaauanipa, Anzjfgoategui, Venezuela\";s:8:\"landmark\";s:8:\"Gaauanip\";s:7:\"zipcode\";s:5:\"12356\";s:4:\"city\";s:9:\"Gaauanipa\";s:8:\"latitude\";s:17:\"33.22715811251363\";s:9:\"longitude\";s:18:\"-87.03797499999999\";s:15:\"currency_symbol\";s:1:\"$\";s:13:\"currency_code\";s:3:\"USD\";}', 'a:2:{s:10:\"first_name\";s:8:\"Kristine\";s:9:\"last_name\";s:8:\"martinek\";}', ''),
(48, 48, 'O:8:\"stdClass\":14:{s:4:\"name\";s:18:\"Veretto Restaurant\";s:5:\"image\";s:47:\"restaurant/d3aa6a86e89f688a1728c16cd8e27d05.jpg\";s:12:\"phone_number\";s:9:\"123567888\";s:5:\"email\";s:21:\"veretto23@yopmail.com\";s:11:\"amount_type\";N;s:6:\"amount\";N;s:7:\"address\";s:62:\"025 SPG Livingston Street, Brooklyn, NY 1183301, United States\";s:8:\"landmark\";s:8:\"Brooklyn\";s:7:\"zipcode\";s:5:\"56555\";s:4:\"city\";s:8:\"Brooklyn\";s:8:\"latitude\";s:18:\"40.679057143012265\";s:9:\"longitude\";s:18:\"-73.93926555075684\";s:15:\"currency_symbol\";s:1:\"$\";s:13:\"currency_code\";s:3:\"USD\";}', 'a:2:{s:10:\"first_name\";s:8:\"Kristine\";s:9:\"last_name\";s:8:\"martinek\";}', ''),
(49, 49, 'O:8:\"stdClass\":14:{s:4:\"name\";s:19:\"Ballroom Restaurant\";s:5:\"image\";s:47:\"restaurant/e072257c814f4602e62cd2da35605217.jpg\";s:12:\"phone_number\";s:9:\"789561233\";s:5:\"email\";s:20:\"ballroom12@gmail.com\";s:11:\"amount_type\";N;s:6:\"amount\";N;s:7:\"address\";s:61:\"1803 Rhode Island Ave NE, Washington, DC 20018, United States\";s:8:\"landmark\";s:10:\"Washington\";s:7:\"zipcode\";s:5:\"15562\";s:4:\"city\";s:10:\"Washington\";s:8:\"latitude\";s:10:\"38.9278681\";s:9:\"longitude\";s:9:\"-76.97792\";s:15:\"currency_symbol\";s:1:\"$\";s:13:\"currency_code\";s:3:\"USD\";}', 'a:2:{s:10:\"first_name\";s:7:\"Surabhi\";s:9:\"last_name\";s:5:\"Tomer\";}', ''),
(50, 50, 'O:8:\"stdClass\":14:{s:4:\"name\";s:13:\"Doner & Gyros\";s:5:\"image\";s:47:\"restaurant/8162364a46c77c090de3f36706172d1b.jpg\";s:12:\"phone_number\";s:10:\"7878787878\";s:5:\"email\";s:19:\"doner12@yopmail.com\";s:11:\"amount_type\";N;s:6:\"amount\";N;s:7:\"address\";s:50:\"72 Street, WVRF+V4 San Tome, Anzoategui, Venezuela\";s:8:\"landmark\";s:10:\"Anzoategui\";s:7:\"zipcode\";s:6:\"123456\";s:4:\"city\";s:10:\"Anzoategui\";s:8:\"latitude\";s:17:\"8.943501703492087\";s:9:\"longitude\";s:18:\"-64.12680126190185\";s:15:\"currency_symbol\";s:1:\"$\";s:13:\"currency_code\";s:3:\"USD\";}', 'a:2:{s:10:\"first_name\";s:7:\"Surabhi\";s:9:\"last_name\";s:5:\"Tomer\";}', ''),
(51, 51, 'O:8:\"stdClass\":14:{s:4:\"name\";s:13:\"Doner & Gyros\";s:5:\"image\";s:47:\"restaurant/8162364a46c77c090de3f36706172d1b.jpg\";s:12:\"phone_number\";s:10:\"7878787878\";s:5:\"email\";s:19:\"doner12@yopmail.com\";s:11:\"amount_type\";N;s:6:\"amount\";N;s:7:\"address\";s:50:\"72 Street, WVRF+V4 San Tome, Anzoategui, Venezuela\";s:8:\"landmark\";s:10:\"Anzoategui\";s:7:\"zipcode\";s:6:\"123456\";s:4:\"city\";s:10:\"Anzoategui\";s:8:\"latitude\";s:17:\"8.943501703492087\";s:9:\"longitude\";s:18:\"-64.12680126190185\";s:15:\"currency_symbol\";s:1:\"$\";s:13:\"currency_code\";s:3:\"USD\";}', 'a:2:{s:10:\"first_name\";s:7:\"Surabhi\";s:9:\"last_name\";s:5:\"Tomer\";}', ''),
(52, 52, 'O:8:\"stdClass\":14:{s:4:\"name\";s:9:\"Pizza hut\";s:5:\"image\";s:47:\"restaurant/82338f711b23b368f383280df9a9c048.jpg\";s:12:\"phone_number\";s:7:\"4634775\";s:5:\"email\";s:18:\"pizzahut@gmail.com\";s:11:\"amount_type\";N;s:6:\"amount\";N;s:7:\"address\";s:28:\"Pizza Hut, Fairborn, OH, USA\";s:8:\"landmark\";s:24:\"Fairborn Municipal Court\";s:7:\"zipcode\";s:6:\"567868\";s:4:\"city\";s:2:\"OH\";s:8:\"latitude\";s:8:\"39.80529\";s:9:\"longitude\";s:9:\"-84.03116\";s:15:\"currency_symbol\";s:3:\"?\";s:13:\"currency_code\";s:3:\"INR\";}', 'a:2:{s:10:\"first_name\";s:7:\"Surabhi\";s:9:\"last_name\";s:5:\"Tomer\";}', 'a:4:{s:13:\"package_price\";s:6:\"350.00\";s:12:\"package_name\";s:5:\"Combo\";s:14:\"package_detail\";s:161:\"<p>Lorem Ipsum is simply dummy text of the printing and typesetting industry.&nbsp;Lorem Ipsum is simply dummy text of the printing and typesetting industry.</p>\";s:13:\"package_image\";N;}'),
(53, 53, 'O:8:\"stdClass\":14:{s:4:\"name\";s:7:\"Dominos\";s:5:\"image\";s:47:\"restaurant/59fc0a105027a1497f8bf3e9acf1a5f6.jpg\";s:12:\"phone_number\";s:8:\"43687894\";s:5:\"email\";s:17:\"dominos@gmail.com\";s:11:\"amount_type\";N;s:6:\"amount\";N;s:7:\"address\";s:49:\"Dominos, Olive St, Los Angeles, CA, United States\";s:8:\"landmark\";s:17:\"World Food Market\";s:7:\"zipcode\";s:7:\"6477823\";s:4:\"city\";s:11:\"Los Angeles\";s:8:\"latitude\";s:10:\"34.0456591\";s:9:\"longitude\";s:12:\"-118.2561879\";s:15:\"currency_symbol\";s:1:\"$\";s:13:\"currency_code\";s:3:\"USD\";}', 'a:2:{s:10:\"first_name\";s:7:\"Surabhi\";s:9:\"last_name\";s:5:\"Tomer\";}', 'a:4:{s:13:\"package_price\";s:6:\"350.00\";s:12:\"package_name\";s:3:\"new\";s:14:\"package_detail\";s:161:\"<p>Lorem Ipsum is simply dummy text of the printing and typesetting industry.&nbsp;Lorem Ipsum is simply dummy text of the printing and typesetting industry.</p>\";s:13:\"package_image\";N;}'),
(54, 54, 'O:8:\"stdClass\":14:{s:4:\"name\";s:9:\"Pizza hut\";s:5:\"image\";s:47:\"restaurant/82338f711b23b368f383280df9a9c048.jpg\";s:12:\"phone_number\";s:7:\"4634775\";s:5:\"email\";s:18:\"pizzahut@gmail.com\";s:11:\"amount_type\";N;s:6:\"amount\";N;s:7:\"address\";s:28:\"Pizza Hut, Fairborn, OH, USA\";s:8:\"landmark\";s:24:\"Fairborn Municipal Court\";s:7:\"zipcode\";s:6:\"567868\";s:4:\"city\";s:2:\"OH\";s:8:\"latitude\";s:8:\"39.80529\";s:9:\"longitude\";s:9:\"-84.03116\";s:15:\"currency_symbol\";s:3:\"?\";s:13:\"currency_code\";s:3:\"INR\";}', 'a:2:{s:10:\"first_name\";s:7:\"Surabhi\";s:9:\"last_name\";s:5:\"Tomer\";}', ''),
(55, 55, 'O:8:\"stdClass\":14:{s:4:\"name\";s:19:\"Ballroom Restaurant\";s:5:\"image\";s:47:\"restaurant/e072257c814f4602e62cd2da35605217.jpg\";s:12:\"phone_number\";s:9:\"789561233\";s:5:\"email\";s:20:\"ballroom12@gmail.com\";s:11:\"amount_type\";N;s:6:\"amount\";N;s:7:\"address\";s:61:\"1803 Rhode Island Ave NE, Washington, DC 20018, United States\";s:8:\"landmark\";s:10:\"Washington\";s:7:\"zipcode\";s:5:\"15562\";s:4:\"city\";s:10:\"Washington\";s:8:\"latitude\";s:10:\"38.9278681\";s:9:\"longitude\";s:9:\"-76.97792\";s:15:\"currency_symbol\";s:1:\"$\";s:13:\"currency_code\";s:3:\"USD\";}', 'a:2:{s:10:\"first_name\";s:7:\"Surabhi\";s:9:\"last_name\";s:5:\"Tomer\";}', ''),
(56, 56, 'O:8:\"stdClass\":14:{s:4:\"name\";s:22:\"Homewoodiee Restaurant\";s:5:\"image\";s:47:\"restaurant/f4f4820cd261cde4d2117bf955633129.jpg\";s:12:\"phone_number\";s:10:\"9465665999\";s:5:\"email\";s:22:\"homewood12@yopmail.com\";s:11:\"amount_type\";N;s:6:\"amount\";N;s:7:\"address\";s:56:\"VRV9+HF San José de Gaauanipa, Anzjfgoategui, Venezuela\";s:8:\"landmark\";s:8:\"Gaauanip\";s:7:\"zipcode\";s:5:\"12356\";s:4:\"city\";s:9:\"Gaauanipa\";s:8:\"latitude\";s:17:\"33.22715811251363\";s:9:\"longitude\";s:18:\"-87.03797499999999\";s:15:\"currency_symbol\";s:1:\"$\";s:13:\"currency_code\";s:3:\"USD\";}', 'a:2:{s:10:\"first_name\";s:7:\"Surabhi\";s:9:\"last_name\";s:5:\"Tomer\";}', ''),
(57, 57, 'O:8:\"stdClass\":14:{s:4:\"name\";s:18:\"Veretto Restaurant\";s:5:\"image\";s:47:\"restaurant/d3aa6a86e89f688a1728c16cd8e27d05.jpg\";s:12:\"phone_number\";s:9:\"123567888\";s:5:\"email\";s:21:\"veretto23@yopmail.com\";s:11:\"amount_type\";N;s:6:\"amount\";N;s:7:\"address\";s:62:\"025 SPG Livingston Street, Brooklyn, NY 1183301, United States\";s:8:\"landmark\";s:8:\"Brooklyn\";s:7:\"zipcode\";s:5:\"56555\";s:4:\"city\";s:8:\"Brooklyn\";s:8:\"latitude\";s:18:\"40.679057143012265\";s:9:\"longitude\";s:18:\"-73.93926555075684\";s:15:\"currency_symbol\";s:1:\"$\";s:13:\"currency_code\";s:3:\"USD\";}', 'a:2:{s:10:\"first_name\";s:7:\"Surabhi\";s:9:\"last_name\";s:5:\"Tomer\";}', ''),
(58, 58, 'O:8:\"stdClass\":14:{s:4:\"name\";s:7:\"Dominos\";s:5:\"image\";s:47:\"restaurant/59fc0a105027a1497f8bf3e9acf1a5f6.jpg\";s:12:\"phone_number\";s:8:\"43687894\";s:5:\"email\";s:17:\"dominos@gmail.com\";s:11:\"amount_type\";N;s:6:\"amount\";N;s:7:\"address\";s:49:\"Dominos, Olive St, Los Angeles, CA, United States\";s:8:\"landmark\";s:17:\"World Food Market\";s:7:\"zipcode\";s:7:\"6477823\";s:4:\"city\";s:11:\"Los Angeles\";s:8:\"latitude\";s:10:\"34.0456591\";s:9:\"longitude\";s:12:\"-118.2561879\";s:15:\"currency_symbol\";s:1:\"$\";s:13:\"currency_code\";s:3:\"USD\";}', 'a:2:{s:10:\"first_name\";s:7:\"Surabhi\";s:9:\"last_name\";s:5:\"Tomer\";}', ''),
(59, 59, 'O:8:\"stdClass\":14:{s:4:\"name\";s:11:\"Pizza Court\";s:5:\"image\";s:47:\"restaurant/5d39eb22b96df05cf83649728e851515.jpg\";s:12:\"phone_number\";s:6:\"679879\";s:5:\"email\";s:21:\"pizzacourt1@gmail.com\";s:11:\"amount_type\";N;s:6:\"amount\";N;s:7:\"address\";s:53:\"Pizza Court, Olive St, Los Angeles, CA, United States\";s:8:\"landmark\";s:17:\"Whole Food Market\";s:7:\"zipcode\";s:6:\"453487\";s:4:\"city\";s:2:\"CA\";s:8:\"latitude\";s:10:\"34.0456591\";s:9:\"longitude\";s:12:\"-118.2561879\";s:15:\"currency_symbol\";s:1:\"$\";s:13:\"currency_code\";s:3:\"USD\";}', 'a:2:{s:10:\"first_name\";s:7:\"Surabhi\";s:9:\"last_name\";s:5:\"Tomer\";}', ''),
(60, 60, 'O:8:\"stdClass\":14:{s:4:\"name\";s:19:\"Ballroom Restaurant\";s:5:\"image\";s:47:\"restaurant/e072257c814f4602e62cd2da35605217.jpg\";s:12:\"phone_number\";s:9:\"789561233\";s:5:\"email\";s:20:\"ballroom12@gmail.com\";s:11:\"amount_type\";N;s:6:\"amount\";N;s:7:\"address\";s:61:\"1803 Rhode Island Ave NE, Washington, DC 20018, United States\";s:8:\"landmark\";s:10:\"Washington\";s:7:\"zipcode\";s:5:\"15562\";s:4:\"city\";s:10:\"Washington\";s:8:\"latitude\";s:10:\"38.9278681\";s:9:\"longitude\";s:9:\"-76.97792\";s:15:\"currency_symbol\";s:1:\"$\";s:13:\"currency_code\";s:3:\"USD\";}', 'a:2:{s:10:\"first_name\";s:7:\"Surabhi\";s:9:\"last_name\";s:5:\"Tomer\";}', ''),
(61, 61, 'O:8:\"stdClass\":14:{s:4:\"name\";s:18:\"Veretto Restaurant\";s:5:\"image\";s:47:\"restaurant/d3aa6a86e89f688a1728c16cd8e27d05.jpg\";s:12:\"phone_number\";s:9:\"123567888\";s:5:\"email\";s:21:\"veretto23@yopmail.com\";s:11:\"amount_type\";N;s:6:\"amount\";N;s:7:\"address\";s:62:\"025 SPG Livingston Street, Brooklyn, NY 1183301, United States\";s:8:\"landmark\";s:8:\"Brooklyn\";s:7:\"zipcode\";s:5:\"56555\";s:4:\"city\";s:8:\"Brooklyn\";s:8:\"latitude\";s:18:\"40.679057143012265\";s:9:\"longitude\";s:18:\"-73.93926555075684\";s:15:\"currency_symbol\";s:1:\"$\";s:13:\"currency_code\";s:3:\"USD\";}', 'a:2:{s:10:\"first_name\";s:7:\"Surabhi\";s:9:\"last_name\";s:5:\"Tomer\";}', ''),
(62, 62, 'O:8:\"stdClass\":14:{s:4:\"name\";s:9:\"Pizza hut\";s:5:\"image\";s:47:\"restaurant/82338f711b23b368f383280df9a9c048.jpg\";s:12:\"phone_number\";s:7:\"4634775\";s:5:\"email\";s:18:\"pizzahut@gmail.com\";s:11:\"amount_type\";N;s:6:\"amount\";N;s:7:\"address\";s:28:\"Pizza Hut, Fairborn, OH, USA\";s:8:\"landmark\";s:24:\"Fairborn Municipal Court\";s:7:\"zipcode\";s:6:\"567868\";s:4:\"city\";s:2:\"OH\";s:8:\"latitude\";s:8:\"39.80529\";s:9:\"longitude\";s:9:\"-84.03116\";s:15:\"currency_symbol\";s:3:\"?\";s:13:\"currency_code\";s:3:\"INR\";}', 'a:2:{s:10:\"first_name\";s:7:\"Surabhi\";s:9:\"last_name\";s:5:\"Tomer\";}', ''),
(63, 63, 'O:8:\"stdClass\":14:{s:4:\"name\";s:13:\"Doner & Gyros\";s:5:\"image\";s:47:\"restaurant/8162364a46c77c090de3f36706172d1b.jpg\";s:12:\"phone_number\";s:10:\"7878787878\";s:5:\"email\";s:19:\"doner12@yopmail.com\";s:11:\"amount_type\";N;s:6:\"amount\";N;s:7:\"address\";s:50:\"72 Street, WVRF+V4 San Tome, Anzoategui, Venezuela\";s:8:\"landmark\";s:10:\"Anzoategui\";s:7:\"zipcode\";s:6:\"123456\";s:4:\"city\";s:10:\"Anzoategui\";s:8:\"latitude\";s:17:\"8.943501703492087\";s:9:\"longitude\";s:18:\"-64.12680126190185\";s:15:\"currency_symbol\";s:1:\"$\";s:13:\"currency_code\";s:3:\"USD\";}', 'a:2:{s:10:\"first_name\";s:7:\"Surabhi\";s:9:\"last_name\";s:5:\"Tomer\";}', ''),
(64, 64, 'O:8:\"stdClass\":14:{s:4:\"name\";s:13:\"Doner & Gyros\";s:5:\"image\";s:47:\"restaurant/8162364a46c77c090de3f36706172d1b.jpg\";s:12:\"phone_number\";s:10:\"7878787878\";s:5:\"email\";s:19:\"doner12@yopmail.com\";s:11:\"amount_type\";N;s:6:\"amount\";N;s:7:\"address\";s:50:\"72 Street, WVRF+V4 San Tome, Anzoategui, Venezuela\";s:8:\"landmark\";s:10:\"Anzoategui\";s:7:\"zipcode\";s:6:\"123456\";s:4:\"city\";s:10:\"Anzoategui\";s:8:\"latitude\";s:17:\"8.943501703492087\";s:9:\"longitude\";s:18:\"-64.12680126190185\";s:15:\"currency_symbol\";s:1:\"$\";s:13:\"currency_code\";s:3:\"USD\";}', 'a:2:{s:10:\"first_name\";s:7:\"Surabhi\";s:9:\"last_name\";s:5:\"Tomer\";}', ''),
(65, 65, 'O:8:\"stdClass\":14:{s:4:\"name\";s:9:\"Pizza hut\";s:5:\"image\";s:47:\"restaurant/82338f711b23b368f383280df9a9c048.jpg\";s:12:\"phone_number\";s:7:\"4634775\";s:5:\"email\";s:18:\"pizzahut@gmail.com\";s:11:\"amount_type\";N;s:6:\"amount\";N;s:7:\"address\";s:28:\"Pizza Hut, Fairborn, OH, USA\";s:8:\"landmark\";s:24:\"Fairborn Municipal Court\";s:7:\"zipcode\";s:6:\"567868\";s:4:\"city\";s:2:\"OH\";s:8:\"latitude\";s:8:\"39.80529\";s:9:\"longitude\";s:9:\"-84.03116\";s:15:\"currency_symbol\";s:3:\"?\";s:13:\"currency_code\";s:3:\"INR\";}', 'a:2:{s:10:\"first_name\";s:7:\"Surabhi\";s:9:\"last_name\";s:5:\"Tomer\";}', ''),
(66, 66, 'O:8:\"stdClass\":14:{s:4:\"name\";s:18:\"Veretto Restaurant\";s:5:\"image\";s:47:\"restaurant/d3aa6a86e89f688a1728c16cd8e27d05.jpg\";s:12:\"phone_number\";s:9:\"123567888\";s:5:\"email\";s:21:\"veretto23@yopmail.com\";s:11:\"amount_type\";N;s:6:\"amount\";N;s:7:\"address\";s:62:\"025 SPG Livingston Street, Brooklyn, NY 1183301, United States\";s:8:\"landmark\";s:8:\"Brooklyn\";s:7:\"zipcode\";s:5:\"56555\";s:4:\"city\";s:8:\"Brooklyn\";s:8:\"latitude\";s:18:\"40.679057143012265\";s:9:\"longitude\";s:18:\"-73.93926555075684\";s:15:\"currency_symbol\";s:1:\"$\";s:13:\"currency_code\";s:3:\"USD\";}', 'a:2:{s:10:\"first_name\";s:7:\"Surabhi\";s:9:\"last_name\";s:5:\"Tomer\";}', ''),
(67, 67, 'O:8:\"stdClass\":14:{s:4:\"name\";s:18:\"Veretto Restaurant\";s:5:\"image\";s:47:\"restaurant/d3aa6a86e89f688a1728c16cd8e27d05.jpg\";s:12:\"phone_number\";s:9:\"123567888\";s:5:\"email\";s:21:\"veretto23@yopmail.com\";s:11:\"amount_type\";N;s:6:\"amount\";N;s:7:\"address\";s:62:\"025 SPG Livingston Street, Brooklyn, NY 1183301, United States\";s:8:\"landmark\";s:8:\"Brooklyn\";s:7:\"zipcode\";s:5:\"56555\";s:4:\"city\";s:8:\"Brooklyn\";s:8:\"latitude\";s:18:\"40.679057143012265\";s:9:\"longitude\";s:18:\"-73.93926555075684\";s:15:\"currency_symbol\";s:1:\"$\";s:13:\"currency_code\";s:3:\"USD\";}', 'a:2:{s:10:\"first_name\";s:7:\"Surabhi\";s:9:\"last_name\";s:5:\"Tomer\";}', ''),
(68, 68, 'O:8:\"stdClass\":14:{s:4:\"name\";s:9:\"Pizza hut\";s:5:\"image\";s:47:\"restaurant/82338f711b23b368f383280df9a9c048.jpg\";s:12:\"phone_number\";s:7:\"4634775\";s:5:\"email\";s:18:\"pizzahut@gmail.com\";s:11:\"amount_type\";N;s:6:\"amount\";N;s:7:\"address\";s:28:\"Pizza Hut, Fairborn, OH, USA\";s:8:\"landmark\";s:24:\"Fairborn Municipal Court\";s:7:\"zipcode\";s:6:\"567868\";s:4:\"city\";s:2:\"OH\";s:8:\"latitude\";s:8:\"39.80529\";s:9:\"longitude\";s:9:\"-84.03116\";s:15:\"currency_symbol\";s:3:\"?\";s:13:\"currency_code\";s:3:\"INR\";}', 'a:2:{s:10:\"first_name\";s:7:\"Surabhi\";s:9:\"last_name\";s:5:\"Tomer\";}', ''),
(69, 69, 'O:8:\"stdClass\":14:{s:4:\"name\";s:19:\"Ballroom Restaurant\";s:5:\"image\";s:47:\"restaurant/e072257c814f4602e62cd2da35605217.jpg\";s:12:\"phone_number\";s:9:\"789561233\";s:5:\"email\";s:20:\"ballroom12@gmail.com\";s:11:\"amount_type\";N;s:6:\"amount\";N;s:7:\"address\";s:61:\"1803 Rhode Island Ave NE, Washington, DC 20018, United States\";s:8:\"landmark\";s:10:\"Washington\";s:7:\"zipcode\";s:5:\"15562\";s:4:\"city\";s:10:\"Washington\";s:8:\"latitude\";s:10:\"38.9278681\";s:9:\"longitude\";s:9:\"-76.97792\";s:15:\"currency_symbol\";s:1:\"$\";s:13:\"currency_code\";s:3:\"USD\";}', 'a:2:{s:10:\"first_name\";s:7:\"Surabhi\";s:9:\"last_name\";s:5:\"Tomer\";}', ''),
(70, 70, 'O:8:\"stdClass\":14:{s:4:\"name\";s:7:\"Dominos\";s:5:\"image\";s:47:\"restaurant/59fc0a105027a1497f8bf3e9acf1a5f6.jpg\";s:12:\"phone_number\";s:8:\"43687894\";s:5:\"email\";s:17:\"dominos@gmail.com\";s:11:\"amount_type\";N;s:6:\"amount\";N;s:7:\"address\";s:49:\"Dominos, Olive St, Los Angeles, CA, United States\";s:8:\"landmark\";s:17:\"World Food Market\";s:7:\"zipcode\";s:7:\"6477823\";s:4:\"city\";s:11:\"Los Angeles\";s:8:\"latitude\";s:10:\"34.0456591\";s:9:\"longitude\";s:12:\"-118.2561879\";s:15:\"currency_symbol\";s:1:\"$\";s:13:\"currency_code\";s:3:\"USD\";}', 'a:2:{s:10:\"first_name\";s:7:\"Surabhi\";s:9:\"last_name\";s:5:\"Tomer\";}', 'a:4:{s:13:\"package_price\";s:6:\"350.00\";s:12:\"package_name\";s:3:\"new\";s:14:\"package_detail\";s:161:\"<p>Lorem Ipsum is simply dummy text of the printing and typesetting industry.&nbsp;Lorem Ipsum is simply dummy text of the printing and typesetting industry.</p>\";s:13:\"package_image\";N;}'),
(71, 71, 'O:8:\"stdClass\":14:{s:4:\"name\";s:7:\"Dominos\";s:5:\"image\";s:47:\"restaurant/59fc0a105027a1497f8bf3e9acf1a5f6.jpg\";s:12:\"phone_number\";s:8:\"43687894\";s:5:\"email\";s:17:\"dominos@gmail.com\";s:11:\"amount_type\";N;s:6:\"amount\";N;s:7:\"address\";s:49:\"Dominos, Olive St, Los Angeles, CA, United States\";s:8:\"landmark\";s:17:\"World Food Market\";s:7:\"zipcode\";s:7:\"6477823\";s:4:\"city\";s:11:\"Los Angeles\";s:8:\"latitude\";s:10:\"34.0456591\";s:9:\"longitude\";s:12:\"-118.2561879\";s:15:\"currency_symbol\";s:1:\"$\";s:13:\"currency_code\";s:3:\"USD\";}', 'a:2:{s:10:\"first_name\";s:7:\"Surabhi\";s:9:\"last_name\";s:5:\"Tomer\";}', 'a:4:{s:13:\"package_price\";s:6:\"350.00\";s:12:\"package_name\";s:3:\"new\";s:14:\"package_detail\";s:161:\"<p>Lorem Ipsum is simply dummy text of the printing and typesetting industry.&nbsp;Lorem Ipsum is simply dummy text of the printing and typesetting industry.</p>\";s:13:\"package_image\";N;}'),
(72, 72, 'O:8:\"stdClass\":14:{s:4:\"name\";s:7:\"Dominos\";s:5:\"image\";s:47:\"restaurant/59fc0a105027a1497f8bf3e9acf1a5f6.jpg\";s:12:\"phone_number\";s:8:\"43687894\";s:5:\"email\";s:17:\"dominos@gmail.com\";s:11:\"amount_type\";N;s:6:\"amount\";N;s:7:\"address\";s:49:\"Dominos, Olive St, Los Angeles, CA, United States\";s:8:\"landmark\";s:17:\"World Food Market\";s:7:\"zipcode\";s:7:\"6477823\";s:4:\"city\";s:11:\"Los Angeles\";s:8:\"latitude\";s:10:\"34.0456591\";s:9:\"longitude\";s:12:\"-118.2561879\";s:15:\"currency_symbol\";s:1:\"$\";s:13:\"currency_code\";s:3:\"USD\";}', 'a:2:{s:10:\"first_name\";s:7:\"Ranajit\";s:9:\"last_name\";s:6:\"Tester\";}', 'a:4:{s:13:\"package_price\";s:6:\"350.00\";s:12:\"package_name\";s:3:\"new\";s:14:\"package_detail\";s:161:\"<p>Lorem Ipsum is simply dummy text of the printing and typesetting industry.&nbsp;Lorem Ipsum is simply dummy text of the printing and typesetting industry.</p>\";s:13:\"package_image\";N;}'),
(73, 73, 'O:8:\"stdClass\":14:{s:4:\"name\";s:14:\"The Restaur IN\";s:5:\"image\";s:47:\"restaurant/ad5e5b1abc85bb890a2f823ab1d7be8e.jpg\";s:12:\"phone_number\";s:10:\"9999999994\";s:5:\"email\";s:14:\"paul@evdpl.com\";s:11:\"amount_type\";N;s:6:\"amount\";N;s:7:\"address\";s:63:\"Park Avenue South,5th Floor, New York City, New York, 10016 USA\";s:8:\"landmark\";s:12:\"South Corner\";s:7:\"zipcode\";s:6:\"090909\";s:4:\"city\";s:4:\"CITY\";s:8:\"latitude\";s:10:\"23.0705655\";s:9:\"longitude\";s:17:\"72.52157609999999\";s:15:\"currency_symbol\";s:1:\"$\";s:13:\"currency_code\";s:3:\"CAD\";}', 'a:2:{s:10:\"first_name\";s:7:\"Ranajit\";s:9:\"last_name\";s:6:\"Tester\";}', 'a:4:{s:13:\"package_price\";s:6:\"100.00\";s:12:\"package_name\";s:3:\"new\";s:14:\"package_detail\";s:142:\"<p><span style=\"color: rgb(61, 61, 61); font-family: &quot;Open Sans&quot;, sans-serif; font-weight: 600; text-align: left;\">Detail</span></p>\";s:13:\"package_image\";N;}'),
(74, 74, 'O:8:\"stdClass\":14:{s:4:\"name\";s:9:\"Pizza hut\";s:5:\"image\";s:47:\"restaurant/82338f711b23b368f383280df9a9c048.jpg\";s:12:\"phone_number\";s:7:\"4634775\";s:5:\"email\";s:18:\"pizzahut@gmail.com\";s:11:\"amount_type\";N;s:6:\"amount\";N;s:7:\"address\";s:28:\"Pizza Hut, Fairborn, OH, USA\";s:8:\"landmark\";s:24:\"Fairborn Municipal Court\";s:7:\"zipcode\";s:6:\"567868\";s:4:\"city\";s:2:\"OH\";s:8:\"latitude\";s:8:\"39.80529\";s:9:\"longitude\";s:9:\"-84.03116\";s:15:\"currency_symbol\";s:3:\"?\";s:13:\"currency_code\";s:3:\"INR\";}', 'a:2:{s:10:\"first_name\";s:7:\"Ranajit\";s:9:\"last_name\";s:0:\"\";}', 'a:4:{s:13:\"package_price\";s:6:\"350.00\";s:12:\"package_name\";s:5:\"Combo\";s:14:\"package_detail\";s:161:\"<p>Lorem Ipsum is simply dummy text of the printing and typesetting industry.&nbsp;Lorem Ipsum is simply dummy text of the printing and typesetting industry.</p>\";s:13:\"package_image\";N;}'),
(75, 75, 'O:8:\"stdClass\":14:{s:4:\"name\";s:18:\"Veretto Restaurant\";s:5:\"image\";s:47:\"restaurant/d3aa6a86e89f688a1728c16cd8e27d05.jpg\";s:12:\"phone_number\";s:9:\"123567888\";s:5:\"email\";s:21:\"veretto23@yopmail.com\";s:11:\"amount_type\";N;s:6:\"amount\";N;s:7:\"address\";s:62:\"025 SPG Livingston Street, Brooklyn, NY 1183301, United States\";s:8:\"landmark\";s:8:\"Brooklyn\";s:7:\"zipcode\";s:5:\"56555\";s:4:\"city\";s:8:\"Brooklyn\";s:8:\"latitude\";s:18:\"40.679057143012265\";s:9:\"longitude\";s:18:\"-73.93926555075684\";s:15:\"currency_symbol\";s:1:\"$\";s:13:\"currency_code\";s:3:\"USD\";}', 'a:2:{s:10:\"first_name\";s:7:\"Ranajit\";s:9:\"last_name\";s:0:\"\";}', ''),
(76, 76, 'O:8:\"stdClass\":14:{s:4:\"name\";s:18:\"Veretto Restaurant\";s:5:\"image\";s:47:\"restaurant/d3aa6a86e89f688a1728c16cd8e27d05.jpg\";s:12:\"phone_number\";s:9:\"123567888\";s:5:\"email\";s:21:\"veretto23@yopmail.com\";s:11:\"amount_type\";N;s:6:\"amount\";N;s:7:\"address\";s:62:\"025 SPG Livingston Street, Brooklyn, NY 1183301, United States\";s:8:\"landmark\";s:8:\"Brooklyn\";s:7:\"zipcode\";s:5:\"56555\";s:4:\"city\";s:8:\"Brooklyn\";s:8:\"latitude\";s:18:\"40.679057143012265\";s:9:\"longitude\";s:18:\"-73.93926555075684\";s:15:\"currency_symbol\";s:1:\"$\";s:13:\"currency_code\";s:3:\"USD\";}', 'a:2:{s:10:\"first_name\";s:5:\"Rohan\";s:9:\"last_name\";s:0:\"\";}', ''),
(77, 77, 'O:8:\"stdClass\":14:{s:4:\"name\";s:18:\"Veretto Restaurant\";s:5:\"image\";s:47:\"restaurant/d3aa6a86e89f688a1728c16cd8e27d05.jpg\";s:12:\"phone_number\";s:9:\"123567888\";s:5:\"email\";s:21:\"veretto23@yopmail.com\";s:11:\"amount_type\";N;s:6:\"amount\";N;s:7:\"address\";s:62:\"025 SPG Livingston Street, Brooklyn, NY 1183301, United States\";s:8:\"landmark\";s:8:\"Brooklyn\";s:7:\"zipcode\";s:5:\"56555\";s:4:\"city\";s:8:\"Brooklyn\";s:8:\"latitude\";s:18:\"40.679057143012265\";s:9:\"longitude\";s:18:\"-73.93926555075684\";s:15:\"currency_symbol\";s:1:\"$\";s:13:\"currency_code\";s:3:\"USD\";}', 'a:2:{s:10:\"first_name\";s:7:\"Ranajit\";s:9:\"last_name\";s:6:\"Sahana\";}', '');
INSERT INTO `event_detail` (`entity_id`, `event_id`, `restaurant_detail`, `user_detail`, `package_detail`) VALUES
(78, 78, 'O:8:\"stdClass\":14:{s:4:\"name\";s:13:\"Doner & Gyros\";s:5:\"image\";s:47:\"restaurant/8162364a46c77c090de3f36706172d1b.jpg\";s:12:\"phone_number\";s:10:\"7878787878\";s:5:\"email\";s:19:\"doner12@yopmail.com\";s:11:\"amount_type\";N;s:6:\"amount\";N;s:7:\"address\";s:50:\"72 Street, WVRF+V4 San Tome, Anzoategui, Venezuela\";s:8:\"landmark\";s:10:\"Anzoategui\";s:7:\"zipcode\";s:6:\"123456\";s:4:\"city\";s:10:\"Anzoategui\";s:8:\"latitude\";s:17:\"8.943501703492087\";s:9:\"longitude\";s:18:\"-64.12680126190185\";s:15:\"currency_symbol\";s:1:\"$\";s:13:\"currency_code\";s:3:\"USD\";}', 'a:2:{s:10:\"first_name\";s:11:\"Devika_test\";s:9:\"last_name\";s:0:\"\";}', ''),
(79, 79, 'O:8:\"stdClass\":14:{s:4:\"name\";s:13:\"Doner & Gyros\";s:5:\"image\";s:47:\"\";s:12:\"phone_number\";s:10:\"7878787878\";s:5:\"email\";s:19:\"doner12@yopmail.com\";s:11:\"amount_type\";N;s:6:\"amount\";N;s:7:\"address\";s:50:\"72 Street, WVRF+V4 San Tome, Anzoategui, Venezuela\";s:8:\"landmark\";s:10:\"Anzoategui\";s:7:\"zipcode\";s:6:\"123456\";s:4:\"city\";s:10:\"Anzoategui\";s:8:\"latitude\";s:17:\"8.943501703492087\";s:9:\"longitude\";s:18:\"-64.12680126190185\";s:15:\"currency_symbol\";s:1:\"$\";s:13:\"currency_code\";s:3:\"USD\";}', 'a:2:{s:10:\"first_name\";s:11:\"Devika_test\";s:9:\"last_name\";s:0:\"\";}', ''),
(81, 81, 'O:8:\"stdClass\":14:{s:4:\"name\";s:19:\"Ballroom Restaurant\";s:5:\"image\";s:47:\"restaurant/e072257c814f4602e62cd2da35605217.jpg\";s:12:\"phone_number\";s:9:\"789561233\";s:5:\"email\";s:20:\"ballroom12@gmail.com\";s:11:\"amount_type\";N;s:6:\"amount\";N;s:7:\"address\";s:61:\"1803 Rhode Island Ave NE, Washington, DC 20018, United States\";s:8:\"landmark\";s:10:\"Washington\";s:7:\"zipcode\";s:5:\"15562\";s:4:\"city\";s:10:\"Washington\";s:8:\"latitude\";s:10:\"38.9278681\";s:9:\"longitude\";s:9:\"-76.97792\";s:15:\"currency_symbol\";s:1:\"$\";s:13:\"currency_code\";s:3:\"USD\";}', 'a:2:{s:10:\"first_name\";s:6:\"stepen\";s:9:\"last_name\";s:0:\"\";}', ''),
(82, 82, 'O:8:\"stdClass\":14:{s:4:\"name\";s:19:\"Ballroom Restaurant\";s:5:\"image\";s:47:\"restaurant/e072257c814f4602e62cd2da35605217.jpg\";s:12:\"phone_number\";s:9:\"789561233\";s:5:\"email\";s:20:\"ballroom12@gmail.com\";s:11:\"amount_type\";N;s:6:\"amount\";N;s:7:\"address\";s:61:\"1803 Rhode Island Ave NE, Washington, DC 20018, United States\";s:8:\"landmark\";s:10:\"Washington\";s:7:\"zipcode\";s:5:\"15562\";s:4:\"city\";s:10:\"Washington\";s:8:\"latitude\";s:10:\"38.9278681\";s:9:\"longitude\";s:9:\"-76.97792\";s:15:\"currency_symbol\";s:1:\"$\";s:13:\"currency_code\";s:3:\"USD\";}', 'a:2:{s:10:\"first_name\";s:6:\"stepen\";s:9:\"last_name\";s:0:\"\";}', ''),
(83, 83, 'O:8:\"stdClass\":14:{s:4:\"name\";s:9:\"Pizza hut\";s:5:\"image\";s:47:\"restaurant/82338f711b23b368f383280df9a9c048.jpg\";s:12:\"phone_number\";s:7:\"4634775\";s:5:\"email\";s:18:\"pizzahut@gmail.com\";s:11:\"amount_type\";N;s:6:\"amount\";N;s:7:\"address\";s:28:\"Pizza Hut, Fairborn, OH, USA\";s:8:\"landmark\";s:24:\"Fairborn Municipal Court\";s:7:\"zipcode\";s:6:\"567868\";s:4:\"city\";s:2:\"OH\";s:8:\"latitude\";s:8:\"39.80529\";s:9:\"longitude\";s:9:\"-84.03116\";s:15:\"currency_symbol\";s:3:\"?\";s:13:\"currency_code\";s:3:\"INR\";}', 'a:2:{s:10:\"first_name\";s:6:\"stepen\";s:9:\"last_name\";s:0:\"\";}', ''),
(84, 84, 'O:8:\"stdClass\":14:{s:4:\"name\";s:14:\"The Restaur IN\";s:5:\"image\";s:47:\"restaurant/ad5e5b1abc85bb890a2f823ab1d7be8e.jpg\";s:12:\"phone_number\";s:10:\"9999999994\";s:5:\"email\";s:14:\"paul@evdpl.com\";s:11:\"amount_type\";N;s:6:\"amount\";N;s:7:\"address\";s:63:\"Park Avenue South,5th Floor, New York City, New York, 10016 USA\";s:8:\"landmark\";s:12:\"South Corner\";s:7:\"zipcode\";s:6:\"090909\";s:4:\"city\";s:4:\"CITY\";s:8:\"latitude\";s:10:\"23.0705655\";s:9:\"longitude\";s:17:\"72.52157609999999\";s:15:\"currency_symbol\";s:1:\"$\";s:13:\"currency_code\";s:3:\"CAD\";}', 'a:2:{s:10:\"first_name\";s:7:\"Ranajit\";s:9:\"last_name\";s:0:\"\";}', 'a:3:{s:13:\"package_price\";s:7:\"8085.00\";s:12:\"package_name\";s:63:\"Salted Butter Caramel Ice Cream Salted Butter Caramel Ice Cream\";s:14:\"package_detail\";s:5839:\"<p>Loreum Loreum&nbsp;Loreum Loreum&nbsp;Loreum Loreum&nbsp;Loreum Loreum&nbsp;Loreum Loreum&nbsp;Loreum Loreum&nbsp;</p>\r\n\r\n<p style=\"color: rgb(51, 51, 51); font-family: sans-serif,Arial,Verdana,&amp;quot;Trebuchet MS&amp;quot;; font-size: 14px; font-style: normal; font-variant: normal; font-weight: 400; letter-spacing: normal; orphans: 2; text-align: justify; text-decoration: none; text-indent: 0px; text-transform: none; -webkit-text-stroke-width: 0px; white-space: normal; word-spacing: 0px;\">Loreum Loreum&nbsp;</p>\r\n\r\n<p style=\"color: rgb(51, 51, 51); font-family: sans-serif,Arial,Verdana,&amp;quot;Trebuchet MS&amp;quot;; font-size: 14px; font-style: normal; font-variant: normal; font-weight: 400; letter-spacing: normal; orphans: 2; text-align: justify; text-decoration: none; text-indent: 0px; text-transform: none; -webkit-text-stroke-width: 0px; white-space: normal; word-spacing: 0px;\">Loreum Loreum&nbsp;</p>\r\n\r\n<p style=\"color: rgb(51, 51, 51); font-family: sans-serif,Arial,Verdana,&amp;quot;Trebuchet MS&amp;quot;; font-size: 14px; font-style: normal; font-variant: normal; font-weight: 400; letter-spacing: normal; orphans: 2; text-align: justify; text-decoration: none; text-indent: 0px; text-transform: none; -webkit-text-stroke-width: 0px; white-space: normal; word-spacing: 0px;\">Loreum Loreum&nbsp;</p>\r\n\r\n<p style=\"color: rgb(51, 51, 51); font-family: sans-serif,Arial,Verdana,&amp;quot;Trebuchet MS&amp;quot;; font-size: 14px; font-style: normal; font-variant: normal; font-weight: 400; letter-spacing: normal; orphans: 2; text-align: justify; text-decoration: none; text-indent: 0px; text-transform: none; -webkit-text-stroke-width: 0px; white-space: normal; word-spacing: 0px;\">Loreum Loreum&nbsp;</p>\r\n\r\n<p style=\"color: rgb(51, 51, 51); font-family: sans-serif,Arial,Verdana,&amp;quot;Trebuchet MS&amp;quot;; font-size: 14px; font-style: normal; font-variant: normal; font-weight: 400; letter-spacing: normal; orphans: 2; text-align: justify; text-decoration: none; text-indent: 0px; text-transform: none; -webkit-text-stroke-width: 0px; white-space: normal; word-spacing: 0px;\">Loreum Loreum&nbsp;</p>\r\n\r\n<p style=\"color: rgb(51, 51, 51); font-family: sans-serif,Arial,Verdana,&amp;quot;Trebuchet MS&amp;quot;; font-size: 14px; font-style: normal; font-variant: normal; font-weight: 400; letter-spacing: normal; orphans: 2; text-align: justify; text-decoration: none; text-indent: 0px; text-transform: none; -webkit-text-stroke-width: 0px; white-space: normal; word-spacing: 0px;\">Loreum Loreum&nbsp;</p>\r\n\r\n<p style=\"color: rgb(51, 51, 51); font-family: sans-serif,Arial,Verdana,&amp;quot;Trebuchet MS&amp;quot;; font-size: 14px; font-style: normal; font-variant: normal; font-weight: 400; letter-spacing: normal; orphans: 2; text-align: justify; text-decoration: none; text-indent: 0px; text-transform: none; -webkit-text-stroke-width: 0px; white-space: normal; word-spacing: 0px;\">Loreum Loreum&nbsp;</p>\r\n\r\n<p style=\"color: rgb(51, 51, 51); font-family: sans-serif,Arial,Verdana,&amp;quot;Trebuchet MS&amp;quot;; font-size: 14px; font-style: normal; font-variant: normal; font-weight: 400; letter-spacing: normal; orphans: 2; text-align: justify; text-decoration: none; text-indent: 0px; text-transform: none; -webkit-text-stroke-width: 0px; white-space: normal; word-spacing: 0px;\">Loreum Loreum&nbsp;</p>\r\n\r\n<p style=\"color: rgb(51, 51, 51); font-family: sans-serif,Arial,Verdana,&amp;quot;Trebuchet MS&amp;quot;; font-size: 14px; font-style: normal; font-variant: normal; font-weight: 400; letter-spacing: normal; orphans: 2; text-align: justify; text-decoration: none; text-indent: 0px; text-transform: none; -webkit-text-stroke-width: 0px; white-space: normal; word-spacing: 0px;\">Loreum Loreum&nbsp;</p>\r\n\r\n<p style=\"color: rgb(51, 51, 51); font-family: sans-serif,Arial,Verdana,&amp;quot;Trebuchet MS&amp;quot;; font-size: 14px; font-style: normal; font-variant: normal; font-weight: 400; letter-spacing: normal; orphans: 2; text-align: justify; text-decoration: none; text-indent: 0px; text-transform: none; -webkit-text-stroke-width: 0px; white-space: normal; word-spacing: 0px;\">Loreum Loreum&nbsp;</p>\r\n\r\n<p style=\"color: rgb(51, 51, 51); font-family: sans-serif,Arial,Verdana,&amp;quot;Trebuchet MS&amp;quot;; font-size: 14px; font-style: normal; font-variant: normal; font-weight: 400; letter-spacing: normal; orphans: 2; text-align: justify; text-decoration: none; text-indent: 0px; text-transform: none; -webkit-text-stroke-width: 0px; white-space: normal; word-spacing: 0px;\">Loreum Loreum&nbsp;</p>\r\n\r\n<p style=\"color: rgb(51, 51, 51); font-family: sans-serif,Arial,Verdana,&amp;quot;Trebuchet MS&amp;quot;; font-size: 14px; font-style: normal; font-variant: normal; font-weight: 400; letter-spacing: normal; orphans: 2; text-align: justify; text-decoration: none; text-indent: 0px; text-transform: none; -webkit-text-stroke-width: 0px; white-space: normal; word-spacing: 0px;\">Loreum Loreum&nbsp;Loreum Loreum&nbsp;Loreum Loreum&nbsp;</p>\r\n\r\n<p style=\"color: rgb(51, 51, 51); font-family: sans-serif,Arial,Verdana,&amp;quot;Trebuchet MS&amp;quot;; font-size: 14px; font-style: normal; font-variant: normal; font-weight: 400; letter-spacing: normal; orphans: 2; text-align: justify; text-decoration: none; text-indent: 0px; text-transform: none; -webkit-text-stroke-width: 0px; white-space: normal; word-spacing: 0px;\">Loreum Loreum&nbsp;</p>\r\n\r\n<p style=\"color: rgb(51, 51, 51); font-family: sans-serif,Arial,Verdana,&amp;quot;Trebuchet MS&amp;quot;; font-size: 14px; font-style: normal; font-variant: normal; font-weight: 400; letter-spacing: normal; orphans: 2; text-align: justify; text-decoration: none; text-indent: 0px; text-transform: none; -webkit-text-stroke-width: 0px; white-space: normal; word-spacing: 0px;\">Loreum Loreum&nbsp;Loreum Loreum&nbsp;Loreum Loreum&nbsp;</p>\";}'),
(85, 85, 'O:8:\"stdClass\":14:{s:4:\"name\";s:14:\"The Restaur IN\";s:5:\"image\";s:47:\"restaurant/ad5e5b1abc85bb890a2f823ab1d7be8e.jpg\";s:12:\"phone_number\";s:10:\"9999999994\";s:5:\"email\";s:14:\"paul@evdpl.com\";s:11:\"amount_type\";N;s:6:\"amount\";N;s:7:\"address\";s:63:\"Park Avenue South,5th Floor, New York City, New York, 10016 USA\";s:8:\"landmark\";s:12:\"South Corner\";s:7:\"zipcode\";s:6:\"090909\";s:4:\"city\";s:4:\"CITY\";s:8:\"latitude\";s:10:\"23.0705655\";s:9:\"longitude\";s:17:\"72.52157609999999\";s:15:\"currency_symbol\";s:1:\"$\";s:13:\"currency_code\";s:3:\"CAD\";}', 'a:2:{s:10:\"first_name\";s:5:\"Satya\";s:9:\"last_name\";s:0:\"\";}', 'a:3:{s:13:\"package_price\";s:6:\"120.20\";s:12:\"package_name\";s:7:\"Starter\";s:14:\"package_detail\";s:142:\"<p>Lorem Ipsum ???? ?????? ??? ????????? ??????? ???? ??????</p>\";}'),
(86, 86, 'O:8:\"stdClass\":14:{s:4:\"name\";s:14:\"The Restaur IN\";s:5:\"image\";s:47:\"restaurant/ad5e5b1abc85bb890a2f823ab1d7be8e.jpg\";s:12:\"phone_number\";s:10:\"9999999994\";s:5:\"email\";s:14:\"paul@evdpl.com\";s:11:\"amount_type\";N;s:6:\"amount\";N;s:7:\"address\";s:63:\"Park Avenue South,5th Floor, New York City, New York, 10016 USA\";s:8:\"landmark\";s:12:\"South Corner\";s:7:\"zipcode\";s:6:\"090909\";s:4:\"city\";s:4:\"CITY\";s:8:\"latitude\";s:10:\"23.0705655\";s:9:\"longitude\";s:17:\"72.52157609999999\";s:15:\"currency_symbol\";s:1:\"$\";s:13:\"currency_code\";s:3:\"CAD\";}', 'a:2:{s:10:\"first_name\";s:5:\"Satya\";s:9:\"last_name\";s:0:\"\";}', 'a:3:{s:13:\"package_price\";s:7:\"8085.00\";s:12:\"package_name\";s:63:\"Salted Butter Caramel Ice Cream Salted Butter Caramel Ice Cream\";s:14:\"package_detail\";s:5839:\"<p>Loreum Loreum&nbsp;Loreum Loreum&nbsp;Loreum Loreum&nbsp;Loreum Loreum&nbsp;Loreum Loreum&nbsp;Loreum Loreum&nbsp;</p>\r\n\r\n<p style=\"color: rgb(51, 51, 51); font-family: sans-serif,Arial,Verdana,&amp;quot;Trebuchet MS&amp;quot;; font-size: 14px; font-style: normal; font-variant: normal; font-weight: 400; letter-spacing: normal; orphans: 2; text-align: justify; text-decoration: none; text-indent: 0px; text-transform: none; -webkit-text-stroke-width: 0px; white-space: normal; word-spacing: 0px;\">Loreum Loreum&nbsp;</p>\r\n\r\n<p style=\"color: rgb(51, 51, 51); font-family: sans-serif,Arial,Verdana,&amp;quot;Trebuchet MS&amp;quot;; font-size: 14px; font-style: normal; font-variant: normal; font-weight: 400; letter-spacing: normal; orphans: 2; text-align: justify; text-decoration: none; text-indent: 0px; text-transform: none; -webkit-text-stroke-width: 0px; white-space: normal; word-spacing: 0px;\">Loreum Loreum&nbsp;</p>\r\n\r\n<p style=\"color: rgb(51, 51, 51); font-family: sans-serif,Arial,Verdana,&amp;quot;Trebuchet MS&amp;quot;; font-size: 14px; font-style: normal; font-variant: normal; font-weight: 400; letter-spacing: normal; orphans: 2; text-align: justify; text-decoration: none; text-indent: 0px; text-transform: none; -webkit-text-stroke-width: 0px; white-space: normal; word-spacing: 0px;\">Loreum Loreum&nbsp;</p>\r\n\r\n<p style=\"color: rgb(51, 51, 51); font-family: sans-serif,Arial,Verdana,&amp;quot;Trebuchet MS&amp;quot;; font-size: 14px; font-style: normal; font-variant: normal; font-weight: 400; letter-spacing: normal; orphans: 2; text-align: justify; text-decoration: none; text-indent: 0px; text-transform: none; -webkit-text-stroke-width: 0px; white-space: normal; word-spacing: 0px;\">Loreum Loreum&nbsp;</p>\r\n\r\n<p style=\"color: rgb(51, 51, 51); font-family: sans-serif,Arial,Verdana,&amp;quot;Trebuchet MS&amp;quot;; font-size: 14px; font-style: normal; font-variant: normal; font-weight: 400; letter-spacing: normal; orphans: 2; text-align: justify; text-decoration: none; text-indent: 0px; text-transform: none; -webkit-text-stroke-width: 0px; white-space: normal; word-spacing: 0px;\">Loreum Loreum&nbsp;</p>\r\n\r\n<p style=\"color: rgb(51, 51, 51); font-family: sans-serif,Arial,Verdana,&amp;quot;Trebuchet MS&amp;quot;; font-size: 14px; font-style: normal; font-variant: normal; font-weight: 400; letter-spacing: normal; orphans: 2; text-align: justify; text-decoration: none; text-indent: 0px; text-transform: none; -webkit-text-stroke-width: 0px; white-space: normal; word-spacing: 0px;\">Loreum Loreum&nbsp;</p>\r\n\r\n<p style=\"color: rgb(51, 51, 51); font-family: sans-serif,Arial,Verdana,&amp;quot;Trebuchet MS&amp;quot;; font-size: 14px; font-style: normal; font-variant: normal; font-weight: 400; letter-spacing: normal; orphans: 2; text-align: justify; text-decoration: none; text-indent: 0px; text-transform: none; -webkit-text-stroke-width: 0px; white-space: normal; word-spacing: 0px;\">Loreum Loreum&nbsp;</p>\r\n\r\n<p style=\"color: rgb(51, 51, 51); font-family: sans-serif,Arial,Verdana,&amp;quot;Trebuchet MS&amp;quot;; font-size: 14px; font-style: normal; font-variant: normal; font-weight: 400; letter-spacing: normal; orphans: 2; text-align: justify; text-decoration: none; text-indent: 0px; text-transform: none; -webkit-text-stroke-width: 0px; white-space: normal; word-spacing: 0px;\">Loreum Loreum&nbsp;</p>\r\n\r\n<p style=\"color: rgb(51, 51, 51); font-family: sans-serif,Arial,Verdana,&amp;quot;Trebuchet MS&amp;quot;; font-size: 14px; font-style: normal; font-variant: normal; font-weight: 400; letter-spacing: normal; orphans: 2; text-align: justify; text-decoration: none; text-indent: 0px; text-transform: none; -webkit-text-stroke-width: 0px; white-space: normal; word-spacing: 0px;\">Loreum Loreum&nbsp;</p>\r\n\r\n<p style=\"color: rgb(51, 51, 51); font-family: sans-serif,Arial,Verdana,&amp;quot;Trebuchet MS&amp;quot;; font-size: 14px; font-style: normal; font-variant: normal; font-weight: 400; letter-spacing: normal; orphans: 2; text-align: justify; text-decoration: none; text-indent: 0px; text-transform: none; -webkit-text-stroke-width: 0px; white-space: normal; word-spacing: 0px;\">Loreum Loreum&nbsp;</p>\r\n\r\n<p style=\"color: rgb(51, 51, 51); font-family: sans-serif,Arial,Verdana,&amp;quot;Trebuchet MS&amp;quot;; font-size: 14px; font-style: normal; font-variant: normal; font-weight: 400; letter-spacing: normal; orphans: 2; text-align: justify; text-decoration: none; text-indent: 0px; text-transform: none; -webkit-text-stroke-width: 0px; white-space: normal; word-spacing: 0px;\">Loreum Loreum&nbsp;</p>\r\n\r\n<p style=\"color: rgb(51, 51, 51); font-family: sans-serif,Arial,Verdana,&amp;quot;Trebuchet MS&amp;quot;; font-size: 14px; font-style: normal; font-variant: normal; font-weight: 400; letter-spacing: normal; orphans: 2; text-align: justify; text-decoration: none; text-indent: 0px; text-transform: none; -webkit-text-stroke-width: 0px; white-space: normal; word-spacing: 0px;\">Loreum Loreum&nbsp;Loreum Loreum&nbsp;Loreum Loreum&nbsp;</p>\r\n\r\n<p style=\"color: rgb(51, 51, 51); font-family: sans-serif,Arial,Verdana,&amp;quot;Trebuchet MS&amp;quot;; font-size: 14px; font-style: normal; font-variant: normal; font-weight: 400; letter-spacing: normal; orphans: 2; text-align: justify; text-decoration: none; text-indent: 0px; text-transform: none; -webkit-text-stroke-width: 0px; white-space: normal; word-spacing: 0px;\">Loreum Loreum&nbsp;</p>\r\n\r\n<p style=\"color: rgb(51, 51, 51); font-family: sans-serif,Arial,Verdana,&amp;quot;Trebuchet MS&amp;quot;; font-size: 14px; font-style: normal; font-variant: normal; font-weight: 400; letter-spacing: normal; orphans: 2; text-align: justify; text-decoration: none; text-indent: 0px; text-transform: none; -webkit-text-stroke-width: 0px; white-space: normal; word-spacing: 0px;\">Loreum Loreum&nbsp;Loreum Loreum&nbsp;Loreum Loreum&nbsp;</p>\";}'),
(88, 88, 'O:8:\"stdClass\":14:{s:4:\"name\";s:13:\"Doner & Gyros\";s:5:\"image\";s:47:\"\";s:12:\"phone_number\";s:10:\"7878787878\";s:5:\"email\";s:19:\"doner12@yopmail.com\";s:11:\"amount_type\";N;s:6:\"amount\";N;s:7:\"address\";s:50:\"72 Street, WVRF+V4 San Tome, Anzoategui, Venezuela\";s:8:\"landmark\";s:10:\"Anzoategui\";s:7:\"zipcode\";s:6:\"123456\";s:4:\"city\";s:10:\"Anzoategui\";s:8:\"latitude\";s:17:\"8.943501703492087\";s:9:\"longitude\";s:18:\"-64.12680126190185\";s:15:\"currency_symbol\";s:1:\"$\";s:13:\"currency_code\";s:3:\"USD\";}', 'a:2:{s:10:\"first_name\";s:11:\"Devika_test\";s:9:\"last_name\";s:0:\"\";}', ''),
(89, 89, 'O:8:\"stdClass\":14:{s:4:\"name\";s:13:\"Doner & Gyros\";s:5:\"image\";s:47:\"\";s:12:\"phone_number\";s:10:\"7878787878\";s:5:\"email\";s:19:\"doner12@yopmail.com\";s:11:\"amount_type\";N;s:6:\"amount\";N;s:7:\"address\";s:50:\"72 Street, WVRF+V4 San Tome, Anzoategui, Venezuela\";s:8:\"landmark\";s:10:\"Anzoategui\";s:7:\"zipcode\";s:6:\"123456\";s:4:\"city\";s:10:\"Anzoategui\";s:8:\"latitude\";s:17:\"8.943501703492087\";s:9:\"longitude\";s:18:\"-64.12680126190185\";s:15:\"currency_symbol\";s:1:\"$\";s:13:\"currency_code\";s:3:\"USD\";}', 'a:2:{s:10:\"first_name\";s:11:\"Devika_test\";s:9:\"last_name\";s:0:\"\";}', ''),
(90, 90, 'O:8:\"stdClass\":14:{s:4:\"name\";s:12:\"Pizza Palace\";s:5:\"image\";s:47:\"restaurant/f8b4c502d1e54348b76c88fb45e63a4e.jpg\";s:12:\"phone_number\";s:7:\"6879722\";s:5:\"email\";s:21:\"pizzapalace@gmail.com\";s:11:\"amount_type\";s:6:\"Amount\";s:6:\"amount\";s:5:\"10.00\";s:7:\"address\";s:22:\"Pizza Place London, UK\";s:8:\"landmark\";s:13:\"Covent Garden\";s:7:\"zipcode\";s:6:\"675787\";s:4:\"city\";s:6:\"London\";s:8:\"latitude\";s:17:\"51.51456899999999\";s:9:\"longitude\";s:10:\"-0.1264329\";s:15:\"currency_symbol\";N;s:13:\"currency_code\";N;}', 'a:2:{s:10:\"first_name\";s:11:\"Devika_test\";s:9:\"last_name\";s:0:\"\";}', ''),
(91, 91, 'O:8:\"stdClass\":14:{s:4:\"name\";s:18:\"Veretto Restaurant\";s:5:\"image\";s:47:\"restaurant/d3aa6a86e89f688a1728c16cd8e27d05.jpg\";s:12:\"phone_number\";s:9:\"123567888\";s:5:\"email\";s:21:\"veretto23@yopmail.com\";s:11:\"amount_type\";N;s:6:\"amount\";N;s:7:\"address\";s:62:\"025 SPG Livingston Street, Brooklyn, NY 1183301, United States\";s:8:\"landmark\";s:8:\"Brooklyn\";s:7:\"zipcode\";s:5:\"56555\";s:4:\"city\";s:8:\"Brooklyn\";s:8:\"latitude\";s:18:\"40.679057143012265\";s:9:\"longitude\";s:18:\"-73.93926555075684\";s:15:\"currency_symbol\";s:1:\"$\";s:13:\"currency_code\";s:3:\"USD\";}', 'a:2:{s:10:\"first_name\";s:11:\"Devika_test\";s:9:\"last_name\";s:0:\"\";}', ''),
(92, 92, 'O:8:\"stdClass\":14:{s:4:\"name\";s:9:\"Pizza hut\";s:5:\"image\";s:47:\"restaurant/82338f711b23b368f383280df9a9c048.jpg\";s:12:\"phone_number\";s:7:\"4634775\";s:5:\"email\";s:18:\"pizzahut@gmail.com\";s:11:\"amount_type\";N;s:6:\"amount\";N;s:7:\"address\";s:28:\"Pizza Hut, Fairborn, OH, USA\";s:8:\"landmark\";s:24:\"Fairborn Municipal Court\";s:7:\"zipcode\";s:6:\"567868\";s:4:\"city\";s:2:\"OH\";s:8:\"latitude\";s:8:\"39.80529\";s:9:\"longitude\";s:9:\"-84.03116\";s:15:\"currency_symbol\";s:3:\"?\";s:13:\"currency_code\";s:3:\"INR\";}', 'a:2:{s:10:\"first_name\";s:11:\"Devika_test\";s:9:\"last_name\";s:0:\"\";}', 'a:4:{s:13:\"package_price\";s:6:\"350.00\";s:12:\"package_name\";s:5:\"Combo\";s:14:\"package_detail\";s:161:\"<p>Lorem Ipsum is simply dummy text of the printing and typesetting industry.&nbsp;Lorem Ipsum is simply dummy text of the printing and typesetting industry.</p>\";s:13:\"package_image\";N;}'),
(93, 93, 'O:8:\"stdClass\":14:{s:4:\"name\";s:7:\"Dominos\";s:5:\"image\";s:47:\"restaurant/59fc0a105027a1497f8bf3e9acf1a5f6.jpg\";s:12:\"phone_number\";s:8:\"43687894\";s:5:\"email\";s:17:\"dominos@gmail.com\";s:11:\"amount_type\";N;s:6:\"amount\";N;s:7:\"address\";s:49:\"Dominos, Olive St, Los Angeles, CA, United States\";s:8:\"landmark\";s:17:\"World Food Market\";s:7:\"zipcode\";s:7:\"6477823\";s:4:\"city\";s:11:\"Los Angeles\";s:8:\"latitude\";s:9:\"23.109098\";s:9:\"longitude\";s:10:\"72.5849179\";s:15:\"currency_symbol\";s:1:\"$\";s:13:\"currency_code\";s:3:\"USD\";}', 'a:2:{s:10:\"first_name\";s:11:\"Devika_test\";s:9:\"last_name\";s:0:\"\";}', 'a:4:{s:13:\"package_price\";s:6:\"350.00\";s:12:\"package_name\";s:3:\"new\";s:14:\"package_detail\";s:161:\"<p>Lorem Ipsum is simply dummy text of the printing and typesetting industry.&nbsp;Lorem Ipsum is simply dummy text of the printing and typesetting industry.</p>\";s:13:\"package_image\";N;}'),
(94, 94, 'O:8:\"stdClass\":14:{s:4:\"name\";s:12:\"Pizza Palace\";s:5:\"image\";s:47:\"restaurant/f8b4c502d1e54348b76c88fb45e63a4e.jpg\";s:12:\"phone_number\";s:7:\"6879722\";s:5:\"email\";s:21:\"pizzapalace@gmail.com\";s:11:\"amount_type\";s:6:\"Amount\";s:6:\"amount\";s:5:\"10.00\";s:7:\"address\";s:22:\"Pizza Place London, UK\";s:8:\"landmark\";s:13:\"Covent Garden\";s:7:\"zipcode\";s:6:\"675787\";s:4:\"city\";s:6:\"London\";s:8:\"latitude\";s:17:\"51.51456899999999\";s:9:\"longitude\";s:10:\"-0.1264329\";s:15:\"currency_symbol\";N;s:13:\"currency_code\";N;}', 'a:2:{s:10:\"first_name\";s:11:\"Devika_test\";s:9:\"last_name\";s:0:\"\";}', ''),
(95, 95, 'O:8:\"stdClass\":14:{s:4:\"name\";s:19:\"Ballroom Restaurant\";s:5:\"image\";s:47:\"restaurant/e072257c814f4602e62cd2da35605217.jpg\";s:12:\"phone_number\";s:9:\"789561233\";s:5:\"email\";s:20:\"ballroom12@gmail.com\";s:11:\"amount_type\";N;s:6:\"amount\";N;s:7:\"address\";s:61:\"1803 Rhode Island Ave NE, Washington, DC 20018, United States\";s:8:\"landmark\";s:10:\"Washington\";s:7:\"zipcode\";s:5:\"15562\";s:4:\"city\";s:10:\"Washington\";s:8:\"latitude\";s:10:\"38.9278681\";s:9:\"longitude\";s:9:\"-76.97792\";s:15:\"currency_symbol\";s:1:\"$\";s:13:\"currency_code\";s:3:\"USD\";}', 'a:2:{s:10:\"first_name\";s:11:\"Devika_test\";s:9:\"last_name\";s:0:\"\";}', ''),
(96, 96, 'O:8:\"stdClass\":14:{s:4:\"name\";s:11:\"Pizza Court\";s:5:\"image\";s:47:\"restaurant/5d39eb22b96df05cf83649728e851515.jpg\";s:12:\"phone_number\";s:6:\"679879\";s:5:\"email\";s:21:\"pizzacourt1@gmail.com\";s:11:\"amount_type\";N;s:6:\"amount\";N;s:7:\"address\";s:53:\"Pizza Court, Olive St, Los Angeles, CA, United States\";s:8:\"landmark\";s:17:\"Whole Food Market\";s:7:\"zipcode\";s:6:\"453487\";s:4:\"city\";s:2:\"CA\";s:8:\"latitude\";s:10:\"34.0456591\";s:9:\"longitude\";s:12:\"-118.2561879\";s:15:\"currency_symbol\";s:1:\"$\";s:13:\"currency_code\";s:3:\"USD\";}', 'a:2:{s:10:\"first_name\";s:11:\"Devika_test\";s:9:\"last_name\";s:0:\"\";}', ''),
(97, 97, 'O:8:\"stdClass\":14:{s:4:\"name\";s:22:\"Homewoodiee Restaurant\";s:5:\"image\";s:47:\"restaurant/f4f4820cd261cde4d2117bf955633129.jpg\";s:12:\"phone_number\";s:10:\"9465665999\";s:5:\"email\";s:22:\"homewood12@yopmail.com\";s:11:\"amount_type\";N;s:6:\"amount\";N;s:7:\"address\";s:56:\"VRV9+HF San José de Gaauanipa, Anzjfgoategui, Venezuela\";s:8:\"landmark\";s:8:\"Gaauanip\";s:7:\"zipcode\";s:5:\"12356\";s:4:\"city\";s:9:\"Gaauanipa\";s:8:\"latitude\";s:18:\"23.056392952426066\";s:9:\"longitude\";s:16:\"72.5600703491211\";s:15:\"currency_symbol\";s:1:\"$\";s:13:\"currency_code\";s:3:\"USD\";}', 'a:2:{s:10:\"first_name\";s:11:\"Devika_test\";s:9:\"last_name\";s:0:\"\";}', ''),
(98, 98, 'O:8:\"stdClass\":14:{s:4:\"name\";s:9:\"Pizza hut\";s:5:\"image\";s:47:\"restaurant/82338f711b23b368f383280df9a9c048.jpg\";s:12:\"phone_number\";s:7:\"4634775\";s:5:\"email\";s:18:\"pizzahut@gmail.com\";s:11:\"amount_type\";N;s:6:\"amount\";N;s:7:\"address\";s:28:\"Pizza Hut, Fairborn, OH, USA\";s:8:\"landmark\";s:24:\"Fairborn Municipal Court\";s:7:\"zipcode\";s:6:\"567868\";s:4:\"city\";s:2:\"OH\";s:8:\"latitude\";s:8:\"39.80529\";s:9:\"longitude\";s:9:\"-84.03116\";s:15:\"currency_symbol\";s:3:\"?\";s:13:\"currency_code\";s:3:\"INR\";}', 'a:2:{s:10:\"first_name\";s:11:\"Devika_test\";s:9:\"last_name\";s:0:\"\";}', 'a:4:{s:13:\"package_price\";s:6:\"350.00\";s:12:\"package_name\";s:5:\"Combo\";s:14:\"package_detail\";s:161:\"<p>Lorem Ipsum is simply dummy text of the printing and typesetting industry.&nbsp;Lorem Ipsum is simply dummy text of the printing and typesetting industry.</p>\";s:13:\"package_image\";N;}'),
(99, 99, 'O:8:\"stdClass\":14:{s:4:\"name\";s:9:\"Pizza hut\";s:5:\"image\";s:47:\"restaurant/82338f711b23b368f383280df9a9c048.jpg\";s:12:\"phone_number\";s:7:\"4634775\";s:5:\"email\";s:18:\"pizzahut@gmail.com\";s:11:\"amount_type\";N;s:6:\"amount\";N;s:7:\"address\";s:28:\"Pizza Hut, Fairborn, OH, USA\";s:8:\"landmark\";s:24:\"Fairborn Municipal Court\";s:7:\"zipcode\";s:6:\"567868\";s:4:\"city\";s:2:\"OH\";s:8:\"latitude\";s:8:\"39.80529\";s:9:\"longitude\";s:9:\"-84.03116\";s:15:\"currency_symbol\";s:3:\"?\";s:13:\"currency_code\";s:3:\"INR\";}', 'a:2:{s:10:\"first_name\";s:11:\"Devika_test\";s:9:\"last_name\";s:0:\"\";}', ''),
(100, 100, 'O:8:\"stdClass\":14:{s:4:\"name\";s:9:\"Pizza hut\";s:5:\"image\";s:47:\"restaurant/82338f711b23b368f383280df9a9c048.jpg\";s:12:\"phone_number\";s:7:\"4634775\";s:5:\"email\";s:18:\"pizzahut@gmail.com\";s:11:\"amount_type\";N;s:6:\"amount\";N;s:7:\"address\";s:28:\"Pizza Hut, Fairborn, OH, USA\";s:8:\"landmark\";s:24:\"Fairborn Municipal Court\";s:7:\"zipcode\";s:6:\"567868\";s:4:\"city\";s:2:\"OH\";s:8:\"latitude\";s:8:\"39.80529\";s:9:\"longitude\";s:9:\"-84.03116\";s:15:\"currency_symbol\";s:3:\"?\";s:13:\"currency_code\";s:3:\"INR\";}', 'a:2:{s:10:\"first_name\";s:9:\"test user\";s:9:\"last_name\";s:7:\"testing\";}', 'a:4:{s:13:\"package_price\";s:6:\"350.00\";s:12:\"package_name\";s:5:\"Combo\";s:14:\"package_detail\";s:161:\"<p>Lorem Ipsum is simply dummy text of the printing and typesetting industry.&nbsp;Lorem Ipsum is simply dummy text of the printing and typesetting industry.</p>\";s:13:\"package_image\";N;}'),
(101, 101, 'O:8:\"stdClass\":14:{s:4:\"name\";s:18:\"Veretto Restaurant\";s:5:\"image\";s:47:\"restaurant/d3aa6a86e89f688a1728c16cd8e27d05.jpg\";s:12:\"phone_number\";s:9:\"123567888\";s:5:\"email\";s:21:\"veretto23@yopmail.com\";s:11:\"amount_type\";N;s:6:\"amount\";N;s:7:\"address\";s:62:\"025 SPG Livingston Street, Brooklyn, NY 1183301, United States\";s:8:\"landmark\";s:8:\"Brooklyn\";s:7:\"zipcode\";s:5:\"56555\";s:4:\"city\";s:8:\"Brooklyn\";s:8:\"latitude\";s:18:\"40.679057143012265\";s:9:\"longitude\";s:18:\"-73.93926555075684\";s:15:\"currency_symbol\";s:1:\"$\";s:13:\"currency_code\";s:3:\"USD\";}', 'a:2:{s:10:\"first_name\";s:11:\"Devika_test\";s:9:\"last_name\";s:0:\"\";}', ''),
(102, 102, 'O:8:\"stdClass\":14:{s:4:\"name\";s:22:\"Homewoodiee Restaurant\";s:5:\"image\";s:47:\"restaurant/f4f4820cd261cde4d2117bf955633129.jpg\";s:12:\"phone_number\";s:10:\"9465665999\";s:5:\"email\";s:22:\"homewood12@yopmail.com\";s:11:\"amount_type\";N;s:6:\"amount\";N;s:7:\"address\";s:56:\"VRV9+HF San José de Gaauanipa, Anzjfgoategui, Venezuela\";s:8:\"landmark\";s:8:\"Gaauanip\";s:7:\"zipcode\";s:5:\"12356\";s:4:\"city\";s:9:\"Gaauanipa\";s:8:\"latitude\";s:18:\"23.056392952426066\";s:9:\"longitude\";s:16:\"72.5600703491211\";s:15:\"currency_symbol\";s:1:\"$\";s:13:\"currency_code\";s:3:\"USD\";}', 'a:2:{s:10:\"first_name\";s:7:\"Ranajit\";s:9:\"last_name\";s:0:\"\";}', ''),
(103, 103, 'O:8:\"stdClass\":14:{s:4:\"name\";s:18:\"Veretto Restaurant\";s:5:\"image\";s:47:\"restaurant/d3aa6a86e89f688a1728c16cd8e27d05.jpg\";s:12:\"phone_number\";s:9:\"123567888\";s:5:\"email\";s:21:\"veretto23@yopmail.com\";s:11:\"amount_type\";N;s:6:\"amount\";N;s:7:\"address\";s:62:\"025 SPG Livingston Street, Brooklyn, NY 1183301, United States\";s:8:\"landmark\";s:8:\"Brooklyn\";s:7:\"zipcode\";s:5:\"56555\";s:4:\"city\";s:8:\"Brooklyn\";s:8:\"latitude\";s:18:\"40.679057143012265\";s:9:\"longitude\";s:18:\"-73.93926555075684\";s:15:\"currency_symbol\";s:1:\"$\";s:13:\"currency_code\";s:3:\"USD\";}', 'a:2:{s:10:\"first_name\";s:7:\"Ranajit\";s:9:\"last_name\";s:0:\"\";}', ''),
(104, 104, 'O:8:\"stdClass\":14:{s:4:\"name\";s:9:\"Pizza hut\";s:5:\"image\";s:47:\"restaurant/82338f711b23b368f383280df9a9c048.jpg\";s:12:\"phone_number\";s:7:\"4634775\";s:5:\"email\";s:18:\"pizzahut@gmail.com\";s:11:\"amount_type\";N;s:6:\"amount\";N;s:7:\"address\";s:28:\"Pizza Hut, Fairborn, OH, USA\";s:8:\"landmark\";s:24:\"Fairborn Municipal Court\";s:7:\"zipcode\";s:6:\"567868\";s:4:\"city\";s:2:\"OH\";s:8:\"latitude\";s:8:\"39.80529\";s:9:\"longitude\";s:9:\"-84.03116\";s:15:\"currency_symbol\";s:3:\"?\";s:13:\"currency_code\";s:3:\"INR\";}', 'a:2:{s:10:\"first_name\";s:11:\"Devika_test\";s:9:\"last_name\";s:0:\"\";}', ''),
(105, 105, 'O:8:\"stdClass\":14:{s:4:\"name\";s:9:\"Pizza hut\";s:5:\"image\";s:47:\"restaurant/82338f711b23b368f383280df9a9c048.jpg\";s:12:\"phone_number\";s:7:\"4634775\";s:5:\"email\";s:18:\"pizzahut@gmail.com\";s:11:\"amount_type\";N;s:6:\"amount\";N;s:7:\"address\";s:28:\"Pizza Hut, Fairborn, OH, USA\";s:8:\"landmark\";s:24:\"Fairborn Municipal Court\";s:7:\"zipcode\";s:6:\"567868\";s:4:\"city\";s:2:\"OH\";s:8:\"latitude\";s:8:\"39.80529\";s:9:\"longitude\";s:9:\"-84.03116\";s:15:\"currency_symbol\";s:3:\"₹\";s:13:\"currency_code\";s:3:\"INR\";}', 'a:2:{s:10:\"first_name\";s:11:\"Devika_test\";s:9:\"last_name\";s:0:\"\";}', ''),
(106, 106, 'O:8:\"stdClass\":14:{s:4:\"name\";s:9:\"Pizza hut\";s:5:\"image\";s:47:\"restaurant/82338f711b23b368f383280df9a9c048.jpg\";s:12:\"phone_number\";s:7:\"4634775\";s:5:\"email\";s:18:\"pizzahut@gmail.com\";s:11:\"amount_type\";N;s:6:\"amount\";N;s:7:\"address\";s:28:\"Pizza Hut, Fairborn, OH, USA\";s:8:\"landmark\";s:24:\"Fairborn Municipal Court\";s:7:\"zipcode\";s:6:\"567868\";s:4:\"city\";s:2:\"OH\";s:8:\"latitude\";s:8:\"39.80529\";s:9:\"longitude\";s:9:\"-84.03116\";s:15:\"currency_symbol\";s:3:\"₹\";s:13:\"currency_code\";s:3:\"INR\";}', 'a:2:{s:10:\"first_name\";s:11:\"Devika_test\";s:9:\"last_name\";s:0:\"\";}', 'a:4:{s:13:\"package_price\";s:6:\"350.00\";s:12:\"package_name\";s:5:\"Combo\";s:14:\"package_detail\";s:161:\"<p>Lorem Ipsum is simply dummy text of the printing and typesetting industry.&nbsp;Lorem Ipsum is simply dummy text of the printing and typesetting industry.</p>\";s:13:\"package_image\";N;}'),
(107, 107, 'O:8:\"stdClass\":14:{s:4:\"name\";s:13:\"Doner & Gyros\";s:5:\"image\";s:47:\"restaurant/8162364a46c77c090de3f36706172d1b.jpg\";s:12:\"phone_number\";s:10:\"7878787878\";s:5:\"email\";s:19:\"doner12@yopmail.com\";s:11:\"amount_type\";N;s:6:\"amount\";N;s:7:\"address\";s:50:\"72 Street, WVRF+V4 San Tome, Anzoategui, Venezuela\";s:8:\"landmark\";s:10:\"Anzoategui\";s:7:\"zipcode\";s:6:\"123456\";s:4:\"city\";s:10:\"Anzoategui\";s:8:\"latitude\";s:17:\"8.943501703492087\";s:9:\"longitude\";s:18:\"-64.12680126190185\";s:15:\"currency_symbol\";s:1:\"$\";s:13:\"currency_code\";s:3:\"USD\";}', 'a:2:{s:10:\"first_name\";s:11:\"Devika_test\";s:9:\"last_name\";s:0:\"\";}', ''),
(108, 108, 'O:8:\"stdClass\":14:{s:4:\"name\";s:18:\"Veretto Restaurant\";s:5:\"image\";s:47:\"restaurant/d3aa6a86e89f688a1728c16cd8e27d05.jpg\";s:12:\"phone_number\";s:9:\"123567888\";s:5:\"email\";s:21:\"veretto23@yopmail.com\";s:11:\"amount_type\";N;s:6:\"amount\";N;s:7:\"address\";s:62:\"025 SPG Livingston Street, Brooklyn, NY 1183301, United States\";s:8:\"landmark\";s:8:\"Brooklyn\";s:7:\"zipcode\";s:5:\"56555\";s:4:\"city\";s:8:\"Brooklyn\";s:8:\"latitude\";s:18:\"40.679057143012265\";s:9:\"longitude\";s:18:\"-73.93926555075684\";s:15:\"currency_symbol\";s:1:\"$\";s:13:\"currency_code\";s:3:\"USD\";}', 'a:2:{s:10:\"first_name\";s:11:\"Test edited\";s:9:\"last_name\";s:4:\"Last\";}', ''),
(109, 109, 'O:8:\"stdClass\":14:{s:4:\"name\";s:18:\"Veretto Restaurant\";s:5:\"image\";s:47:\"restaurant/d3aa6a86e89f688a1728c16cd8e27d05.jpg\";s:12:\"phone_number\";s:9:\"123567888\";s:5:\"email\";s:21:\"veretto23@yopmail.com\";s:11:\"amount_type\";N;s:6:\"amount\";N;s:7:\"address\";s:62:\"025 SPG Livingston Street, Brooklyn, NY 1183301, United States\";s:8:\"landmark\";s:8:\"Brooklyn\";s:7:\"zipcode\";s:5:\"56555\";s:4:\"city\";s:8:\"Brooklyn\";s:8:\"latitude\";s:18:\"40.679057143012265\";s:9:\"longitude\";s:18:\"-73.93926555075684\";s:15:\"currency_symbol\";s:1:\"$\";s:13:\"currency_code\";s:3:\"USD\";}', 'a:2:{s:10:\"first_name\";s:11:\"Test edited\";s:9:\"last_name\";s:4:\"Last\";}', 'a:3:{s:13:\"package_price\";s:6:\"100.00\";s:12:\"package_name\";s:3:\"new\";s:14:\"package_detail\";s:142:\"<p><span style=\"color: rgb(61, 61, 61); font-family: &quot;Open Sans&quot;, sans-serif; font-weight: 600; text-align: left;\">Detail</span></p>\";}'),
(110, 110, 'O:8:\"stdClass\":14:{s:4:\"name\";s:14:\"The Restaur IN\";s:5:\"image\";s:47:\"restaurant/ad5e5b1abc85bb890a2f823ab1d7be8e.jpg\";s:12:\"phone_number\";s:10:\"9999999994\";s:5:\"email\";s:14:\"paul@evdpl.com\";s:11:\"amount_type\";N;s:6:\"amount\";N;s:7:\"address\";s:63:\"Park Avenue South,5th Floor, New York City, New York, 10016 USA\";s:8:\"landmark\";s:12:\"South Corner\";s:7:\"zipcode\";s:6:\"090909\";s:4:\"city\";s:4:\"CITY\";s:8:\"latitude\";s:10:\"23.0705655\";s:9:\"longitude\";s:17:\"72.52157609999999\";s:15:\"currency_symbol\";s:1:\"$\";s:13:\"currency_code\";s:3:\"CAD\";}', 'a:2:{s:10:\"first_name\";s:11:\"Devika_test\";s:9:\"last_name\";s:0:\"\";}', 'a:4:{s:13:\"package_price\";s:7:\"8085.00\";s:12:\"package_name\";s:63:\"Salted Butter Caramel Ice Cream Salted Butter Caramel Ice Cream\";s:14:\"package_detail\";s:5839:\"<p>Loreum Loreum&nbsp;Loreum Loreum&nbsp;Loreum Loreum&nbsp;Loreum Loreum&nbsp;Loreum Loreum&nbsp;Loreum Loreum&nbsp;</p>\r\n\r\n<p style=\"color: rgb(51, 51, 51); font-family: sans-serif,Arial,Verdana,&amp;quot;Trebuchet MS&amp;quot;; font-size: 14px; font-style: normal; font-variant: normal; font-weight: 400; letter-spacing: normal; orphans: 2; text-align: justify; text-decoration: none; text-indent: 0px; text-transform: none; -webkit-text-stroke-width: 0px; white-space: normal; word-spacing: 0px;\">Loreum Loreum&nbsp;</p>\r\n\r\n<p style=\"color: rgb(51, 51, 51); font-family: sans-serif,Arial,Verdana,&amp;quot;Trebuchet MS&amp;quot;; font-size: 14px; font-style: normal; font-variant: normal; font-weight: 400; letter-spacing: normal; orphans: 2; text-align: justify; text-decoration: none; text-indent: 0px; text-transform: none; -webkit-text-stroke-width: 0px; white-space: normal; word-spacing: 0px;\">Loreum Loreum&nbsp;</p>\r\n\r\n<p style=\"color: rgb(51, 51, 51); font-family: sans-serif,Arial,Verdana,&amp;quot;Trebuchet MS&amp;quot;; font-size: 14px; font-style: normal; font-variant: normal; font-weight: 400; letter-spacing: normal; orphans: 2; text-align: justify; text-decoration: none; text-indent: 0px; text-transform: none; -webkit-text-stroke-width: 0px; white-space: normal; word-spacing: 0px;\">Loreum Loreum&nbsp;</p>\r\n\r\n<p style=\"color: rgb(51, 51, 51); font-family: sans-serif,Arial,Verdana,&amp;quot;Trebuchet MS&amp;quot;; font-size: 14px; font-style: normal; font-variant: normal; font-weight: 400; letter-spacing: normal; orphans: 2; text-align: justify; text-decoration: none; text-indent: 0px; text-transform: none; -webkit-text-stroke-width: 0px; white-space: normal; word-spacing: 0px;\">Loreum Loreum&nbsp;</p>\r\n\r\n<p style=\"color: rgb(51, 51, 51); font-family: sans-serif,Arial,Verdana,&amp;quot;Trebuchet MS&amp;quot;; font-size: 14px; font-style: normal; font-variant: normal; font-weight: 400; letter-spacing: normal; orphans: 2; text-align: justify; text-decoration: none; text-indent: 0px; text-transform: none; -webkit-text-stroke-width: 0px; white-space: normal; word-spacing: 0px;\">Loreum Loreum&nbsp;</p>\r\n\r\n<p style=\"color: rgb(51, 51, 51); font-family: sans-serif,Arial,Verdana,&amp;quot;Trebuchet MS&amp;quot;; font-size: 14px; font-style: normal; font-variant: normal; font-weight: 400; letter-spacing: normal; orphans: 2; text-align: justify; text-decoration: none; text-indent: 0px; text-transform: none; -webkit-text-stroke-width: 0px; white-space: normal; word-spacing: 0px;\">Loreum Loreum&nbsp;</p>\r\n\r\n<p style=\"color: rgb(51, 51, 51); font-family: sans-serif,Arial,Verdana,&amp;quot;Trebuchet MS&amp;quot;; font-size: 14px; font-style: normal; font-variant: normal; font-weight: 400; letter-spacing: normal; orphans: 2; text-align: justify; text-decoration: none; text-indent: 0px; text-transform: none; -webkit-text-stroke-width: 0px; white-space: normal; word-spacing: 0px;\">Loreum Loreum&nbsp;</p>\r\n\r\n<p style=\"color: rgb(51, 51, 51); font-family: sans-serif,Arial,Verdana,&amp;quot;Trebuchet MS&amp;quot;; font-size: 14px; font-style: normal; font-variant: normal; font-weight: 400; letter-spacing: normal; orphans: 2; text-align: justify; text-decoration: none; text-indent: 0px; text-transform: none; -webkit-text-stroke-width: 0px; white-space: normal; word-spacing: 0px;\">Loreum Loreum&nbsp;</p>\r\n\r\n<p style=\"color: rgb(51, 51, 51); font-family: sans-serif,Arial,Verdana,&amp;quot;Trebuchet MS&amp;quot;; font-size: 14px; font-style: normal; font-variant: normal; font-weight: 400; letter-spacing: normal; orphans: 2; text-align: justify; text-decoration: none; text-indent: 0px; text-transform: none; -webkit-text-stroke-width: 0px; white-space: normal; word-spacing: 0px;\">Loreum Loreum&nbsp;</p>\r\n\r\n<p style=\"color: rgb(51, 51, 51); font-family: sans-serif,Arial,Verdana,&amp;quot;Trebuchet MS&amp;quot;; font-size: 14px; font-style: normal; font-variant: normal; font-weight: 400; letter-spacing: normal; orphans: 2; text-align: justify; text-decoration: none; text-indent: 0px; text-transform: none; -webkit-text-stroke-width: 0px; white-space: normal; word-spacing: 0px;\">Loreum Loreum&nbsp;</p>\r\n\r\n<p style=\"color: rgb(51, 51, 51); font-family: sans-serif,Arial,Verdana,&amp;quot;Trebuchet MS&amp;quot;; font-size: 14px; font-style: normal; font-variant: normal; font-weight: 400; letter-spacing: normal; orphans: 2; text-align: justify; text-decoration: none; text-indent: 0px; text-transform: none; -webkit-text-stroke-width: 0px; white-space: normal; word-spacing: 0px;\">Loreum Loreum&nbsp;</p>\r\n\r\n<p style=\"color: rgb(51, 51, 51); font-family: sans-serif,Arial,Verdana,&amp;quot;Trebuchet MS&amp;quot;; font-size: 14px; font-style: normal; font-variant: normal; font-weight: 400; letter-spacing: normal; orphans: 2; text-align: justify; text-decoration: none; text-indent: 0px; text-transform: none; -webkit-text-stroke-width: 0px; white-space: normal; word-spacing: 0px;\">Loreum Loreum&nbsp;Loreum Loreum&nbsp;Loreum Loreum&nbsp;</p>\r\n\r\n<p style=\"color: rgb(51, 51, 51); font-family: sans-serif,Arial,Verdana,&amp;quot;Trebuchet MS&amp;quot;; font-size: 14px; font-style: normal; font-variant: normal; font-weight: 400; letter-spacing: normal; orphans: 2; text-align: justify; text-decoration: none; text-indent: 0px; text-transform: none; -webkit-text-stroke-width: 0px; white-space: normal; word-spacing: 0px;\">Loreum Loreum&nbsp;</p>\r\n\r\n<p style=\"color: rgb(51, 51, 51); font-family: sans-serif,Arial,Verdana,&amp;quot;Trebuchet MS&amp;quot;; font-size: 14px; font-style: normal; font-variant: normal; font-weight: 400; letter-spacing: normal; orphans: 2; text-align: justify; text-decoration: none; text-indent: 0px; text-transform: none; -webkit-text-stroke-width: 0px; white-space: normal; word-spacing: 0px;\">Loreum Loreum&nbsp;Loreum Loreum&nbsp;Loreum Loreum&nbsp;</p>\";s:13:\"package_image\";N;}'),
(111, 111, 'O:8:\"stdClass\":14:{s:4:\"name\";s:18:\"Veretto Restaurant\";s:5:\"image\";s:47:\"restaurant/d3aa6a86e89f688a1728c16cd8e27d05.jpg\";s:12:\"phone_number\";s:9:\"123567888\";s:5:\"email\";s:21:\"veretto23@yopmail.com\";s:11:\"amount_type\";N;s:6:\"amount\";N;s:7:\"address\";s:62:\"025 SPG Livingston Street, Brooklyn, NY 1183301, United States\";s:8:\"landmark\";s:8:\"Brooklyn\";s:7:\"zipcode\";s:5:\"56555\";s:4:\"city\";s:8:\"Brooklyn\";s:8:\"latitude\";s:18:\"40.679057143012265\";s:9:\"longitude\";s:18:\"-73.93926555075684\";s:15:\"currency_symbol\";s:1:\"$\";s:13:\"currency_code\";s:3:\"USD\";}', 'a:2:{s:10:\"first_name\";s:4:\"Demo\";s:9:\"last_name\";s:4:\"User\";}', ''),
(113, 113, 'O:8:\"stdClass\":14:{s:4:\"name\";s:18:\"Veretto Restaurant\";s:5:\"image\";s:47:\"restaurant/d3aa6a86e89f688a1728c16cd8e27d05.jpg\";s:12:\"phone_number\";s:9:\"123567888\";s:5:\"email\";s:21:\"veretto23@yopmail.com\";s:11:\"amount_type\";N;s:6:\"amount\";N;s:7:\"address\";s:62:\"025 SPG Livingston Street, Brooklyn, NY 1183301, United States\";s:8:\"landmark\";s:8:\"Brooklyn\";s:7:\"zipcode\";s:5:\"56555\";s:4:\"city\";s:8:\"Brooklyn\";s:8:\"latitude\";s:18:\"40.679057143012265\";s:9:\"longitude\";s:18:\"-73.93926555075684\";s:15:\"currency_symbol\";s:1:\"$\";s:13:\"currency_code\";s:3:\"USD\";}', 'a:2:{s:10:\"first_name\";N;s:9:\"last_name\";s:0:\"\";}', ''),
(114, 114, 'O:8:\"stdClass\":14:{s:4:\"name\";s:18:\"Veretto Restaurant\";s:5:\"image\";s:47:\"restaurant/d3aa6a86e89f688a1728c16cd8e27d05.jpg\";s:12:\"phone_number\";s:9:\"123567888\";s:5:\"email\";s:21:\"veretto23@yopmail.com\";s:11:\"amount_type\";N;s:6:\"amount\";N;s:7:\"address\";s:62:\"025 SPG Livingston Street, Brooklyn, NY 1183301, United States\";s:8:\"landmark\";s:8:\"Brooklyn\";s:7:\"zipcode\";s:5:\"56555\";s:4:\"city\";s:8:\"Brooklyn\";s:8:\"latitude\";s:18:\"40.679057143012265\";s:9:\"longitude\";s:18:\"-73.93926555075684\";s:15:\"currency_symbol\";s:1:\"$\";s:13:\"currency_code\";s:3:\"USD\";}', 'a:2:{s:10:\"first_name\";s:7:\"Ranajit\";s:9:\"last_name\";s:0:\"\";}', ''),
(115, 115, 'O:8:\"stdClass\":14:{s:4:\"name\";s:18:\"Veretto Restaurant\";s:5:\"image\";s:47:\"restaurant/d3aa6a86e89f688a1728c16cd8e27d05.jpg\";s:12:\"phone_number\";s:9:\"123567888\";s:5:\"email\";s:21:\"veretto23@yopmail.com\";s:11:\"amount_type\";N;s:6:\"amount\";N;s:7:\"address\";s:62:\"025 SPG Livingston Street, Brooklyn, NY 1183301, United States\";s:8:\"landmark\";s:8:\"Brooklyn\";s:7:\"zipcode\";s:5:\"56555\";s:4:\"city\";s:8:\"Brooklyn\";s:8:\"latitude\";s:18:\"40.679057143012265\";s:9:\"longitude\";s:18:\"-73.93926555075684\";s:15:\"currency_symbol\";s:1:\"$\";s:13:\"currency_code\";s:3:\"USD\";}', 'a:2:{s:10:\"first_name\";s:7:\"Surabhi\";s:9:\"last_name\";s:5:\"Tomer\";}', ''),
(116, 116, 'O:8:\"stdClass\":14:{s:4:\"name\";s:18:\"Veretto Restaurant\";s:5:\"image\";s:47:\"restaurant/d3aa6a86e89f688a1728c16cd8e27d05.jpg\";s:12:\"phone_number\";s:9:\"123567888\";s:5:\"email\";s:21:\"veretto23@yopmail.com\";s:11:\"amount_type\";N;s:6:\"amount\";N;s:7:\"address\";s:62:\"025 SPG Livingston Street, Brooklyn, NY 1183301, United States\";s:8:\"landmark\";s:8:\"Brooklyn\";s:7:\"zipcode\";s:5:\"56555\";s:4:\"city\";s:8:\"Brooklyn\";s:8:\"latitude\";s:18:\"40.679057143012265\";s:9:\"longitude\";s:18:\"-73.93926555075684\";s:15:\"currency_symbol\";s:1:\"$\";s:13:\"currency_code\";s:3:\"USD\";}', 'a:2:{s:10:\"first_name\";s:7:\"Surabhi\";s:9:\"last_name\";s:5:\"Tomer\";}', ''),
(117, 117, 'O:8:\"stdClass\":14:{s:4:\"name\";s:4:\"test\";s:5:\"image\";N;s:12:\"phone_number\";s:8:\"23334443\";s:5:\"email\";s:9:\"dfg@bs.dw\";s:11:\"amount_type\";N;s:6:\"amount\";N;s:7:\"address\";s:6:\"vsbc x\";s:8:\"landmark\";s:3:\"dfv\";s:7:\"zipcode\";s:5:\"23434\";s:4:\"city\";s:3:\"dvs\";s:8:\"latitude\";s:18:\"23.023131953634117\";s:9:\"longitude\";s:17:\"72.56071407928468\";s:15:\"currency_symbol\";s:2:\"Fr\";s:13:\"currency_code\";s:3:\"XOF\";}', 'a:2:{s:10:\"first_name\";s:7:\"Surabhi\";s:9:\"last_name\";s:5:\"Tomer\";}', ''),
(118, 118, 'O:8:\"stdClass\":14:{s:4:\"name\";s:13:\"Doner & Gyros\";s:5:\"image\";s:47:\"restaurant/8162364a46c77c090de3f36706172d1b.jpg\";s:12:\"phone_number\";s:10:\"7878787878\";s:5:\"email\";s:19:\"doner12@yopmail.com\";s:11:\"amount_type\";N;s:6:\"amount\";N;s:7:\"address\";s:50:\"72 Street, WVRF+V4 San Tome, Anzoategui, Venezuela\";s:8:\"landmark\";s:10:\"Anzoategui\";s:7:\"zipcode\";s:6:\"123456\";s:4:\"city\";s:10:\"Anzoategui\";s:8:\"latitude\";s:17:\"8.943501703492087\";s:9:\"longitude\";s:18:\"-64.12680126190185\";s:15:\"currency_symbol\";s:1:\"$\";s:13:\"currency_code\";s:3:\"USD\";}', 'a:2:{s:10:\"first_name\";s:7:\"Surabhi\";s:9:\"last_name\";s:5:\"Tomer\";}', ''),
(119, 119, 'O:8:\"stdClass\":14:{s:4:\"name\";s:13:\"Doner & Gyros\";s:5:\"image\";s:47:\"restaurant/8162364a46c77c090de3f36706172d1b.jpg\";s:12:\"phone_number\";s:10:\"7878787878\";s:5:\"email\";s:19:\"doner12@yopmail.com\";s:11:\"amount_type\";N;s:6:\"amount\";N;s:7:\"address\";s:50:\"72 Street, WVRF+V4 San Tome, Anzoategui, Venezuela\";s:8:\"landmark\";s:10:\"Anzoategui\";s:7:\"zipcode\";s:6:\"123456\";s:4:\"city\";s:10:\"Anzoategui\";s:8:\"latitude\";s:17:\"8.943501703492087\";s:9:\"longitude\";s:18:\"-64.12680126190185\";s:15:\"currency_symbol\";s:1:\"$\";s:13:\"currency_code\";s:3:\"USD\";}', 'a:2:{s:10:\"first_name\";s:7:\"Surabhi\";s:9:\"last_name\";s:5:\"Tomer\";}', ''),
(120, 120, 'O:8:\"stdClass\":14:{s:4:\"name\";s:18:\"Veretto Restaurant\";s:5:\"image\";s:47:\"restaurant/d3aa6a86e89f688a1728c16cd8e27d05.jpg\";s:12:\"phone_number\";s:9:\"123567888\";s:5:\"email\";s:21:\"veretto23@yopmail.com\";s:11:\"amount_type\";N;s:6:\"amount\";N;s:7:\"address\";s:62:\"025 SPG Livingston Street, Brooklyn, NY 1183301, United States\";s:8:\"landmark\";s:8:\"Brooklyn\";s:7:\"zipcode\";s:5:\"56555\";s:4:\"city\";s:8:\"Brooklyn\";s:8:\"latitude\";s:18:\"40.679057143012265\";s:9:\"longitude\";s:18:\"-73.93926555075684\";s:15:\"currency_symbol\";s:1:\"$\";s:13:\"currency_code\";s:3:\"USD\";}', 'a:2:{s:10:\"first_name\";s:7:\"Surabhi\";s:9:\"last_name\";s:5:\"Tomer\";}', ''),
(121, 121, 'O:8:\"stdClass\":14:{s:4:\"name\";s:18:\"Veretto Restaurant\";s:5:\"image\";s:47:\"restaurant/d3aa6a86e89f688a1728c16cd8e27d05.jpg\";s:12:\"phone_number\";s:9:\"123567888\";s:5:\"email\";s:21:\"veretto23@yopmail.com\";s:11:\"amount_type\";N;s:6:\"amount\";N;s:7:\"address\";s:62:\"025 SPG Livingston Street, Brooklyn, NY 1183301, United States\";s:8:\"landmark\";s:8:\"Brooklyn\";s:7:\"zipcode\";s:5:\"56555\";s:4:\"city\";s:8:\"Brooklyn\";s:8:\"latitude\";s:18:\"40.679057143012265\";s:9:\"longitude\";s:18:\"-73.93926555075684\";s:15:\"currency_symbol\";s:1:\"$\";s:13:\"currency_code\";s:3:\"USD\";}', 'a:2:{s:10:\"first_name\";s:7:\"Surabhi\";s:9:\"last_name\";s:5:\"Tomer\";}', ''),
(122, 122, 'O:8:\"stdClass\":14:{s:4:\"name\";s:18:\"Veretto Restaurant\";s:5:\"image\";s:47:\"restaurant/d3aa6a86e89f688a1728c16cd8e27d05.jpg\";s:12:\"phone_number\";s:9:\"123567888\";s:5:\"email\";s:21:\"veretto23@yopmail.com\";s:11:\"amount_type\";N;s:6:\"amount\";N;s:7:\"address\";s:62:\"025 SPG Livingston Street, Brooklyn, NY 1183301, United States\";s:8:\"landmark\";s:8:\"Brooklyn\";s:7:\"zipcode\";s:5:\"56555\";s:4:\"city\";s:8:\"Brooklyn\";s:8:\"latitude\";s:18:\"40.679057143012265\";s:9:\"longitude\";s:18:\"-73.93926555075684\";s:15:\"currency_symbol\";s:1:\"$\";s:13:\"currency_code\";s:3:\"USD\";}', 'a:2:{s:10:\"first_name\";s:7:\"Ranajit\";s:9:\"last_name\";s:0:\"\";}', ''),
(123, 123, 'O:8:\"stdClass\":14:{s:4:\"name\";s:22:\"Homewoodiee Restaurant\";s:5:\"image\";s:47:\"restaurant/f4f4820cd261cde4d2117bf955633129.jpg\";s:12:\"phone_number\";s:10:\"9465665999\";s:5:\"email\";s:22:\"homewood12@yopmail.com\";s:11:\"amount_type\";N;s:6:\"amount\";N;s:7:\"address\";s:56:\"VRV9+HF San José de Gaauanipa, Anzjfgoategui, Venezuela\";s:8:\"landmark\";s:8:\"Gaauanip\";s:7:\"zipcode\";s:5:\"12356\";s:4:\"city\";s:9:\"Gaauanipa\";s:8:\"latitude\";s:18:\"23.056392952426066\";s:9:\"longitude\";s:16:\"72.5600703491211\";s:15:\"currency_symbol\";s:1:\"$\";s:13:\"currency_code\";s:3:\"USD\";}', 'a:2:{s:10:\"first_name\";s:7:\"Ranajit\";s:9:\"last_name\";s:0:\"\";}', ''),
(124, 124, 'O:8:\"stdClass\":14:{s:4:\"name\";s:13:\"Doner & Gyros\";s:5:\"image\";s:47:\"restaurant/8162364a46c77c090de3f36706172d1b.jpg\";s:12:\"phone_number\";s:10:\"7878787878\";s:5:\"email\";s:19:\"doner12@yopmail.com\";s:11:\"amount_type\";N;s:6:\"amount\";N;s:7:\"address\";s:50:\"72 Street, WVRF+V4 San Tome, Anzoategui, Venezuela\";s:8:\"landmark\";s:10:\"Anzoategui\";s:7:\"zipcode\";s:6:\"123456\";s:4:\"city\";s:10:\"Anzoategui\";s:8:\"latitude\";s:17:\"8.943501703492087\";s:9:\"longitude\";s:18:\"-64.12680126190185\";s:15:\"currency_symbol\";s:1:\"$\";s:13:\"currency_code\";s:3:\"USD\";}', 'a:2:{s:10:\"first_name\";s:7:\"Ranajit\";s:9:\"last_name\";s:0:\"\";}', '');
INSERT INTO `event_detail` (`entity_id`, `event_id`, `restaurant_detail`, `user_detail`, `package_detail`) VALUES
(125, 125, 'O:8:\"stdClass\":14:{s:4:\"name\";s:18:\"Veretto Restaurant\";s:5:\"image\";s:47:\"restaurant/d3aa6a86e89f688a1728c16cd8e27d05.jpg\";s:12:\"phone_number\";s:9:\"123567888\";s:5:\"email\";s:21:\"veretto23@yopmail.com\";s:11:\"amount_type\";N;s:6:\"amount\";N;s:7:\"address\";s:62:\"025 SPG Livingston Street, Brooklyn, NY 1183301, United States\";s:8:\"landmark\";s:8:\"Brooklyn\";s:7:\"zipcode\";s:5:\"56555\";s:4:\"city\";s:8:\"Brooklyn\";s:8:\"latitude\";s:18:\"40.679057143012265\";s:9:\"longitude\";s:18:\"-73.93926555075684\";s:15:\"currency_symbol\";s:1:\"$\";s:13:\"currency_code\";s:3:\"USD\";}', 'a:2:{s:10:\"first_name\";s:7:\"Ranajit\";s:9:\"last_name\";s:0:\"\";}', ''),
(126, 126, 'O:8:\"stdClass\":14:{s:4:\"name\";s:19:\"Ballroom Restaurant\";s:5:\"image\";s:47:\"restaurant/e072257c814f4602e62cd2da35605217.jpg\";s:12:\"phone_number\";s:9:\"789561233\";s:5:\"email\";s:20:\"ballroom12@gmail.com\";s:11:\"amount_type\";N;s:6:\"amount\";N;s:7:\"address\";s:61:\"1803 Rhode Island Ave NE, Washington, DC 20018, United States\";s:8:\"landmark\";s:10:\"Washington\";s:7:\"zipcode\";s:5:\"15562\";s:4:\"city\";s:10:\"Washington\";s:8:\"latitude\";s:10:\"38.9278681\";s:9:\"longitude\";s:9:\"-76.97792\";s:15:\"currency_symbol\";s:1:\"$\";s:13:\"currency_code\";s:3:\"USD\";}', 'a:2:{s:10:\"first_name\";s:7:\"Surabhi\";s:9:\"last_name\";s:5:\"Tomer\";}', ''),
(127, 127, 'O:8:\"stdClass\":14:{s:4:\"name\";s:18:\"Veretto Restaurant\";s:5:\"image\";s:47:\"restaurant/d3aa6a86e89f688a1728c16cd8e27d05.jpg\";s:12:\"phone_number\";s:9:\"123567888\";s:5:\"email\";s:21:\"veretto23@yopmail.com\";s:11:\"amount_type\";N;s:6:\"amount\";N;s:7:\"address\";s:62:\"025 SPG Livingston Street, Brooklyn, NY 1183301, United States\";s:8:\"landmark\";s:8:\"Brooklyn\";s:7:\"zipcode\";s:5:\"56555\";s:4:\"city\";s:8:\"Brooklyn\";s:8:\"latitude\";s:18:\"40.679057143012265\";s:9:\"longitude\";s:18:\"-73.93926555075684\";s:15:\"currency_symbol\";s:1:\"$\";s:13:\"currency_code\";s:3:\"USD\";}', 'a:2:{s:10:\"first_name\";s:7:\"Surabhi\";s:9:\"last_name\";s:5:\"Tomer\";}', ''),
(128, 128, 'O:8:\"stdClass\":14:{s:4:\"name\";s:18:\"Veretto Restaurant\";s:5:\"image\";s:47:\"restaurant/d3aa6a86e89f688a1728c16cd8e27d05.jpg\";s:12:\"phone_number\";s:9:\"123567888\";s:5:\"email\";s:21:\"veretto23@yopmail.com\";s:11:\"amount_type\";N;s:6:\"amount\";N;s:7:\"address\";s:62:\"025 SPG Livingston Street, Brooklyn, NY 1183301, United States\";s:8:\"landmark\";s:8:\"Brooklyn\";s:7:\"zipcode\";s:5:\"56555\";s:4:\"city\";s:8:\"Brooklyn\";s:8:\"latitude\";s:18:\"40.679057143012265\";s:9:\"longitude\";s:18:\"-73.93926555075684\";s:15:\"currency_symbol\";s:1:\"$\";s:13:\"currency_code\";s:3:\"USD\";}', 'a:2:{s:10:\"first_name\";s:7:\"Surabhi\";s:9:\"last_name\";s:5:\"Tomer\";}', ''),
(129, 129, 'O:8:\"stdClass\":14:{s:4:\"name\";s:14:\"The Restaur IN\";s:5:\"image\";s:47:\"restaurant/ad5e5b1abc85bb890a2f823ab1d7be8e.jpg\";s:12:\"phone_number\";s:10:\"9999999994\";s:5:\"email\";s:14:\"paul@evdpl.com\";s:11:\"amount_type\";N;s:6:\"amount\";N;s:7:\"address\";s:63:\"Park Avenue South,5th Floor, New York City, New York, 10016 USA\";s:8:\"landmark\";s:12:\"South Corner\";s:7:\"zipcode\";s:6:\"090909\";s:4:\"city\";s:4:\"CITY\";s:8:\"latitude\";s:10:\"23.0705655\";s:9:\"longitude\";s:17:\"72.52157609999999\";s:15:\"currency_symbol\";s:1:\"$\";s:13:\"currency_code\";s:3:\"CAD\";}', 'a:2:{s:10:\"first_name\";s:7:\"Surabhi\";s:9:\"last_name\";s:5:\"Tomer\";}', 'a:4:{s:13:\"package_price\";s:7:\"8085.00\";s:12:\"package_name\";s:63:\"Salted Butter Caramel Ice Cream Salted Butter Caramel Ice Cream\";s:14:\"package_detail\";s:5839:\"<p>Loreum Loreum&nbsp;Loreum Loreum&nbsp;Loreum Loreum&nbsp;Loreum Loreum&nbsp;Loreum Loreum&nbsp;Loreum Loreum&nbsp;</p>\r\n\r\n<p style=\"color: rgb(51, 51, 51); font-family: sans-serif,Arial,Verdana,&amp;quot;Trebuchet MS&amp;quot;; font-size: 14px; font-style: normal; font-variant: normal; font-weight: 400; letter-spacing: normal; orphans: 2; text-align: justify; text-decoration: none; text-indent: 0px; text-transform: none; -webkit-text-stroke-width: 0px; white-space: normal; word-spacing: 0px;\">Loreum Loreum&nbsp;</p>\r\n\r\n<p style=\"color: rgb(51, 51, 51); font-family: sans-serif,Arial,Verdana,&amp;quot;Trebuchet MS&amp;quot;; font-size: 14px; font-style: normal; font-variant: normal; font-weight: 400; letter-spacing: normal; orphans: 2; text-align: justify; text-decoration: none; text-indent: 0px; text-transform: none; -webkit-text-stroke-width: 0px; white-space: normal; word-spacing: 0px;\">Loreum Loreum&nbsp;</p>\r\n\r\n<p style=\"color: rgb(51, 51, 51); font-family: sans-serif,Arial,Verdana,&amp;quot;Trebuchet MS&amp;quot;; font-size: 14px; font-style: normal; font-variant: normal; font-weight: 400; letter-spacing: normal; orphans: 2; text-align: justify; text-decoration: none; text-indent: 0px; text-transform: none; -webkit-text-stroke-width: 0px; white-space: normal; word-spacing: 0px;\">Loreum Loreum&nbsp;</p>\r\n\r\n<p style=\"color: rgb(51, 51, 51); font-family: sans-serif,Arial,Verdana,&amp;quot;Trebuchet MS&amp;quot;; font-size: 14px; font-style: normal; font-variant: normal; font-weight: 400; letter-spacing: normal; orphans: 2; text-align: justify; text-decoration: none; text-indent: 0px; text-transform: none; -webkit-text-stroke-width: 0px; white-space: normal; word-spacing: 0px;\">Loreum Loreum&nbsp;</p>\r\n\r\n<p style=\"color: rgb(51, 51, 51); font-family: sans-serif,Arial,Verdana,&amp;quot;Trebuchet MS&amp;quot;; font-size: 14px; font-style: normal; font-variant: normal; font-weight: 400; letter-spacing: normal; orphans: 2; text-align: justify; text-decoration: none; text-indent: 0px; text-transform: none; -webkit-text-stroke-width: 0px; white-space: normal; word-spacing: 0px;\">Loreum Loreum&nbsp;</p>\r\n\r\n<p style=\"color: rgb(51, 51, 51); font-family: sans-serif,Arial,Verdana,&amp;quot;Trebuchet MS&amp;quot;; font-size: 14px; font-style: normal; font-variant: normal; font-weight: 400; letter-spacing: normal; orphans: 2; text-align: justify; text-decoration: none; text-indent: 0px; text-transform: none; -webkit-text-stroke-width: 0px; white-space: normal; word-spacing: 0px;\">Loreum Loreum&nbsp;</p>\r\n\r\n<p style=\"color: rgb(51, 51, 51); font-family: sans-serif,Arial,Verdana,&amp;quot;Trebuchet MS&amp;quot;; font-size: 14px; font-style: normal; font-variant: normal; font-weight: 400; letter-spacing: normal; orphans: 2; text-align: justify; text-decoration: none; text-indent: 0px; text-transform: none; -webkit-text-stroke-width: 0px; white-space: normal; word-spacing: 0px;\">Loreum Loreum&nbsp;</p>\r\n\r\n<p style=\"color: rgb(51, 51, 51); font-family: sans-serif,Arial,Verdana,&amp;quot;Trebuchet MS&amp;quot;; font-size: 14px; font-style: normal; font-variant: normal; font-weight: 400; letter-spacing: normal; orphans: 2; text-align: justify; text-decoration: none; text-indent: 0px; text-transform: none; -webkit-text-stroke-width: 0px; white-space: normal; word-spacing: 0px;\">Loreum Loreum&nbsp;</p>\r\n\r\n<p style=\"color: rgb(51, 51, 51); font-family: sans-serif,Arial,Verdana,&amp;quot;Trebuchet MS&amp;quot;; font-size: 14px; font-style: normal; font-variant: normal; font-weight: 400; letter-spacing: normal; orphans: 2; text-align: justify; text-decoration: none; text-indent: 0px; text-transform: none; -webkit-text-stroke-width: 0px; white-space: normal; word-spacing: 0px;\">Loreum Loreum&nbsp;</p>\r\n\r\n<p style=\"color: rgb(51, 51, 51); font-family: sans-serif,Arial,Verdana,&amp;quot;Trebuchet MS&amp;quot;; font-size: 14px; font-style: normal; font-variant: normal; font-weight: 400; letter-spacing: normal; orphans: 2; text-align: justify; text-decoration: none; text-indent: 0px; text-transform: none; -webkit-text-stroke-width: 0px; white-space: normal; word-spacing: 0px;\">Loreum Loreum&nbsp;</p>\r\n\r\n<p style=\"color: rgb(51, 51, 51); font-family: sans-serif,Arial,Verdana,&amp;quot;Trebuchet MS&amp;quot;; font-size: 14px; font-style: normal; font-variant: normal; font-weight: 400; letter-spacing: normal; orphans: 2; text-align: justify; text-decoration: none; text-indent: 0px; text-transform: none; -webkit-text-stroke-width: 0px; white-space: normal; word-spacing: 0px;\">Loreum Loreum&nbsp;</p>\r\n\r\n<p style=\"color: rgb(51, 51, 51); font-family: sans-serif,Arial,Verdana,&amp;quot;Trebuchet MS&amp;quot;; font-size: 14px; font-style: normal; font-variant: normal; font-weight: 400; letter-spacing: normal; orphans: 2; text-align: justify; text-decoration: none; text-indent: 0px; text-transform: none; -webkit-text-stroke-width: 0px; white-space: normal; word-spacing: 0px;\">Loreum Loreum&nbsp;Loreum Loreum&nbsp;Loreum Loreum&nbsp;</p>\r\n\r\n<p style=\"color: rgb(51, 51, 51); font-family: sans-serif,Arial,Verdana,&amp;quot;Trebuchet MS&amp;quot;; font-size: 14px; font-style: normal; font-variant: normal; font-weight: 400; letter-spacing: normal; orphans: 2; text-align: justify; text-decoration: none; text-indent: 0px; text-transform: none; -webkit-text-stroke-width: 0px; white-space: normal; word-spacing: 0px;\">Loreum Loreum&nbsp;</p>\r\n\r\n<p style=\"color: rgb(51, 51, 51); font-family: sans-serif,Arial,Verdana,&amp;quot;Trebuchet MS&amp;quot;; font-size: 14px; font-style: normal; font-variant: normal; font-weight: 400; letter-spacing: normal; orphans: 2; text-align: justify; text-decoration: none; text-indent: 0px; text-transform: none; -webkit-text-stroke-width: 0px; white-space: normal; word-spacing: 0px;\">Loreum Loreum&nbsp;Loreum Loreum&nbsp;Loreum Loreum&nbsp;</p>\";s:13:\"package_image\";N;}'),
(130, 130, 'O:8:\"stdClass\":14:{s:4:\"name\";s:12:\"Pizza Palace\";s:5:\"image\";s:47:\"restaurant/f8b4c502d1e54348b76c88fb45e63a4e.jpg\";s:12:\"phone_number\";s:7:\"6879722\";s:5:\"email\";s:21:\"pizzapalace@gmail.com\";s:11:\"amount_type\";s:6:\"Amount\";s:6:\"amount\";s:5:\"10.00\";s:7:\"address\";s:22:\"Pizza Place London, UK\";s:8:\"landmark\";s:13:\"Covent Garden\";s:7:\"zipcode\";s:6:\"675787\";s:4:\"city\";s:6:\"London\";s:8:\"latitude\";s:17:\"51.51456899999999\";s:9:\"longitude\";s:10:\"-0.1264329\";s:15:\"currency_symbol\";s:1:\"$\";s:13:\"currency_code\";s:3:\"USD\";}', 'a:2:{s:10:\"first_name\";s:7:\"Ranajit\";s:9:\"last_name\";s:0:\"\";}', ''),
(131, 131, 'O:8:\"stdClass\":14:{s:4:\"name\";s:14:\"The Restaur IN\";s:5:\"image\";s:47:\"restaurant/ad5e5b1abc85bb890a2f823ab1d7be8e.jpg\";s:12:\"phone_number\";s:10:\"9999999994\";s:5:\"email\";s:14:\"paul@evdpl.com\";s:11:\"amount_type\";N;s:6:\"amount\";N;s:7:\"address\";s:63:\"Park Avenue South,5th Floor, New York City, New York, 10016 USA\";s:8:\"landmark\";s:12:\"South Corner\";s:7:\"zipcode\";s:6:\"090909\";s:4:\"city\";s:4:\"CITY\";s:8:\"latitude\";s:10:\"23.0705655\";s:9:\"longitude\";s:17:\"72.52157609999999\";s:15:\"currency_symbol\";s:1:\"$\";s:13:\"currency_code\";s:3:\"CAD\";}', 'a:2:{s:10:\"first_name\";s:7:\"Surabhi\";s:9:\"last_name\";s:5:\"Tomer\";}', 'a:4:{s:13:\"package_price\";s:7:\"8085.00\";s:12:\"package_name\";s:63:\"Salted Butter Caramel Ice Cream Salted Butter Caramel Ice Cream\";s:14:\"package_detail\";s:5839:\"<p>Loreum Loreum&nbsp;Loreum Loreum&nbsp;Loreum Loreum&nbsp;Loreum Loreum&nbsp;Loreum Loreum&nbsp;Loreum Loreum&nbsp;</p>\r\n\r\n<p style=\"color: rgb(51, 51, 51); font-family: sans-serif,Arial,Verdana,&amp;quot;Trebuchet MS&amp;quot;; font-size: 14px; font-style: normal; font-variant: normal; font-weight: 400; letter-spacing: normal; orphans: 2; text-align: justify; text-decoration: none; text-indent: 0px; text-transform: none; -webkit-text-stroke-width: 0px; white-space: normal; word-spacing: 0px;\">Loreum Loreum&nbsp;</p>\r\n\r\n<p style=\"color: rgb(51, 51, 51); font-family: sans-serif,Arial,Verdana,&amp;quot;Trebuchet MS&amp;quot;; font-size: 14px; font-style: normal; font-variant: normal; font-weight: 400; letter-spacing: normal; orphans: 2; text-align: justify; text-decoration: none; text-indent: 0px; text-transform: none; -webkit-text-stroke-width: 0px; white-space: normal; word-spacing: 0px;\">Loreum Loreum&nbsp;</p>\r\n\r\n<p style=\"color: rgb(51, 51, 51); font-family: sans-serif,Arial,Verdana,&amp;quot;Trebuchet MS&amp;quot;; font-size: 14px; font-style: normal; font-variant: normal; font-weight: 400; letter-spacing: normal; orphans: 2; text-align: justify; text-decoration: none; text-indent: 0px; text-transform: none; -webkit-text-stroke-width: 0px; white-space: normal; word-spacing: 0px;\">Loreum Loreum&nbsp;</p>\r\n\r\n<p style=\"color: rgb(51, 51, 51); font-family: sans-serif,Arial,Verdana,&amp;quot;Trebuchet MS&amp;quot;; font-size: 14px; font-style: normal; font-variant: normal; font-weight: 400; letter-spacing: normal; orphans: 2; text-align: justify; text-decoration: none; text-indent: 0px; text-transform: none; -webkit-text-stroke-width: 0px; white-space: normal; word-spacing: 0px;\">Loreum Loreum&nbsp;</p>\r\n\r\n<p style=\"color: rgb(51, 51, 51); font-family: sans-serif,Arial,Verdana,&amp;quot;Trebuchet MS&amp;quot;; font-size: 14px; font-style: normal; font-variant: normal; font-weight: 400; letter-spacing: normal; orphans: 2; text-align: justify; text-decoration: none; text-indent: 0px; text-transform: none; -webkit-text-stroke-width: 0px; white-space: normal; word-spacing: 0px;\">Loreum Loreum&nbsp;</p>\r\n\r\n<p style=\"color: rgb(51, 51, 51); font-family: sans-serif,Arial,Verdana,&amp;quot;Trebuchet MS&amp;quot;; font-size: 14px; font-style: normal; font-variant: normal; font-weight: 400; letter-spacing: normal; orphans: 2; text-align: justify; text-decoration: none; text-indent: 0px; text-transform: none; -webkit-text-stroke-width: 0px; white-space: normal; word-spacing: 0px;\">Loreum Loreum&nbsp;</p>\r\n\r\n<p style=\"color: rgb(51, 51, 51); font-family: sans-serif,Arial,Verdana,&amp;quot;Trebuchet MS&amp;quot;; font-size: 14px; font-style: normal; font-variant: normal; font-weight: 400; letter-spacing: normal; orphans: 2; text-align: justify; text-decoration: none; text-indent: 0px; text-transform: none; -webkit-text-stroke-width: 0px; white-space: normal; word-spacing: 0px;\">Loreum Loreum&nbsp;</p>\r\n\r\n<p style=\"color: rgb(51, 51, 51); font-family: sans-serif,Arial,Verdana,&amp;quot;Trebuchet MS&amp;quot;; font-size: 14px; font-style: normal; font-variant: normal; font-weight: 400; letter-spacing: normal; orphans: 2; text-align: justify; text-decoration: none; text-indent: 0px; text-transform: none; -webkit-text-stroke-width: 0px; white-space: normal; word-spacing: 0px;\">Loreum Loreum&nbsp;</p>\r\n\r\n<p style=\"color: rgb(51, 51, 51); font-family: sans-serif,Arial,Verdana,&amp;quot;Trebuchet MS&amp;quot;; font-size: 14px; font-style: normal; font-variant: normal; font-weight: 400; letter-spacing: normal; orphans: 2; text-align: justify; text-decoration: none; text-indent: 0px; text-transform: none; -webkit-text-stroke-width: 0px; white-space: normal; word-spacing: 0px;\">Loreum Loreum&nbsp;</p>\r\n\r\n<p style=\"color: rgb(51, 51, 51); font-family: sans-serif,Arial,Verdana,&amp;quot;Trebuchet MS&amp;quot;; font-size: 14px; font-style: normal; font-variant: normal; font-weight: 400; letter-spacing: normal; orphans: 2; text-align: justify; text-decoration: none; text-indent: 0px; text-transform: none; -webkit-text-stroke-width: 0px; white-space: normal; word-spacing: 0px;\">Loreum Loreum&nbsp;</p>\r\n\r\n<p style=\"color: rgb(51, 51, 51); font-family: sans-serif,Arial,Verdana,&amp;quot;Trebuchet MS&amp;quot;; font-size: 14px; font-style: normal; font-variant: normal; font-weight: 400; letter-spacing: normal; orphans: 2; text-align: justify; text-decoration: none; text-indent: 0px; text-transform: none; -webkit-text-stroke-width: 0px; white-space: normal; word-spacing: 0px;\">Loreum Loreum&nbsp;</p>\r\n\r\n<p style=\"color: rgb(51, 51, 51); font-family: sans-serif,Arial,Verdana,&amp;quot;Trebuchet MS&amp;quot;; font-size: 14px; font-style: normal; font-variant: normal; font-weight: 400; letter-spacing: normal; orphans: 2; text-align: justify; text-decoration: none; text-indent: 0px; text-transform: none; -webkit-text-stroke-width: 0px; white-space: normal; word-spacing: 0px;\">Loreum Loreum&nbsp;Loreum Loreum&nbsp;Loreum Loreum&nbsp;</p>\r\n\r\n<p style=\"color: rgb(51, 51, 51); font-family: sans-serif,Arial,Verdana,&amp;quot;Trebuchet MS&amp;quot;; font-size: 14px; font-style: normal; font-variant: normal; font-weight: 400; letter-spacing: normal; orphans: 2; text-align: justify; text-decoration: none; text-indent: 0px; text-transform: none; -webkit-text-stroke-width: 0px; white-space: normal; word-spacing: 0px;\">Loreum Loreum&nbsp;</p>\r\n\r\n<p style=\"color: rgb(51, 51, 51); font-family: sans-serif,Arial,Verdana,&amp;quot;Trebuchet MS&amp;quot;; font-size: 14px; font-style: normal; font-variant: normal; font-weight: 400; letter-spacing: normal; orphans: 2; text-align: justify; text-decoration: none; text-indent: 0px; text-transform: none; -webkit-text-stroke-width: 0px; white-space: normal; word-spacing: 0px;\">Loreum Loreum&nbsp;Loreum Loreum&nbsp;Loreum Loreum&nbsp;</p>\";s:13:\"package_image\";N;}'),
(132, 132, 'O:8:\"stdClass\":14:{s:4:\"name\";s:14:\"The Restaur IN\";s:5:\"image\";s:47:\"restaurant/ad5e5b1abc85bb890a2f823ab1d7be8e.jpg\";s:12:\"phone_number\";s:10:\"9999999994\";s:5:\"email\";s:14:\"paul@evdpl.com\";s:11:\"amount_type\";N;s:6:\"amount\";N;s:7:\"address\";s:63:\"Park Avenue South,5th Floor, New York City, New York, 10016 USA\";s:8:\"landmark\";s:12:\"South Corner\";s:7:\"zipcode\";s:6:\"090909\";s:4:\"city\";s:4:\"CITY\";s:8:\"latitude\";s:10:\"23.0705655\";s:9:\"longitude\";s:17:\"72.52157609999999\";s:15:\"currency_symbol\";s:1:\"$\";s:13:\"currency_code\";s:3:\"CAD\";}', 'a:2:{s:10:\"first_name\";s:7:\"Surabhi\";s:9:\"last_name\";s:5:\"Tomer\";}', 'a:4:{s:13:\"package_price\";s:7:\"8085.00\";s:12:\"package_name\";s:63:\"Salted Butter Caramel Ice Cream Salted Butter Caramel Ice Cream\";s:14:\"package_detail\";s:5839:\"<p>Loreum Loreum&nbsp;Loreum Loreum&nbsp;Loreum Loreum&nbsp;Loreum Loreum&nbsp;Loreum Loreum&nbsp;Loreum Loreum&nbsp;</p>\r\n\r\n<p style=\"color: rgb(51, 51, 51); font-family: sans-serif,Arial,Verdana,&amp;quot;Trebuchet MS&amp;quot;; font-size: 14px; font-style: normal; font-variant: normal; font-weight: 400; letter-spacing: normal; orphans: 2; text-align: justify; text-decoration: none; text-indent: 0px; text-transform: none; -webkit-text-stroke-width: 0px; white-space: normal; word-spacing: 0px;\">Loreum Loreum&nbsp;</p>\r\n\r\n<p style=\"color: rgb(51, 51, 51); font-family: sans-serif,Arial,Verdana,&amp;quot;Trebuchet MS&amp;quot;; font-size: 14px; font-style: normal; font-variant: normal; font-weight: 400; letter-spacing: normal; orphans: 2; text-align: justify; text-decoration: none; text-indent: 0px; text-transform: none; -webkit-text-stroke-width: 0px; white-space: normal; word-spacing: 0px;\">Loreum Loreum&nbsp;</p>\r\n\r\n<p style=\"color: rgb(51, 51, 51); font-family: sans-serif,Arial,Verdana,&amp;quot;Trebuchet MS&amp;quot;; font-size: 14px; font-style: normal; font-variant: normal; font-weight: 400; letter-spacing: normal; orphans: 2; text-align: justify; text-decoration: none; text-indent: 0px; text-transform: none; -webkit-text-stroke-width: 0px; white-space: normal; word-spacing: 0px;\">Loreum Loreum&nbsp;</p>\r\n\r\n<p style=\"color: rgb(51, 51, 51); font-family: sans-serif,Arial,Verdana,&amp;quot;Trebuchet MS&amp;quot;; font-size: 14px; font-style: normal; font-variant: normal; font-weight: 400; letter-spacing: normal; orphans: 2; text-align: justify; text-decoration: none; text-indent: 0px; text-transform: none; -webkit-text-stroke-width: 0px; white-space: normal; word-spacing: 0px;\">Loreum Loreum&nbsp;</p>\r\n\r\n<p style=\"color: rgb(51, 51, 51); font-family: sans-serif,Arial,Verdana,&amp;quot;Trebuchet MS&amp;quot;; font-size: 14px; font-style: normal; font-variant: normal; font-weight: 400; letter-spacing: normal; orphans: 2; text-align: justify; text-decoration: none; text-indent: 0px; text-transform: none; -webkit-text-stroke-width: 0px; white-space: normal; word-spacing: 0px;\">Loreum Loreum&nbsp;</p>\r\n\r\n<p style=\"color: rgb(51, 51, 51); font-family: sans-serif,Arial,Verdana,&amp;quot;Trebuchet MS&amp;quot;; font-size: 14px; font-style: normal; font-variant: normal; font-weight: 400; letter-spacing: normal; orphans: 2; text-align: justify; text-decoration: none; text-indent: 0px; text-transform: none; -webkit-text-stroke-width: 0px; white-space: normal; word-spacing: 0px;\">Loreum Loreum&nbsp;</p>\r\n\r\n<p style=\"color: rgb(51, 51, 51); font-family: sans-serif,Arial,Verdana,&amp;quot;Trebuchet MS&amp;quot;; font-size: 14px; font-style: normal; font-variant: normal; font-weight: 400; letter-spacing: normal; orphans: 2; text-align: justify; text-decoration: none; text-indent: 0px; text-transform: none; -webkit-text-stroke-width: 0px; white-space: normal; word-spacing: 0px;\">Loreum Loreum&nbsp;</p>\r\n\r\n<p style=\"color: rgb(51, 51, 51); font-family: sans-serif,Arial,Verdana,&amp;quot;Trebuchet MS&amp;quot;; font-size: 14px; font-style: normal; font-variant: normal; font-weight: 400; letter-spacing: normal; orphans: 2; text-align: justify; text-decoration: none; text-indent: 0px; text-transform: none; -webkit-text-stroke-width: 0px; white-space: normal; word-spacing: 0px;\">Loreum Loreum&nbsp;</p>\r\n\r\n<p style=\"color: rgb(51, 51, 51); font-family: sans-serif,Arial,Verdana,&amp;quot;Trebuchet MS&amp;quot;; font-size: 14px; font-style: normal; font-variant: normal; font-weight: 400; letter-spacing: normal; orphans: 2; text-align: justify; text-decoration: none; text-indent: 0px; text-transform: none; -webkit-text-stroke-width: 0px; white-space: normal; word-spacing: 0px;\">Loreum Loreum&nbsp;</p>\r\n\r\n<p style=\"color: rgb(51, 51, 51); font-family: sans-serif,Arial,Verdana,&amp;quot;Trebuchet MS&amp;quot;; font-size: 14px; font-style: normal; font-variant: normal; font-weight: 400; letter-spacing: normal; orphans: 2; text-align: justify; text-decoration: none; text-indent: 0px; text-transform: none; -webkit-text-stroke-width: 0px; white-space: normal; word-spacing: 0px;\">Loreum Loreum&nbsp;</p>\r\n\r\n<p style=\"color: rgb(51, 51, 51); font-family: sans-serif,Arial,Verdana,&amp;quot;Trebuchet MS&amp;quot;; font-size: 14px; font-style: normal; font-variant: normal; font-weight: 400; letter-spacing: normal; orphans: 2; text-align: justify; text-decoration: none; text-indent: 0px; text-transform: none; -webkit-text-stroke-width: 0px; white-space: normal; word-spacing: 0px;\">Loreum Loreum&nbsp;</p>\r\n\r\n<p style=\"color: rgb(51, 51, 51); font-family: sans-serif,Arial,Verdana,&amp;quot;Trebuchet MS&amp;quot;; font-size: 14px; font-style: normal; font-variant: normal; font-weight: 400; letter-spacing: normal; orphans: 2; text-align: justify; text-decoration: none; text-indent: 0px; text-transform: none; -webkit-text-stroke-width: 0px; white-space: normal; word-spacing: 0px;\">Loreum Loreum&nbsp;Loreum Loreum&nbsp;Loreum Loreum&nbsp;</p>\r\n\r\n<p style=\"color: rgb(51, 51, 51); font-family: sans-serif,Arial,Verdana,&amp;quot;Trebuchet MS&amp;quot;; font-size: 14px; font-style: normal; font-variant: normal; font-weight: 400; letter-spacing: normal; orphans: 2; text-align: justify; text-decoration: none; text-indent: 0px; text-transform: none; -webkit-text-stroke-width: 0px; white-space: normal; word-spacing: 0px;\">Loreum Loreum&nbsp;</p>\r\n\r\n<p style=\"color: rgb(51, 51, 51); font-family: sans-serif,Arial,Verdana,&amp;quot;Trebuchet MS&amp;quot;; font-size: 14px; font-style: normal; font-variant: normal; font-weight: 400; letter-spacing: normal; orphans: 2; text-align: justify; text-decoration: none; text-indent: 0px; text-transform: none; -webkit-text-stroke-width: 0px; white-space: normal; word-spacing: 0px;\">Loreum Loreum&nbsp;Loreum Loreum&nbsp;Loreum Loreum&nbsp;</p>\";s:13:\"package_image\";N;}'),
(133, 133, 'O:8:\"stdClass\":14:{s:4:\"name\";s:18:\"Veretto Restaurant\";s:5:\"image\";s:47:\"restaurant/d3aa6a86e89f688a1728c16cd8e27d05.jpg\";s:12:\"phone_number\";s:9:\"123567888\";s:5:\"email\";s:21:\"veretto23@yopmail.com\";s:11:\"amount_type\";N;s:6:\"amount\";N;s:7:\"address\";s:62:\"025 SPG Livingston Street, Brooklyn, NY 1183301, United States\";s:8:\"landmark\";s:8:\"Brooklyn\";s:7:\"zipcode\";s:5:\"56555\";s:4:\"city\";s:8:\"Brooklyn\";s:8:\"latitude\";s:18:\"40.679057143012265\";s:9:\"longitude\";s:18:\"-73.93926555075684\";s:15:\"currency_symbol\";s:1:\"$\";s:13:\"currency_code\";s:3:\"USD\";}', 'a:2:{s:10:\"first_name\";s:7:\"Ranajit\";s:9:\"last_name\";s:0:\"\";}', ''),
(134, 134, 'O:8:\"stdClass\":14:{s:4:\"name\";s:14:\"The Restaur IN\";s:5:\"image\";s:47:\"restaurant/ad5e5b1abc85bb890a2f823ab1d7be8e.jpg\";s:12:\"phone_number\";s:10:\"9999999994\";s:5:\"email\";s:14:\"paul@evdpl.com\";s:11:\"amount_type\";N;s:6:\"amount\";N;s:7:\"address\";s:63:\"Park Avenue South,5th Floor, New York City, New York, 10016 USA\";s:8:\"landmark\";s:12:\"South Corner\";s:7:\"zipcode\";s:6:\"090909\";s:4:\"city\";s:4:\"CITY\";s:8:\"latitude\";s:10:\"23.0705655\";s:9:\"longitude\";s:17:\"72.52157609999999\";s:15:\"currency_symbol\";s:1:\"$\";s:13:\"currency_code\";s:3:\"CAD\";}', 'a:2:{s:10:\"first_name\";s:7:\"Surabhi\";s:9:\"last_name\";s:5:\"Tomer\";}', 'a:4:{s:13:\"package_price\";s:7:\"8085.00\";s:12:\"package_name\";s:63:\"Salted Butter Caramel Ice Cream Salted Butter Caramel Ice Cream\";s:14:\"package_detail\";s:5839:\"<p>Loreum Loreum&nbsp;Loreum Loreum&nbsp;Loreum Loreum&nbsp;Loreum Loreum&nbsp;Loreum Loreum&nbsp;Loreum Loreum&nbsp;</p>\r\n\r\n<p style=\"color: rgb(51, 51, 51); font-family: sans-serif,Arial,Verdana,&amp;quot;Trebuchet MS&amp;quot;; font-size: 14px; font-style: normal; font-variant: normal; font-weight: 400; letter-spacing: normal; orphans: 2; text-align: justify; text-decoration: none; text-indent: 0px; text-transform: none; -webkit-text-stroke-width: 0px; white-space: normal; word-spacing: 0px;\">Loreum Loreum&nbsp;</p>\r\n\r\n<p style=\"color: rgb(51, 51, 51); font-family: sans-serif,Arial,Verdana,&amp;quot;Trebuchet MS&amp;quot;; font-size: 14px; font-style: normal; font-variant: normal; font-weight: 400; letter-spacing: normal; orphans: 2; text-align: justify; text-decoration: none; text-indent: 0px; text-transform: none; -webkit-text-stroke-width: 0px; white-space: normal; word-spacing: 0px;\">Loreum Loreum&nbsp;</p>\r\n\r\n<p style=\"color: rgb(51, 51, 51); font-family: sans-serif,Arial,Verdana,&amp;quot;Trebuchet MS&amp;quot;; font-size: 14px; font-style: normal; font-variant: normal; font-weight: 400; letter-spacing: normal; orphans: 2; text-align: justify; text-decoration: none; text-indent: 0px; text-transform: none; -webkit-text-stroke-width: 0px; white-space: normal; word-spacing: 0px;\">Loreum Loreum&nbsp;</p>\r\n\r\n<p style=\"color: rgb(51, 51, 51); font-family: sans-serif,Arial,Verdana,&amp;quot;Trebuchet MS&amp;quot;; font-size: 14px; font-style: normal; font-variant: normal; font-weight: 400; letter-spacing: normal; orphans: 2; text-align: justify; text-decoration: none; text-indent: 0px; text-transform: none; -webkit-text-stroke-width: 0px; white-space: normal; word-spacing: 0px;\">Loreum Loreum&nbsp;</p>\r\n\r\n<p style=\"color: rgb(51, 51, 51); font-family: sans-serif,Arial,Verdana,&amp;quot;Trebuchet MS&amp;quot;; font-size: 14px; font-style: normal; font-variant: normal; font-weight: 400; letter-spacing: normal; orphans: 2; text-align: justify; text-decoration: none; text-indent: 0px; text-transform: none; -webkit-text-stroke-width: 0px; white-space: normal; word-spacing: 0px;\">Loreum Loreum&nbsp;</p>\r\n\r\n<p style=\"color: rgb(51, 51, 51); font-family: sans-serif,Arial,Verdana,&amp;quot;Trebuchet MS&amp;quot;; font-size: 14px; font-style: normal; font-variant: normal; font-weight: 400; letter-spacing: normal; orphans: 2; text-align: justify; text-decoration: none; text-indent: 0px; text-transform: none; -webkit-text-stroke-width: 0px; white-space: normal; word-spacing: 0px;\">Loreum Loreum&nbsp;</p>\r\n\r\n<p style=\"color: rgb(51, 51, 51); font-family: sans-serif,Arial,Verdana,&amp;quot;Trebuchet MS&amp;quot;; font-size: 14px; font-style: normal; font-variant: normal; font-weight: 400; letter-spacing: normal; orphans: 2; text-align: justify; text-decoration: none; text-indent: 0px; text-transform: none; -webkit-text-stroke-width: 0px; white-space: normal; word-spacing: 0px;\">Loreum Loreum&nbsp;</p>\r\n\r\n<p style=\"color: rgb(51, 51, 51); font-family: sans-serif,Arial,Verdana,&amp;quot;Trebuchet MS&amp;quot;; font-size: 14px; font-style: normal; font-variant: normal; font-weight: 400; letter-spacing: normal; orphans: 2; text-align: justify; text-decoration: none; text-indent: 0px; text-transform: none; -webkit-text-stroke-width: 0px; white-space: normal; word-spacing: 0px;\">Loreum Loreum&nbsp;</p>\r\n\r\n<p style=\"color: rgb(51, 51, 51); font-family: sans-serif,Arial,Verdana,&amp;quot;Trebuchet MS&amp;quot;; font-size: 14px; font-style: normal; font-variant: normal; font-weight: 400; letter-spacing: normal; orphans: 2; text-align: justify; text-decoration: none; text-indent: 0px; text-transform: none; -webkit-text-stroke-width: 0px; white-space: normal; word-spacing: 0px;\">Loreum Loreum&nbsp;</p>\r\n\r\n<p style=\"color: rgb(51, 51, 51); font-family: sans-serif,Arial,Verdana,&amp;quot;Trebuchet MS&amp;quot;; font-size: 14px; font-style: normal; font-variant: normal; font-weight: 400; letter-spacing: normal; orphans: 2; text-align: justify; text-decoration: none; text-indent: 0px; text-transform: none; -webkit-text-stroke-width: 0px; white-space: normal; word-spacing: 0px;\">Loreum Loreum&nbsp;</p>\r\n\r\n<p style=\"color: rgb(51, 51, 51); font-family: sans-serif,Arial,Verdana,&amp;quot;Trebuchet MS&amp;quot;; font-size: 14px; font-style: normal; font-variant: normal; font-weight: 400; letter-spacing: normal; orphans: 2; text-align: justify; text-decoration: none; text-indent: 0px; text-transform: none; -webkit-text-stroke-width: 0px; white-space: normal; word-spacing: 0px;\">Loreum Loreum&nbsp;</p>\r\n\r\n<p style=\"color: rgb(51, 51, 51); font-family: sans-serif,Arial,Verdana,&amp;quot;Trebuchet MS&amp;quot;; font-size: 14px; font-style: normal; font-variant: normal; font-weight: 400; letter-spacing: normal; orphans: 2; text-align: justify; text-decoration: none; text-indent: 0px; text-transform: none; -webkit-text-stroke-width: 0px; white-space: normal; word-spacing: 0px;\">Loreum Loreum&nbsp;Loreum Loreum&nbsp;Loreum Loreum&nbsp;</p>\r\n\r\n<p style=\"color: rgb(51, 51, 51); font-family: sans-serif,Arial,Verdana,&amp;quot;Trebuchet MS&amp;quot;; font-size: 14px; font-style: normal; font-variant: normal; font-weight: 400; letter-spacing: normal; orphans: 2; text-align: justify; text-decoration: none; text-indent: 0px; text-transform: none; -webkit-text-stroke-width: 0px; white-space: normal; word-spacing: 0px;\">Loreum Loreum&nbsp;</p>\r\n\r\n<p style=\"color: rgb(51, 51, 51); font-family: sans-serif,Arial,Verdana,&amp;quot;Trebuchet MS&amp;quot;; font-size: 14px; font-style: normal; font-variant: normal; font-weight: 400; letter-spacing: normal; orphans: 2; text-align: justify; text-decoration: none; text-indent: 0px; text-transform: none; -webkit-text-stroke-width: 0px; white-space: normal; word-spacing: 0px;\">Loreum Loreum&nbsp;Loreum Loreum&nbsp;Loreum Loreum&nbsp;</p>\";s:13:\"package_image\";N;}'),
(135, 135, 'O:8:\"stdClass\":14:{s:4:\"name\";s:13:\"Cour de pizza\";s:5:\"image\";N;s:12:\"phone_number\";s:6:\"679879\";s:5:\"email\";s:21:\"pizzacourt1@gmail.com\";s:11:\"amount_type\";N;s:6:\"amount\";N;s:7:\"address\";s:53:\"Pizza Court, Olive St, Los Angeles, CA, United States\";s:8:\"landmark\";s:53:\"Pizza Court, Olive St, Los Angeles, CA, United States\";s:7:\"zipcode\";s:5:\"54644\";s:4:\"city\";s:3:\"dfh\";s:8:\"latitude\";s:18:\"23.076091771539428\";s:9:\"longitude\";s:17:\"72.53638107910157\";s:15:\"currency_symbol\";s:1:\"$\";s:13:\"currency_code\";s:3:\"USD\";}', 'a:2:{s:10:\"first_name\";s:11:\"Devikatest2\";s:9:\"last_name\";s:0:\"\";}', ''),
(136, 136, 'O:8:\"stdClass\":14:{s:4:\"name\";s:18:\"Veretto Restaurant\";s:5:\"image\";s:47:\"restaurant/d3aa6a86e89f688a1728c16cd8e27d05.jpg\";s:12:\"phone_number\";s:9:\"123567888\";s:5:\"email\";s:21:\"veretto23@yopmail.com\";s:11:\"amount_type\";N;s:6:\"amount\";N;s:7:\"address\";s:62:\"025 SPG Livingston Street, Brooklyn, NY 1183301, United States\";s:8:\"landmark\";s:8:\"Brooklyn\";s:7:\"zipcode\";s:5:\"56555\";s:4:\"city\";s:8:\"Brooklyn\";s:8:\"latitude\";s:18:\"40.679057143012265\";s:9:\"longitude\";s:18:\"-73.93926555075684\";s:15:\"currency_symbol\";s:1:\"$\";s:13:\"currency_code\";s:3:\"USD\";}', 'a:2:{s:10:\"first_name\";s:4:\"Test\";s:9:\"last_name\";s:4:\"User\";}', ''),
(137, 137, 'O:8:\"stdClass\":14:{s:4:\"name\";s:18:\"Veretto Restaurant\";s:5:\"image\";s:47:\"restaurant/d3aa6a86e89f688a1728c16cd8e27d05.jpg\";s:12:\"phone_number\";s:9:\"123567888\";s:5:\"email\";s:21:\"veretto23@yopmail.com\";s:11:\"amount_type\";N;s:6:\"amount\";N;s:7:\"address\";s:62:\"025 SPG Livingston Street, Brooklyn, NY 1183301, United States\";s:8:\"landmark\";s:8:\"Brooklyn\";s:7:\"zipcode\";s:5:\"56555\";s:4:\"city\";s:8:\"Brooklyn\";s:8:\"latitude\";s:18:\"40.679057143012265\";s:9:\"longitude\";s:18:\"-73.93926555075684\";s:15:\"currency_symbol\";s:1:\"$\";s:13:\"currency_code\";s:3:\"USD\";}', 'a:2:{s:10:\"first_name\";s:4:\"Test\";s:9:\"last_name\";s:4:\"User\";}', ''),
(138, 138, 'O:8:\"stdClass\":14:{s:4:\"name\";s:18:\"Veretto Restaurant\";s:5:\"image\";s:47:\"\";s:12:\"phone_number\";s:9:\"123567888\";s:5:\"email\";s:21:\"veretto23@yopmail.com\";s:11:\"amount_type\";N;s:6:\"amount\";N;s:7:\"address\";s:62:\"025 SPG Livingston Street, Brooklyn, NY 1183301, United States\";s:8:\"landmark\";s:8:\"Brooklyn\";s:7:\"zipcode\";s:5:\"56555\";s:4:\"city\";s:8:\"Brooklyn\";s:8:\"latitude\";s:18:\"40.679057143012265\";s:9:\"longitude\";s:18:\"-73.93926555075684\";s:15:\"currency_symbol\";s:1:\"$\";s:13:\"currency_code\";s:3:\"USD\";}', 'a:2:{s:10:\"first_name\";s:11:\"Devikatest2\";s:9:\"last_name\";s:0:\"\";}', ''),
(139, 139, 'O:8:\"stdClass\":14:{s:4:\"name\";s:9:\"Pizza hut\";s:5:\"image\";s:47:\"\";s:12:\"phone_number\";s:7:\"4634775\";s:5:\"email\";s:18:\"pizzahut@gmail.com\";s:11:\"amount_type\";N;s:6:\"amount\";N;s:7:\"address\";s:28:\"Pizza Hut, Fairborn, OH, USA\";s:8:\"landmark\";s:24:\"Fairborn Municipal Court\";s:7:\"zipcode\";s:6:\"567868\";s:4:\"city\";s:2:\"OH\";s:8:\"latitude\";s:8:\"39.80529\";s:9:\"longitude\";s:9:\"-84.03116\";s:15:\"currency_symbol\";s:3:\"₹\";s:13:\"currency_code\";s:3:\"INR\";}', 'a:2:{s:10:\"first_name\";s:11:\"Devikatest2\";s:9:\"last_name\";s:0:\"\";}', 'a:4:{s:13:\"package_price\";s:6:\"350.00\";s:12:\"package_name\";s:5:\"Combo\";s:14:\"package_detail\";s:161:\"<p>Lorem Ipsum is simply dummy text of the printing and typesetting industry.&nbsp;Lorem Ipsum is simply dummy text of the printing and typesetting industry.</p>\";s:13:\"package_image\";N;}'),
(140, 140, 'O:8:\"stdClass\":14:{s:4:\"name\";s:9:\"Pizza hut\";s:5:\"image\";s:47:\"\";s:12:\"phone_number\";s:7:\"4634775\";s:5:\"email\";s:18:\"pizzahut@gmail.com\";s:11:\"amount_type\";N;s:6:\"amount\";N;s:7:\"address\";s:28:\"Pizza Hut, Fairborn, OH, USA\";s:8:\"landmark\";s:24:\"Fairborn Municipal Court\";s:7:\"zipcode\";s:6:\"567868\";s:4:\"city\";s:2:\"OH\";s:8:\"latitude\";s:8:\"39.80529\";s:9:\"longitude\";s:9:\"-84.03116\";s:15:\"currency_symbol\";s:3:\"₹\";s:13:\"currency_code\";s:3:\"INR\";}', 'a:2:{s:10:\"first_name\";s:11:\"Devikatest2\";s:9:\"last_name\";s:0:\"\";}', 'a:4:{s:13:\"package_price\";s:6:\"350.00\";s:12:\"package_name\";s:5:\"Combo\";s:14:\"package_detail\";s:161:\"<p>Lorem Ipsum is simply dummy text of the printing and typesetting industry.&nbsp;Lorem Ipsum is simply dummy text of the printing and typesetting industry.</p>\";s:13:\"package_image\";N;}'),
(141, 141, 'O:8:\"stdClass\":14:{s:4:\"name\";s:13:\"Doner & Gyros\";s:5:\"image\";s:47:\"restaurant/8162364a46c77c090de3f36706172d1b.jpg\";s:12:\"phone_number\";s:10:\"7878787878\";s:5:\"email\";s:19:\"doner12@yopmail.com\";s:11:\"amount_type\";N;s:6:\"amount\";N;s:7:\"address\";s:50:\"72 Street, WVRF+V4 San Tome, Anzoategui, Venezuela\";s:8:\"landmark\";s:10:\"Anzoategui\";s:7:\"zipcode\";s:6:\"123456\";s:4:\"city\";s:10:\"Anzoategui\";s:8:\"latitude\";s:17:\"8.943501703492087\";s:9:\"longitude\";s:18:\"-64.12680126190185\";s:15:\"currency_symbol\";s:1:\"$\";s:13:\"currency_code\";s:3:\"USD\";}', 'a:2:{s:10:\"first_name\";s:7:\"Ranajit\";s:9:\"last_name\";s:0:\"\";}', ''),
(142, 142, 'O:8:\"stdClass\":14:{s:4:\"name\";s:13:\"Doner & Gyros\";s:5:\"image\";s:47:\"restaurant/8162364a46c77c090de3f36706172d1b.jpg\";s:12:\"phone_number\";s:10:\"7878787878\";s:5:\"email\";s:19:\"doner12@yopmail.com\";s:11:\"amount_type\";N;s:6:\"amount\";N;s:7:\"address\";s:50:\"72 Street, WVRF+V4 San Tome, Anzoategui, Venezuela\";s:8:\"landmark\";s:10:\"Anzoategui\";s:7:\"zipcode\";s:6:\"123456\";s:4:\"city\";s:10:\"Anzoategui\";s:8:\"latitude\";s:17:\"8.943501703492087\";s:9:\"longitude\";s:18:\"-64.12680126190185\";s:15:\"currency_symbol\";s:1:\"$\";s:13:\"currency_code\";s:3:\"USD\";}', 'a:2:{s:10:\"first_name\";s:7:\"Ranajit\";s:9:\"last_name\";s:0:\"\";}', ''),
(143, 143, 'O:8:\"stdClass\":14:{s:4:\"name\";s:13:\"Doner & Gyros\";s:5:\"image\";s:47:\"restaurant/8162364a46c77c090de3f36706172d1b.jpg\";s:12:\"phone_number\";s:10:\"7878787878\";s:5:\"email\";s:19:\"doner12@yopmail.com\";s:11:\"amount_type\";N;s:6:\"amount\";N;s:7:\"address\";s:50:\"72 Street, WVRF+V4 San Tome, Anzoategui, Venezuela\";s:8:\"landmark\";s:10:\"Anzoategui\";s:7:\"zipcode\";s:6:\"123456\";s:4:\"city\";s:10:\"Anzoategui\";s:8:\"latitude\";s:17:\"8.943501703492087\";s:9:\"longitude\";s:18:\"-64.12680126190185\";s:15:\"currency_symbol\";s:1:\"$\";s:13:\"currency_code\";s:3:\"USD\";}', 'a:2:{s:10:\"first_name\";s:7:\"Ranajit\";s:9:\"last_name\";s:0:\"\";}', ''),
(144, 144, 'O:8:\"stdClass\":14:{s:4:\"name\";s:13:\"Doner & Gyros\";s:5:\"image\";s:47:\"restaurant/8162364a46c77c090de3f36706172d1b.jpg\";s:12:\"phone_number\";s:10:\"7878787878\";s:5:\"email\";s:19:\"doner12@yopmail.com\";s:11:\"amount_type\";N;s:6:\"amount\";N;s:7:\"address\";s:50:\"72 Street, WVRF+V4 San Tome, Anzoategui, Venezuela\";s:8:\"landmark\";s:10:\"Anzoategui\";s:7:\"zipcode\";s:6:\"123456\";s:4:\"city\";s:10:\"Anzoategui\";s:8:\"latitude\";s:17:\"8.943501703492087\";s:9:\"longitude\";s:18:\"-64.12680126190185\";s:15:\"currency_symbol\";s:1:\"$\";s:13:\"currency_code\";s:3:\"USD\";}', 'a:2:{s:10:\"first_name\";s:7:\"Ranajit\";s:9:\"last_name\";s:0:\"\";}', ''),
(145, 145, 'O:8:\"stdClass\":14:{s:4:\"name\";s:13:\"Doner & Gyros\";s:5:\"image\";s:47:\"restaurant/8162364a46c77c090de3f36706172d1b.jpg\";s:12:\"phone_number\";s:10:\"7878787878\";s:5:\"email\";s:19:\"doner12@yopmail.com\";s:11:\"amount_type\";N;s:6:\"amount\";N;s:7:\"address\";s:50:\"72 Street, WVRF+V4 San Tome, Anzoategui, Venezuela\";s:8:\"landmark\";s:10:\"Anzoategui\";s:7:\"zipcode\";s:6:\"123456\";s:4:\"city\";s:10:\"Anzoategui\";s:8:\"latitude\";s:17:\"8.943501703492087\";s:9:\"longitude\";s:18:\"-64.12680126190185\";s:15:\"currency_symbol\";s:1:\"$\";s:13:\"currency_code\";s:3:\"USD\";}', 'a:2:{s:10:\"first_name\";s:7:\"Ranajit\";s:9:\"last_name\";s:0:\"\";}', ''),
(146, 146, 'O:8:\"stdClass\":14:{s:4:\"name\";s:13:\"Doner & Gyros\";s:5:\"image\";s:47:\"restaurant/8162364a46c77c090de3f36706172d1b.jpg\";s:12:\"phone_number\";s:10:\"7878787878\";s:5:\"email\";s:19:\"doner12@yopmail.com\";s:11:\"amount_type\";N;s:6:\"amount\";N;s:7:\"address\";s:50:\"72 Street, WVRF+V4 San Tome, Anzoategui, Venezuela\";s:8:\"landmark\";s:10:\"Anzoategui\";s:7:\"zipcode\";s:6:\"123456\";s:4:\"city\";s:10:\"Anzoategui\";s:8:\"latitude\";s:17:\"8.943501703492087\";s:9:\"longitude\";s:18:\"-64.12680126190185\";s:15:\"currency_symbol\";s:1:\"$\";s:13:\"currency_code\";s:3:\"USD\";}', 'a:2:{s:10:\"first_name\";s:7:\"Ranajit\";s:9:\"last_name\";s:0:\"\";}', ''),
(147, 147, 'O:8:\"stdClass\":14:{s:4:\"name\";s:13:\"Doner & Gyros\";s:5:\"image\";s:47:\"restaurant/8162364a46c77c090de3f36706172d1b.jpg\";s:12:\"phone_number\";s:10:\"7878787878\";s:5:\"email\";s:19:\"doner12@yopmail.com\";s:11:\"amount_type\";N;s:6:\"amount\";N;s:7:\"address\";s:50:\"72 Street, WVRF+V4 San Tome, Anzoategui, Venezuela\";s:8:\"landmark\";s:10:\"Anzoategui\";s:7:\"zipcode\";s:6:\"123456\";s:4:\"city\";s:10:\"Anzoategui\";s:8:\"latitude\";s:17:\"8.943501703492087\";s:9:\"longitude\";s:18:\"-64.12680126190185\";s:15:\"currency_symbol\";s:1:\"$\";s:13:\"currency_code\";s:3:\"USD\";}', 'a:2:{s:10:\"first_name\";s:7:\"Ranajit\";s:9:\"last_name\";s:0:\"\";}', ''),
(148, 148, 'O:8:\"stdClass\":14:{s:4:\"name\";s:14:\"The Restaur IN\";s:5:\"image\";s:47:\"restaurant/ad5e5b1abc85bb890a2f823ab1d7be8e.jpg\";s:12:\"phone_number\";s:10:\"9999999994\";s:5:\"email\";s:14:\"paul@evdpl.com\";s:11:\"amount_type\";N;s:6:\"amount\";N;s:7:\"address\";s:63:\"Park Avenue South,5th Floor, New York City, New York, 10016 USA\";s:8:\"landmark\";s:12:\"South Corner\";s:7:\"zipcode\";s:6:\"090909\";s:4:\"city\";s:4:\"CITY\";s:8:\"latitude\";s:10:\"23.0705655\";s:9:\"longitude\";s:17:\"72.52157609999999\";s:15:\"currency_symbol\";s:1:\"$\";s:13:\"currency_code\";s:3:\"CAD\";}', 'a:2:{s:10:\"first_name\";s:7:\"Ranajit\";s:9:\"last_name\";s:0:\"\";}', 'a:3:{s:13:\"package_price\";s:7:\"8085.00\";s:12:\"package_name\";s:63:\"Salted Butter Caramel Ice Cream Salted Butter Caramel Ice Cream\";s:14:\"package_detail\";s:5839:\"<p>Loreum Loreum&nbsp;Loreum Loreum&nbsp;Loreum Loreum&nbsp;Loreum Loreum&nbsp;Loreum Loreum&nbsp;Loreum Loreum&nbsp;</p>\r\n\r\n<p style=\"color: rgb(51, 51, 51); font-family: sans-serif,Arial,Verdana,&amp;quot;Trebuchet MS&amp;quot;; font-size: 14px; font-style: normal; font-variant: normal; font-weight: 400; letter-spacing: normal; orphans: 2; text-align: justify; text-decoration: none; text-indent: 0px; text-transform: none; -webkit-text-stroke-width: 0px; white-space: normal; word-spacing: 0px;\">Loreum Loreum&nbsp;</p>\r\n\r\n<p style=\"color: rgb(51, 51, 51); font-family: sans-serif,Arial,Verdana,&amp;quot;Trebuchet MS&amp;quot;; font-size: 14px; font-style: normal; font-variant: normal; font-weight: 400; letter-spacing: normal; orphans: 2; text-align: justify; text-decoration: none; text-indent: 0px; text-transform: none; -webkit-text-stroke-width: 0px; white-space: normal; word-spacing: 0px;\">Loreum Loreum&nbsp;</p>\r\n\r\n<p style=\"color: rgb(51, 51, 51); font-family: sans-serif,Arial,Verdana,&amp;quot;Trebuchet MS&amp;quot;; font-size: 14px; font-style: normal; font-variant: normal; font-weight: 400; letter-spacing: normal; orphans: 2; text-align: justify; text-decoration: none; text-indent: 0px; text-transform: none; -webkit-text-stroke-width: 0px; white-space: normal; word-spacing: 0px;\">Loreum Loreum&nbsp;</p>\r\n\r\n<p style=\"color: rgb(51, 51, 51); font-family: sans-serif,Arial,Verdana,&amp;quot;Trebuchet MS&amp;quot;; font-size: 14px; font-style: normal; font-variant: normal; font-weight: 400; letter-spacing: normal; orphans: 2; text-align: justify; text-decoration: none; text-indent: 0px; text-transform: none; -webkit-text-stroke-width: 0px; white-space: normal; word-spacing: 0px;\">Loreum Loreum&nbsp;</p>\r\n\r\n<p style=\"color: rgb(51, 51, 51); font-family: sans-serif,Arial,Verdana,&amp;quot;Trebuchet MS&amp;quot;; font-size: 14px; font-style: normal; font-variant: normal; font-weight: 400; letter-spacing: normal; orphans: 2; text-align: justify; text-decoration: none; text-indent: 0px; text-transform: none; -webkit-text-stroke-width: 0px; white-space: normal; word-spacing: 0px;\">Loreum Loreum&nbsp;</p>\r\n\r\n<p style=\"color: rgb(51, 51, 51); font-family: sans-serif,Arial,Verdana,&amp;quot;Trebuchet MS&amp;quot;; font-size: 14px; font-style: normal; font-variant: normal; font-weight: 400; letter-spacing: normal; orphans: 2; text-align: justify; text-decoration: none; text-indent: 0px; text-transform: none; -webkit-text-stroke-width: 0px; white-space: normal; word-spacing: 0px;\">Loreum Loreum&nbsp;</p>\r\n\r\n<p style=\"color: rgb(51, 51, 51); font-family: sans-serif,Arial,Verdana,&amp;quot;Trebuchet MS&amp;quot;; font-size: 14px; font-style: normal; font-variant: normal; font-weight: 400; letter-spacing: normal; orphans: 2; text-align: justify; text-decoration: none; text-indent: 0px; text-transform: none; -webkit-text-stroke-width: 0px; white-space: normal; word-spacing: 0px;\">Loreum Loreum&nbsp;</p>\r\n\r\n<p style=\"color: rgb(51, 51, 51); font-family: sans-serif,Arial,Verdana,&amp;quot;Trebuchet MS&amp;quot;; font-size: 14px; font-style: normal; font-variant: normal; font-weight: 400; letter-spacing: normal; orphans: 2; text-align: justify; text-decoration: none; text-indent: 0px; text-transform: none; -webkit-text-stroke-width: 0px; white-space: normal; word-spacing: 0px;\">Loreum Loreum&nbsp;</p>\r\n\r\n<p style=\"color: rgb(51, 51, 51); font-family: sans-serif,Arial,Verdana,&amp;quot;Trebuchet MS&amp;quot;; font-size: 14px; font-style: normal; font-variant: normal; font-weight: 400; letter-spacing: normal; orphans: 2; text-align: justify; text-decoration: none; text-indent: 0px; text-transform: none; -webkit-text-stroke-width: 0px; white-space: normal; word-spacing: 0px;\">Loreum Loreum&nbsp;</p>\r\n\r\n<p style=\"color: rgb(51, 51, 51); font-family: sans-serif,Arial,Verdana,&amp;quot;Trebuchet MS&amp;quot;; font-size: 14px; font-style: normal; font-variant: normal; font-weight: 400; letter-spacing: normal; orphans: 2; text-align: justify; text-decoration: none; text-indent: 0px; text-transform: none; -webkit-text-stroke-width: 0px; white-space: normal; word-spacing: 0px;\">Loreum Loreum&nbsp;</p>\r\n\r\n<p style=\"color: rgb(51, 51, 51); font-family: sans-serif,Arial,Verdana,&amp;quot;Trebuchet MS&amp;quot;; font-size: 14px; font-style: normal; font-variant: normal; font-weight: 400; letter-spacing: normal; orphans: 2; text-align: justify; text-decoration: none; text-indent: 0px; text-transform: none; -webkit-text-stroke-width: 0px; white-space: normal; word-spacing: 0px;\">Loreum Loreum&nbsp;</p>\r\n\r\n<p style=\"color: rgb(51, 51, 51); font-family: sans-serif,Arial,Verdana,&amp;quot;Trebuchet MS&amp;quot;; font-size: 14px; font-style: normal; font-variant: normal; font-weight: 400; letter-spacing: normal; orphans: 2; text-align: justify; text-decoration: none; text-indent: 0px; text-transform: none; -webkit-text-stroke-width: 0px; white-space: normal; word-spacing: 0px;\">Loreum Loreum&nbsp;Loreum Loreum&nbsp;Loreum Loreum&nbsp;</p>\r\n\r\n<p style=\"color: rgb(51, 51, 51); font-family: sans-serif,Arial,Verdana,&amp;quot;Trebuchet MS&amp;quot;; font-size: 14px; font-style: normal; font-variant: normal; font-weight: 400; letter-spacing: normal; orphans: 2; text-align: justify; text-decoration: none; text-indent: 0px; text-transform: none; -webkit-text-stroke-width: 0px; white-space: normal; word-spacing: 0px;\">Loreum Loreum&nbsp;</p>\r\n\r\n<p style=\"color: rgb(51, 51, 51); font-family: sans-serif,Arial,Verdana,&amp;quot;Trebuchet MS&amp;quot;; font-size: 14px; font-style: normal; font-variant: normal; font-weight: 400; letter-spacing: normal; orphans: 2; text-align: justify; text-decoration: none; text-indent: 0px; text-transform: none; -webkit-text-stroke-width: 0px; white-space: normal; word-spacing: 0px;\">Loreum Loreum&nbsp;Loreum Loreum&nbsp;Loreum Loreum&nbsp;</p>\";}'),
(149, 149, 'O:8:\"stdClass\":14:{s:4:\"name\";s:18:\"Veretto Restaurant\";s:5:\"image\";N;s:12:\"phone_number\";s:9:\"123567888\";s:5:\"email\";s:21:\"veretto23@yopmail.com\";s:11:\"amount_type\";N;s:6:\"amount\";N;s:7:\"address\";s:62:\"025 SPG Livingston Street, Brooklyn, NY 1183301, United States\";s:8:\"landmark\";s:8:\"Brooklyn\";s:7:\"zipcode\";s:5:\"56555\";s:4:\"city\";s:8:\"Brooklyn\";s:8:\"latitude\";s:18:\"40.679057143012265\";s:9:\"longitude\";s:18:\"-73.93926555075684\";s:15:\"currency_symbol\";s:1:\"$\";s:13:\"currency_code\";s:3:\"USD\";}', 'a:2:{s:10:\"first_name\";s:11:\"Devikatest2\";s:9:\"last_name\";s:1:\"-\";}', ''),
(150, 150, 'O:8:\"stdClass\":14:{s:4:\"name\";s:13:\"Doner & Gyros\";s:5:\"image\";N;s:12:\"phone_number\";s:10:\"7878787878\";s:5:\"email\";s:19:\"doner12@yopmail.com\";s:11:\"amount_type\";N;s:6:\"amount\";N;s:7:\"address\";s:50:\"72 Street, WVRF+V4 San Tome, Anzoategui, Venezuela\";s:8:\"landmark\";s:10:\"Anzoategui\";s:7:\"zipcode\";s:6:\"123456\";s:4:\"city\";s:10:\"Anzoategui\";s:8:\"latitude\";s:17:\"8.943501703492087\";s:9:\"longitude\";s:18:\"-64.12680126190185\";s:15:\"currency_symbol\";s:1:\"$\";s:13:\"currency_code\";s:3:\"USD\";}', 'a:2:{s:10:\"first_name\";s:11:\"Devikatest2\";s:9:\"last_name\";s:1:\"-\";}', ''),
(151, 151, 'O:8:\"stdClass\":14:{s:4:\"name\";s:14:\"The Restaur IN\";s:5:\"image\";N;s:12:\"phone_number\";s:10:\"9999999994\";s:5:\"email\";s:14:\"paul@evdpl.com\";s:11:\"amount_type\";N;s:6:\"amount\";N;s:7:\"address\";s:63:\"Park Avenue South,5th Floor, New York City, New York, 10016 USA\";s:8:\"landmark\";s:12:\"South Corner\";s:7:\"zipcode\";s:6:\"090909\";s:4:\"city\";s:4:\"CITY\";s:8:\"latitude\";s:10:\"23.0705655\";s:9:\"longitude\";s:17:\"72.52157609999999\";s:15:\"currency_symbol\";s:1:\"$\";s:13:\"currency_code\";s:3:\"CAD\";}', 'a:2:{s:10:\"first_name\";s:11:\"Devikatest2\";s:9:\"last_name\";s:1:\"-\";}', 'a:4:{s:13:\"package_price\";s:6:\"100.00\";s:12:\"package_name\";s:3:\"new\";s:14:\"package_detail\";s:142:\"<p><span style=\"color: rgb(61, 61, 61); font-family: &quot;Open Sans&quot;, sans-serif; font-weight: 600; text-align: left;\">Detail</span></p>\";s:13:\"package_image\";N;}');
INSERT INTO `event_detail` (`entity_id`, `event_id`, `restaurant_detail`, `user_detail`, `package_detail`) VALUES
(152, 152, 'O:8:\"stdClass\":14:{s:4:\"name\";s:9:\"Pizza hut\";s:5:\"image\";N;s:12:\"phone_number\";s:7:\"4634775\";s:5:\"email\";s:18:\"pizzahut@gmail.com\";s:11:\"amount_type\";N;s:6:\"amount\";N;s:7:\"address\";s:28:\"Pizza Hut, Fairborn, OH, USA\";s:8:\"landmark\";s:24:\"Fairborn Municipal Court\";s:7:\"zipcode\";s:6:\"567868\";s:4:\"city\";s:2:\"OH\";s:8:\"latitude\";s:8:\"39.80529\";s:9:\"longitude\";s:9:\"-84.03116\";s:15:\"currency_symbol\";s:3:\"₹\";s:13:\"currency_code\";s:3:\"INR\";}', 'a:2:{s:10:\"first_name\";s:11:\"Devikatest2\";s:9:\"last_name\";s:1:\"-\";}', 'a:4:{s:13:\"package_price\";s:6:\"350.00\";s:12:\"package_name\";s:5:\"Combo\";s:14:\"package_detail\";s:161:\"<p>Lorem Ipsum is simply dummy text of the printing and typesetting industry.&nbsp;Lorem Ipsum is simply dummy text of the printing and typesetting industry.</p>\";s:13:\"package_image\";N;}'),
(153, 153, 'O:8:\"stdClass\":14:{s:4:\"name\";s:14:\"The Restaur IN\";s:5:\"image\";N;s:12:\"phone_number\";s:10:\"9999999994\";s:5:\"email\";s:14:\"paul@evdpl.com\";s:11:\"amount_type\";N;s:6:\"amount\";N;s:7:\"address\";s:63:\"Park Avenue South,5th Floor, New York City, New York, 10016 USA\";s:8:\"landmark\";s:12:\"South Corner\";s:7:\"zipcode\";s:6:\"090909\";s:4:\"city\";s:4:\"CITY\";s:8:\"latitude\";s:10:\"23.0705655\";s:9:\"longitude\";s:17:\"72.52157609999999\";s:15:\"currency_symbol\";s:1:\"$\";s:13:\"currency_code\";s:3:\"CAD\";}', 'a:2:{s:10:\"first_name\";s:11:\"Devikatest2\";s:9:\"last_name\";s:1:\"-\";}', 'a:4:{s:13:\"package_price\";s:6:\"100.00\";s:12:\"package_name\";s:3:\"new\";s:14:\"package_detail\";s:142:\"<p><span style=\"color: rgb(61, 61, 61); font-family: &quot;Open Sans&quot;, sans-serif; font-weight: 600; text-align: left;\">Detail</span></p>\";s:13:\"package_image\";N;}'),
(154, 154, 'O:8:\"stdClass\":14:{s:4:\"name\";s:14:\"The Restaur IN\";s:5:\"image\";N;s:12:\"phone_number\";s:10:\"9999999994\";s:5:\"email\";s:14:\"paul@evdpl.com\";s:11:\"amount_type\";N;s:6:\"amount\";N;s:7:\"address\";s:63:\"Park Avenue South,5th Floor, New York City, New York, 10016 USA\";s:8:\"landmark\";s:12:\"South Corner\";s:7:\"zipcode\";s:6:\"090909\";s:4:\"city\";s:4:\"CITY\";s:8:\"latitude\";s:10:\"23.0705655\";s:9:\"longitude\";s:17:\"72.52157609999999\";s:15:\"currency_symbol\";s:1:\"$\";s:13:\"currency_code\";s:3:\"CAD\";}', 'a:2:{s:10:\"first_name\";s:6:\"Test37\";s:9:\"last_name\";s:0:\"\";}', 'a:4:{s:13:\"package_price\";s:6:\"120.20\";s:12:\"package_name\";s:7:\"Starter\";s:14:\"package_detail\";s:142:\"<p>Lorem Ipsum কেবল মুদ্রণ এবং টাইপসেটিং শিল্পের ডামি পাঠ্য।</p>\";s:13:\"package_image\";N;}');

-- --------------------------------------------------------

--
-- Table structure for table `event_notification`
--

CREATE TABLE `event_notification` (
  `notification_id` int(11) NOT NULL,
  `last_event_id` int(11) NOT NULL,
  `admin_id` int(11) DEFAULT NULL,
  `event_count` int(11) NOT NULL,
  `view_status` tinyint(4) NOT NULL,
  `date` date DEFAULT NULL
) ENGINE=InnoDB DEFAULT CHARSET=latin1;

--
-- Dumping data for table `event_notification`
--

INSERT INTO `event_notification` (`notification_id`, `last_event_id`, `admin_id`, `event_count`, `view_status`, `date`) VALUES
(1, 154, 1, 0, 1, '2020-06-18'),
(2, 114, NULL, 2, 0, '2020-05-26');

-- --------------------------------------------------------

--
-- Table structure for table `languages`
--

CREATE TABLE `languages` (
  `id` int(11) NOT NULL,
  `language_name` varchar(100) NOT NULL,
  `language_slug` varchar(10) NOT NULL,
  `language_directory` varchar(100) NOT NULL,
  `language_code` varchar(20) DEFAULT NULL,
  `language_default` tinyint(1) DEFAULT 0,
  `active` tinyint(4) NOT NULL
) ENGINE=MyISAM DEFAULT CHARSET=utf8;

--
-- Dumping data for table `languages`
--

INSERT INTO `languages` (`id`, `language_name`, `language_slug`, `language_directory`, `language_code`, `language_default`, `active`) VALUES
(8, 'English', 'en', 'english', 'en_US', 1, 1),
(10, 'Arabic', 'ar', 'arabic', 'ar_AR', 0, 0),
(11, 'Quebec French', 'fr', 'french', 'fr-FR', 0, 1);

-- --------------------------------------------------------

--
-- Table structure for table `notifications`
--

CREATE TABLE `notifications` (
  `entity_id` int(11) NOT NULL,
  `notification_title` varchar(255) CHARACTER SET utf8 DEFAULT NULL,
  `notification_description` text CHARACTER SET utf8 DEFAULT NULL,
  `content_id` int(11) DEFAULT NULL,
  `language_slug` varchar(5) DEFAULT NULL,
  `created_by` int(11) DEFAULT NULL
) ENGINE=InnoDB DEFAULT CHARSET=latin1;

--
-- Dumping data for table `notifications`
--

INSERT INTO `notifications` (`entity_id`, `notification_title`, `notification_description`, `content_id`, `language_slug`, `created_by`) VALUES
(1, 'Testing notification edited', 'Thank youLorem Ipsum is simply dummy text of the printing and typesetting industry. Lorem Ipsum has been the industry\'s standard dummy text ever since the 1500s, when an unknown printer took a galley of type and scrambled it to make a type specimen book. It has survived not only five centuries, but also the leap into electronic typesetting, remaining essentially unchanged. It was popularised in the 1960s with the release of Letraset sheets containing Lorem Ipsum passages, and more recently with desktop publishing software like Aldus PageMaker including versions of Lorem Ipsum.', NULL, NULL, 1);

-- --------------------------------------------------------

--
-- Table structure for table `notifications_users`
--

CREATE TABLE `notifications_users` (
  `map_id` int(11) NOT NULL,
  `notification_id` int(11) NOT NULL,
  `user_id` int(11) NOT NULL
) ENGINE=InnoDB DEFAULT CHARSET=latin1;

--
-- Dumping data for table `notifications_users`
--

INSERT INTO `notifications_users` (`map_id`, `notification_id`, `user_id`) VALUES
(1, 1, 186);

-- --------------------------------------------------------

--
-- Table structure for table `order_detail`
--

CREATE TABLE `order_detail` (
  `entity_id` int(11) NOT NULL,
  `order_id` int(11) NOT NULL,
  `user_detail` longtext CHARACTER SET utf8 DEFAULT NULL,
  `restaurant_detail` longtext CHARACTER SET utf8 DEFAULT NULL,
  `item_detail` longtext CHARACTER SET utf8 DEFAULT NULL
) ENGINE=InnoDB DEFAULT CHARSET=latin1;

--
-- Dumping data for table `order_detail`
--

INSERT INTO `order_detail` (`entity_id`, `order_id`, `user_detail`, `restaurant_detail`, `item_detail`) VALUES
(1, 1, 'a:8:{s:10:\"first_name\";s:5:\"Satya\";s:9:\"last_name\";s:0:\"\";s:7:\"address\";s:5:\"Test2\";s:8:\"landmark\";s:44:\"Unnamed Road, Valpura, Gujarat 385560, India\";s:7:\"zipcode\";s:6:\"385560\";s:4:\"city\";s:7:\"Gujarat\";s:8:\"latitude\";s:15:\"23.849711485896\";s:9:\"longitude\";s:15:\"71.798677816987\";}', 'O:8:\"stdClass\":14:{s:4:\"name\";s:10:\"Restaurant\";s:5:\"image\";s:47:\"restaurant/31cfa9301fa8ad3410efa0f5f4b949c2.jpg\";s:12:\"phone_number\";s:10:\"9999999994\";s:5:\"email\";s:21:\"ranajit@evincedev.com\";s:11:\"amount_type\";N;s:6:\"amount\";N;s:7:\"address\";s:18:\"Restaurant Address\";s:8:\"landmark\";s:12:\"South Corner\";s:7:\"zipcode\";s:6:\"090909\";s:4:\"city\";s:4:\"CITY\";s:8:\"latitude\";s:18:\"23.074182578511106\";s:9:\"longitude\";s:17:\"72.52633571994136\";s:15:\"currency_symbol\";s:1:\"$\";s:13:\"currency_code\";s:3:\"CAD\";}', 'a:1:{i:0;a:9:{s:9:\"item_name\";s:15:\"Clarissa Davies\";s:7:\"item_id\";s:1:\"2\";s:6:\"qty_no\";i:1;s:4:\"rate\";s:5:\"67786\";s:11:\"offer_price\";s:0:\"\";s:8:\"order_id\";i:1;s:12:\"is_customize\";i:0;s:9:\"itemTotal\";i:67786;s:7:\"is_deal\";s:1:\"0\";}}'),
(2, 2, 'a:8:{s:10:\"first_name\";s:5:\"Satya\";s:9:\"last_name\";s:0:\"\";s:7:\"address\";s:5:\"Test2\";s:8:\"landmark\";s:44:\"Unnamed Road, Valpura, Gujarat 385560, India\";s:7:\"zipcode\";s:6:\"385560\";s:4:\"city\";s:7:\"Gujarat\";s:8:\"latitude\";s:15:\"23.849711485896\";s:9:\"longitude\";s:15:\"71.798677816987\";}', 'O:8:\"stdClass\":14:{s:4:\"name\";s:10:\"Restaurant\";s:5:\"image\";s:47:\"restaurant/31cfa9301fa8ad3410efa0f5f4b949c2.jpg\";s:12:\"phone_number\";s:10:\"9999999994\";s:5:\"email\";s:21:\"ranajit@evincedev.com\";s:11:\"amount_type\";N;s:6:\"amount\";N;s:7:\"address\";s:18:\"Restaurant Address\";s:8:\"landmark\";s:12:\"South Corner\";s:7:\"zipcode\";s:6:\"090909\";s:4:\"city\";s:4:\"CITY\";s:8:\"latitude\";s:18:\"23.074182578511106\";s:9:\"longitude\";s:17:\"72.52633571994136\";s:15:\"currency_symbol\";s:1:\"$\";s:13:\"currency_code\";s:3:\"CAD\";}', 'a:1:{i:0;a:9:{s:9:\"item_name\";s:15:\"Clarissa Davies\";s:7:\"item_id\";s:1:\"2\";s:6:\"qty_no\";i:1;s:4:\"rate\";s:5:\"67786\";s:11:\"offer_price\";s:0:\"\";s:8:\"order_id\";i:2;s:12:\"is_customize\";i:0;s:9:\"itemTotal\";i:67786;s:7:\"is_deal\";s:1:\"0\";}}'),
(3, 3, 'a:8:{s:10:\"first_name\";s:5:\"Satya\";s:9:\"last_name\";s:0:\"\";s:7:\"address\";s:4:\"Test\";s:8:\"landmark\";s:95:\"D-706, Ganesh Meredian, Chanakyapuri Rd, Vishwas City 1, Sola, Ahmedabad, Gujarat 380061, India\";s:7:\"zipcode\";s:6:\"380061\";s:4:\"city\";s:7:\"Gujarat\";s:8:\"latitude\";s:10:\"23.0752076\";s:9:\"longitude\";s:10:\"72.5255268\";}', 'O:8:\"stdClass\":14:{s:4:\"name\";s:10:\"Restaurant\";s:5:\"image\";s:47:\"restaurant/31cfa9301fa8ad3410efa0f5f4b949c2.jpg\";s:12:\"phone_number\";s:10:\"9999999994\";s:5:\"email\";s:21:\"ranajit@evincedev.com\";s:11:\"amount_type\";N;s:6:\"amount\";N;s:7:\"address\";s:18:\"Restaurant Address\";s:8:\"landmark\";s:12:\"South Corner\";s:7:\"zipcode\";s:6:\"090909\";s:4:\"city\";s:4:\"CITY\";s:8:\"latitude\";s:18:\"23.074182578511106\";s:9:\"longitude\";s:17:\"72.52633571994136\";s:15:\"currency_symbol\";s:1:\"$\";s:13:\"currency_code\";s:3:\"CAD\";}', 'a:1:{i:0;a:9:{s:9:\"item_name\";s:15:\"Clarissa Davies\";s:7:\"item_id\";s:1:\"2\";s:6:\"qty_no\";i:1;s:4:\"rate\";s:5:\"67786\";s:11:\"offer_price\";s:0:\"\";s:8:\"order_id\";i:3;s:12:\"is_customize\";i:0;s:9:\"itemTotal\";i:67786;s:7:\"is_deal\";s:1:\"0\";}}'),
(4, 4, 'a:8:{s:10:\"first_name\";s:5:\"Satya\";s:9:\"last_name\";s:0:\"\";s:7:\"address\";s:4:\"Test\";s:8:\"landmark\";s:95:\"D-706, Ganesh Meredian, Chanakyapuri Rd, Vishwas City 1, Sola, Ahmedabad, Gujarat 380061, India\";s:7:\"zipcode\";s:6:\"380061\";s:4:\"city\";s:7:\"Gujarat\";s:8:\"latitude\";s:10:\"23.0752076\";s:9:\"longitude\";s:10:\"72.5255268\";}', 'O:8:\"stdClass\":14:{s:4:\"name\";s:10:\"Restaurant\";s:5:\"image\";s:47:\"restaurant/31cfa9301fa8ad3410efa0f5f4b949c2.jpg\";s:12:\"phone_number\";s:10:\"9999999994\";s:5:\"email\";s:21:\"ranajit@evincedev.com\";s:11:\"amount_type\";N;s:6:\"amount\";N;s:7:\"address\";s:18:\"Restaurant Address\";s:8:\"landmark\";s:12:\"South Corner\";s:7:\"zipcode\";s:6:\"090909\";s:4:\"city\";s:4:\"CITY\";s:8:\"latitude\";s:18:\"23.074182578511106\";s:9:\"longitude\";s:17:\"72.52633571994136\";s:15:\"currency_symbol\";s:1:\"$\";s:13:\"currency_code\";s:3:\"CAD\";}', 'a:1:{i:0;a:9:{s:9:\"item_name\";s:15:\"Clarissa Davies\";s:7:\"item_id\";s:1:\"2\";s:6:\"qty_no\";i:1;s:4:\"rate\";s:5:\"67786\";s:11:\"offer_price\";s:0:\"\";s:8:\"order_id\";i:4;s:12:\"is_customize\";i:0;s:9:\"itemTotal\";i:67786;s:7:\"is_deal\";s:1:\"0\";}}'),
(5, 5, 'a:8:{s:10:\"first_name\";s:5:\"Satya\";s:9:\"last_name\";s:0:\"\";s:7:\"address\";s:4:\"Test\";s:8:\"landmark\";s:95:\"D-706, Ganesh Meredian, Chanakyapuri Rd, Vishwas City 1, Sola, Ahmedabad, Gujarat 380061, India\";s:7:\"zipcode\";s:6:\"380061\";s:4:\"city\";s:7:\"Gujarat\";s:8:\"latitude\";s:10:\"23.0752076\";s:9:\"longitude\";s:10:\"72.5255268\";}', 'O:8:\"stdClass\":14:{s:4:\"name\";s:6:\"Bangla\";s:5:\"image\";s:47:\"restaurant/7430720a79095bbcb5c14411127b4c1b.jpg\";s:12:\"phone_number\";s:10:\"2343434343\";s:5:\"email\";s:20:\"bangla12@yopmail.com\";s:11:\"amount_type\";N;s:6:\"amount\";N;s:7:\"address\";s:21:\"TSetttetst testt test\";s:8:\"landmark\";s:4:\"TEst\";s:7:\"zipcode\";s:5:\"23233\";s:4:\"city\";s:4:\"test\";s:8:\"latitude\";s:18:\"23.042977697651473\";s:9:\"longitude\";s:17:\"72.52434850249142\";s:15:\"currency_symbol\";s:3:\"৳\";s:13:\"currency_code\";s:3:\"BDT\";}', 'a:1:{i:0;a:10:{s:9:\"item_name\";s:8:\"Beverage\";s:7:\"item_id\";s:2:\"21\";s:6:\"qty_no\";i:1;s:4:\"rate\";s:3:\"300\";s:11:\"offer_price\";s:0:\"\";s:8:\"order_id\";i:5;s:12:\"is_customize\";i:1;s:7:\"is_deal\";s:1:\"1\";s:9:\"itemTotal\";i:300;s:20:\"addons_category_list\";a:1:{i:0;a:3:{s:18:\"addons_category_id\";s:1:\"3\";s:15:\"addons_category\";s:9:\"Test Test\";s:11:\"addons_list\";a:1:{i:0;a:2:{s:10:\"add_ons_id\";s:2:\"32\";s:12:\"add_ons_name\";s:1:\"1\";}}}}}}'),
(6, 6, 'a:8:{s:10:\"first_name\";s:7:\"Prasant\";s:9:\"last_name\";s:0:\"\";s:7:\"address\";s:3:\"302\";s:8:\"landmark\";s:184:\"C4, Anushruti Tower Sarkhej- Gandhinagar Highway, Bhaikakanagar,Thatlej Ahmedabad Gujarat 380059 IN, Sarkhej - Gandhinagar Hwy, Bhaikakanagar, Thaltej, Ahmedabad, Gujarat 380059, India\";s:7:\"zipcode\";s:6:\"380059\";s:4:\"city\";s:7:\"Gujarat\";s:8:\"latitude\";s:10:\"23.0530034\";s:9:\"longitude\";s:10:\"72.5171158\";}', 'O:8:\"stdClass\":14:{s:4:\"name\";s:10:\"Restaurant\";s:5:\"image\";s:47:\"restaurant/31cfa9301fa8ad3410efa0f5f4b949c2.jpg\";s:12:\"phone_number\";s:10:\"9999999994\";s:5:\"email\";s:21:\"ranajit@evincedev.com\";s:11:\"amount_type\";N;s:6:\"amount\";N;s:7:\"address\";s:18:\"Restaurant Address\";s:8:\"landmark\";s:12:\"South Corner\";s:7:\"zipcode\";s:6:\"090909\";s:4:\"city\";s:4:\"CITY\";s:8:\"latitude\";s:18:\"23.074182578511106\";s:9:\"longitude\";s:17:\"72.52633571994136\";s:15:\"currency_symbol\";s:1:\"$\";s:13:\"currency_code\";s:3:\"CAD\";}', 'a:1:{i:0;a:9:{s:9:\"item_name\";s:8:\"Beverage\";s:7:\"item_id\";s:2:\"19\";s:6:\"qty_no\";i:3;s:4:\"rate\";s:7:\"2005255\";s:11:\"offer_price\";s:0:\"\";s:8:\"order_id\";i:6;s:12:\"is_customize\";i:0;s:9:\"itemTotal\";i:6015765;s:7:\"is_deal\";s:1:\"0\";}}'),
(7, 7, 'a:8:{s:10:\"first_name\";s:5:\"Satya\";s:9:\"last_name\";s:0:\"\";s:7:\"address\";s:4:\"Test\";s:8:\"landmark\";s:67:\"6, Local Rd, Vishwas City 1, Sola, Ahmedabad, Gujarat 380061, India\";s:7:\"zipcode\";s:6:\"380061\";s:4:\"city\";s:7:\"Gujarat\";s:8:\"latitude\";s:15:\"23.074397483147\";s:9:\"longitude\";s:15:\"72.526052668691\";}', 'O:8:\"stdClass\":14:{s:4:\"name\";s:10:\"Restaurant\";s:5:\"image\";s:47:\"restaurant/31cfa9301fa8ad3410efa0f5f4b949c2.jpg\";s:12:\"phone_number\";s:10:\"9999999994\";s:5:\"email\";s:21:\"ranajit@evincedev.com\";s:11:\"amount_type\";N;s:6:\"amount\";N;s:7:\"address\";s:18:\"Restaurant Address\";s:8:\"landmark\";s:12:\"South Corner\";s:7:\"zipcode\";s:6:\"090909\";s:4:\"city\";s:4:\"CITY\";s:8:\"latitude\";s:18:\"23.074182578511106\";s:9:\"longitude\";s:17:\"72.52633571994136\";s:15:\"currency_symbol\";s:1:\"$\";s:13:\"currency_code\";s:3:\"CAD\";}', 'a:1:{i:0;a:9:{s:9:\"item_name\";s:15:\"Clarissa Davies\";s:7:\"item_id\";s:1:\"2\";s:6:\"qty_no\";i:1;s:4:\"rate\";s:5:\"67786\";s:11:\"offer_price\";s:0:\"\";s:8:\"order_id\";i:7;s:12:\"is_customize\";i:0;s:9:\"itemTotal\";i:67786;s:7:\"is_deal\";s:1:\"0\";}}'),
(8, 8, 'a:8:{s:10:\"first_name\";s:5:\"Satya\";s:9:\"last_name\";s:0:\"\";s:7:\"address\";s:4:\"Test\";s:8:\"landmark\";s:67:\"6, Local Rd, Vishwas City 1, Sola, Ahmedabad, Gujarat 380061, India\";s:7:\"zipcode\";s:6:\"380061\";s:4:\"city\";s:7:\"Gujarat\";s:8:\"latitude\";s:15:\"23.074397483147\";s:9:\"longitude\";s:15:\"72.526052668691\";}', 'O:8:\"stdClass\":14:{s:4:\"name\";s:6:\"Bangla\";s:5:\"image\";s:47:\"restaurant/7430720a79095bbcb5c14411127b4c1b.jpg\";s:12:\"phone_number\";s:10:\"2343434343\";s:5:\"email\";s:20:\"bangla12@yopmail.com\";s:11:\"amount_type\";N;s:6:\"amount\";N;s:7:\"address\";s:21:\"TSetttetst testt test\";s:8:\"landmark\";s:4:\"TEst\";s:7:\"zipcode\";s:5:\"23233\";s:4:\"city\";s:4:\"test\";s:8:\"latitude\";s:18:\"23.042977697651473\";s:9:\"longitude\";s:17:\"72.52434850249142\";s:15:\"currency_symbol\";s:3:\"৳\";s:13:\"currency_code\";s:3:\"BDT\";}', 'a:1:{i:0;a:10:{s:9:\"item_name\";s:8:\"Beverage\";s:7:\"item_id\";s:2:\"21\";s:6:\"qty_no\";i:1;s:4:\"rate\";s:3:\"300\";s:11:\"offer_price\";s:0:\"\";s:8:\"order_id\";i:8;s:12:\"is_customize\";i:1;s:7:\"is_deal\";s:1:\"1\";s:9:\"itemTotal\";i:300;s:20:\"addons_category_list\";a:1:{i:0;a:3:{s:18:\"addons_category_id\";s:1:\"3\";s:15:\"addons_category\";s:9:\"Test Test\";s:11:\"addons_list\";a:1:{i:0;a:2:{s:10:\"add_ons_id\";s:2:\"34\";s:12:\"add_ons_name\";s:1:\"3\";}}}}}}'),
(9, 9, 'a:8:{s:10:\"first_name\";s:5:\"Satya\";s:9:\"last_name\";s:0:\"\";s:7:\"address\";s:4:\"Test\";s:8:\"landmark\";s:67:\"6, Local Rd, Vishwas City 1, Sola, Ahmedabad, Gujarat 380061, India\";s:7:\"zipcode\";s:6:\"380061\";s:4:\"city\";s:7:\"Gujarat\";s:8:\"latitude\";s:15:\"23.074397483147\";s:9:\"longitude\";s:15:\"72.526052668691\";}', 'O:8:\"stdClass\":14:{s:4:\"name\";s:6:\"Bangla\";s:5:\"image\";s:47:\"restaurant/7430720a79095bbcb5c14411127b4c1b.jpg\";s:12:\"phone_number\";s:10:\"2343434343\";s:5:\"email\";s:20:\"bangla12@yopmail.com\";s:11:\"amount_type\";N;s:6:\"amount\";N;s:7:\"address\";s:21:\"TSetttetst testt test\";s:8:\"landmark\";s:4:\"TEst\";s:7:\"zipcode\";s:5:\"23233\";s:4:\"city\";s:4:\"test\";s:8:\"latitude\";s:18:\"23.042977697651473\";s:9:\"longitude\";s:17:\"72.52434850249142\";s:15:\"currency_symbol\";s:3:\"৳\";s:13:\"currency_code\";s:3:\"BDT\";}', 'a:1:{i:0;a:10:{s:9:\"item_name\";s:8:\"Beverage\";s:7:\"item_id\";s:2:\"21\";s:6:\"qty_no\";i:1;s:4:\"rate\";s:3:\"300\";s:11:\"offer_price\";s:0:\"\";s:8:\"order_id\";i:9;s:12:\"is_customize\";i:1;s:7:\"is_deal\";s:1:\"1\";s:9:\"itemTotal\";i:300;s:20:\"addons_category_list\";a:1:{i:0;a:3:{s:18:\"addons_category_id\";s:1:\"3\";s:15:\"addons_category\";s:9:\"Test Test\";s:11:\"addons_list\";a:1:{i:0;a:2:{s:10:\"add_ons_id\";s:2:\"34\";s:12:\"add_ons_name\";s:1:\"3\";}}}}}}'),
(10, 10, 'a:8:{s:10:\"first_name\";s:5:\"Satya\";s:9:\"last_name\";s:0:\"\";s:7:\"address\";s:4:\"Test\";s:8:\"landmark\";s:67:\"6, Local Rd, Vishwas City 1, Sola, Ahmedabad, Gujarat 380061, India\";s:7:\"zipcode\";s:6:\"380061\";s:4:\"city\";s:7:\"Gujarat\";s:8:\"latitude\";s:15:\"23.074397483147\";s:9:\"longitude\";s:15:\"72.526052668691\";}', 'O:8:\"stdClass\":14:{s:4:\"name\";s:6:\"Bangla\";s:5:\"image\";s:47:\"restaurant/7430720a79095bbcb5c14411127b4c1b.jpg\";s:12:\"phone_number\";s:10:\"2343434343\";s:5:\"email\";s:20:\"bangla12@yopmail.com\";s:11:\"amount_type\";N;s:6:\"amount\";N;s:7:\"address\";s:21:\"TSetttetst testt test\";s:8:\"landmark\";s:4:\"TEst\";s:7:\"zipcode\";s:5:\"23233\";s:4:\"city\";s:4:\"test\";s:8:\"latitude\";s:18:\"23.042977697651473\";s:9:\"longitude\";s:17:\"72.52434850249142\";s:15:\"currency_symbol\";s:3:\"৳\";s:13:\"currency_code\";s:3:\"BDT\";}', 'a:1:{i:0;a:10:{s:9:\"item_name\";s:8:\"Beverage\";s:7:\"item_id\";s:2:\"21\";s:6:\"qty_no\";i:1;s:4:\"rate\";s:3:\"300\";s:11:\"offer_price\";s:0:\"\";s:8:\"order_id\";i:10;s:12:\"is_customize\";i:1;s:7:\"is_deal\";s:1:\"1\";s:9:\"itemTotal\";i:300;s:20:\"addons_category_list\";a:1:{i:0;a:3:{s:18:\"addons_category_id\";s:1:\"3\";s:15:\"addons_category\";s:9:\"Test Test\";s:11:\"addons_list\";a:1:{i:0;a:2:{s:10:\"add_ons_id\";s:2:\"34\";s:12:\"add_ons_name\";s:1:\"3\";}}}}}}'),
(11, 11, 'a:8:{s:10:\"first_name\";s:5:\"Satya\";s:9:\"last_name\";s:0:\"\";s:7:\"address\";s:4:\"Test\";s:8:\"landmark\";s:95:\"D-706, Ganesh Meredian, Chanakyapuri Rd, Vishwas City 1, Sola, Ahmedabad, Gujarat 380061, India\";s:7:\"zipcode\";s:6:\"380061\";s:4:\"city\";s:7:\"Gujarat\";s:8:\"latitude\";s:10:\"23.0752076\";s:9:\"longitude\";s:10:\"72.5255268\";}', 'O:8:\"stdClass\":14:{s:4:\"name\";s:6:\"Bangla\";s:5:\"image\";s:47:\"restaurant/7430720a79095bbcb5c14411127b4c1b.jpg\";s:12:\"phone_number\";s:10:\"2343434343\";s:5:\"email\";s:20:\"bangla12@yopmail.com\";s:11:\"amount_type\";N;s:6:\"amount\";N;s:7:\"address\";s:21:\"TSetttetst testt test\";s:8:\"landmark\";s:4:\"TEst\";s:7:\"zipcode\";s:5:\"23233\";s:4:\"city\";s:4:\"test\";s:8:\"latitude\";s:18:\"23.042977697651473\";s:9:\"longitude\";s:17:\"72.52434850249142\";s:15:\"currency_symbol\";s:3:\"৳\";s:13:\"currency_code\";s:3:\"BDT\";}', 'a:1:{i:0;a:10:{s:9:\"item_name\";s:8:\"Beverage\";s:7:\"item_id\";s:2:\"21\";s:6:\"qty_no\";i:1;s:4:\"rate\";s:3:\"300\";s:11:\"offer_price\";s:0:\"\";s:8:\"order_id\";i:11;s:12:\"is_customize\";i:1;s:7:\"is_deal\";s:1:\"1\";s:9:\"itemTotal\";i:300;s:20:\"addons_category_list\";a:1:{i:0;a:3:{s:18:\"addons_category_id\";s:1:\"3\";s:15:\"addons_category\";s:9:\"Test Test\";s:11:\"addons_list\";a:1:{i:0;a:2:{s:10:\"add_ons_id\";s:2:\"34\";s:12:\"add_ons_name\";s:1:\"3\";}}}}}}'),
(12, 14, 'a:0:{}', 'O:8:\"stdClass\":14:{s:4:\"name\";s:15:\"Demo restaurant\";s:5:\"image\";s:47:\"restaurant/ee1b43f891ddec71b62f365165e1405e.jpg\";s:12:\"phone_number\";s:11:\"44444444444\";s:5:\"email\";s:22:\"test233@mailinator.com\";s:11:\"amount_type\";N;s:6:\"amount\";N;s:7:\"address\";s:73:\"Lorem Ipsum is simply dummy text of the printing and typesetting industry\";s:8:\"landmark\";s:4:\"TEST\";s:7:\"zipcode\";s:5:\"00000\";s:4:\"city\";s:4:\"TESt\";s:8:\"latitude\";s:10:\"23.0751887\";s:9:\"longitude\";s:17:\"72.52568870000005\";s:15:\"currency_symbol\";s:1:\"$\";s:13:\"currency_code\";s:3:\"USD\";}', 'a:3:{i:0;a:10:{s:9:\"item_name\";s:9:\"Test item\";s:7:\"item_id\";s:2:\"17\";s:6:\"qty_no\";i:3;s:4:\"rate\";s:3:\"100\";s:11:\"offer_price\";s:0:\"\";s:8:\"order_id\";i:14;s:12:\"is_customize\";i:0;s:7:\"is_deal\";s:1:\"0\";s:8:\"subTotal\";i:100;s:9:\"itemTotal\";i:300;}i:1;a:11:{s:9:\"item_name\";s:7:\"Starter\";s:7:\"item_id\";s:1:\"6\";s:6:\"qty_no\";i:2;s:4:\"rate\";s:0:\"\";s:11:\"offer_price\";s:0:\"\";s:8:\"order_id\";i:14;s:12:\"is_customize\";i:1;s:7:\"is_deal\";s:1:\"0\";s:8:\"subTotal\";i:350;s:9:\"itemTotal\";i:700;s:20:\"addons_category_list\";a:2:{i:0;a:3:{s:18:\"addons_category_id\";s:1:\"1\";s:15:\"addons_category\";s:7:\"Samossa\";s:11:\"addons_list\";a:1:{i:3;a:3:{s:10:\"add_ons_id\";s:1:\"6\";s:12:\"add_ons_name\";s:11:\"Extra Large\";s:13:\"add_ons_price\";s:3:\"150\";}}}i:1;a:3:{s:18:\"addons_category_id\";s:1:\"2\";s:15:\"addons_category\";s:7:\"Dessert\";s:11:\"addons_list\";a:1:{i:1;a:3:{s:10:\"add_ons_id\";s:1:\"8\";s:12:\"add_ons_name\";s:7:\"Extra 2\";s:13:\"add_ons_price\";s:3:\"200\";}}}}}i:2;a:11:{s:9:\"item_name\";s:7:\"Starter\";s:7:\"item_id\";s:1:\"6\";s:6:\"qty_no\";i:1;s:4:\"rate\";s:0:\"\";s:11:\"offer_price\";s:0:\"\";s:8:\"order_id\";i:14;s:12:\"is_customize\";i:1;s:7:\"is_deal\";s:1:\"0\";s:8:\"subTotal\";i:300;s:9:\"itemTotal\";i:300;s:20:\"addons_category_list\";a:2:{i:0;a:3:{s:18:\"addons_category_id\";s:1:\"1\";s:15:\"addons_category\";s:7:\"Samossa\";s:11:\"addons_list\";a:1:{i:1;a:3:{s:10:\"add_ons_id\";s:1:\"4\";s:12:\"add_ons_name\";s:5:\"Large\";s:13:\"add_ons_price\";s:3:\"100\";}}}i:1;a:3:{s:18:\"addons_category_id\";s:1:\"2\";s:15:\"addons_category\";s:7:\"Dessert\";s:11:\"addons_list\";a:1:{i:1;a:3:{s:10:\"add_ons_id\";s:1:\"8\";s:12:\"add_ons_name\";s:7:\"Extra 2\";s:13:\"add_ons_price\";s:3:\"200\";}}}}}}'),
(13, 15, 'a:0:{}', 'O:8:\"stdClass\":14:{s:4:\"name\";s:15:\"Demo restaurant\";s:5:\"image\";s:47:\"restaurant/ee1b43f891ddec71b62f365165e1405e.jpg\";s:12:\"phone_number\";s:11:\"44444444444\";s:5:\"email\";s:22:\"test233@mailinator.com\";s:11:\"amount_type\";N;s:6:\"amount\";N;s:7:\"address\";s:73:\"Lorem Ipsum is simply dummy text of the printing and typesetting industry\";s:8:\"landmark\";s:4:\"TEST\";s:7:\"zipcode\";s:5:\"00000\";s:4:\"city\";s:4:\"TESt\";s:8:\"latitude\";s:10:\"23.0751887\";s:9:\"longitude\";s:17:\"72.52568870000005\";s:15:\"currency_symbol\";s:1:\"$\";s:13:\"currency_code\";s:3:\"USD\";}', 'a:3:{i:0;a:10:{s:9:\"item_name\";s:9:\"Test item\";s:7:\"item_id\";s:2:\"17\";s:6:\"qty_no\";i:3;s:4:\"rate\";s:3:\"100\";s:11:\"offer_price\";s:0:\"\";s:8:\"order_id\";i:15;s:12:\"is_customize\";i:0;s:7:\"is_deal\";s:1:\"0\";s:8:\"subTotal\";i:100;s:9:\"itemTotal\";i:300;}i:1;a:11:{s:9:\"item_name\";s:7:\"Starter\";s:7:\"item_id\";s:1:\"6\";s:6:\"qty_no\";i:2;s:4:\"rate\";s:0:\"\";s:11:\"offer_price\";s:0:\"\";s:8:\"order_id\";i:15;s:12:\"is_customize\";i:1;s:7:\"is_deal\";s:1:\"0\";s:8:\"subTotal\";i:350;s:9:\"itemTotal\";i:700;s:20:\"addons_category_list\";a:2:{i:0;a:3:{s:18:\"addons_category_id\";s:1:\"1\";s:15:\"addons_category\";s:7:\"Samossa\";s:11:\"addons_list\";a:1:{i:3;a:3:{s:10:\"add_ons_id\";s:1:\"6\";s:12:\"add_ons_name\";s:11:\"Extra Large\";s:13:\"add_ons_price\";s:3:\"150\";}}}i:1;a:3:{s:18:\"addons_category_id\";s:1:\"2\";s:15:\"addons_category\";s:7:\"Dessert\";s:11:\"addons_list\";a:1:{i:1;a:3:{s:10:\"add_ons_id\";s:1:\"8\";s:12:\"add_ons_name\";s:7:\"Extra 2\";s:13:\"add_ons_price\";s:3:\"200\";}}}}}i:2;a:11:{s:9:\"item_name\";s:7:\"Starter\";s:7:\"item_id\";s:1:\"6\";s:6:\"qty_no\";i:1;s:4:\"rate\";s:0:\"\";s:11:\"offer_price\";s:0:\"\";s:8:\"order_id\";i:15;s:12:\"is_customize\";i:1;s:7:\"is_deal\";s:1:\"0\";s:8:\"subTotal\";i:300;s:9:\"itemTotal\";i:300;s:20:\"addons_category_list\";a:2:{i:0;a:3:{s:18:\"addons_category_id\";s:1:\"1\";s:15:\"addons_category\";s:7:\"Samossa\";s:11:\"addons_list\";a:1:{i:1;a:3:{s:10:\"add_ons_id\";s:1:\"4\";s:12:\"add_ons_name\";s:5:\"Large\";s:13:\"add_ons_price\";s:3:\"100\";}}}i:1;a:3:{s:18:\"addons_category_id\";s:1:\"2\";s:15:\"addons_category\";s:7:\"Dessert\";s:11:\"addons_list\";a:1:{i:1;a:3:{s:10:\"add_ons_id\";s:1:\"8\";s:12:\"add_ons_name\";s:7:\"Extra 2\";s:13:\"add_ons_price\";s:3:\"200\";}}}}}}'),
(14, 16, 'a:0:{}', 'O:8:\"stdClass\":14:{s:4:\"name\";s:15:\"Demo restaurant\";s:5:\"image\";s:47:\"restaurant/ee1b43f891ddec71b62f365165e1405e.jpg\";s:12:\"phone_number\";s:11:\"44444444444\";s:5:\"email\";s:22:\"test233@mailinator.com\";s:11:\"amount_type\";N;s:6:\"amount\";N;s:7:\"address\";s:73:\"Lorem Ipsum is simply dummy text of the printing and typesetting industry\";s:8:\"landmark\";s:4:\"TEST\";s:7:\"zipcode\";s:5:\"00000\";s:4:\"city\";s:4:\"TESt\";s:8:\"latitude\";s:10:\"23.0751887\";s:9:\"longitude\";s:17:\"72.52568870000005\";s:15:\"currency_symbol\";s:1:\"$\";s:13:\"currency_code\";s:3:\"USD\";}', 'a:3:{i:0;a:10:{s:9:\"item_name\";s:9:\"Test item\";s:7:\"item_id\";s:2:\"17\";s:6:\"qty_no\";i:3;s:4:\"rate\";s:3:\"100\";s:11:\"offer_price\";s:0:\"\";s:8:\"order_id\";i:16;s:12:\"is_customize\";i:0;s:7:\"is_deal\";s:1:\"0\";s:8:\"subTotal\";i:100;s:9:\"itemTotal\";i:300;}i:1;a:11:{s:9:\"item_name\";s:7:\"Starter\";s:7:\"item_id\";s:1:\"6\";s:6:\"qty_no\";i:2;s:4:\"rate\";s:0:\"\";s:11:\"offer_price\";s:0:\"\";s:8:\"order_id\";i:16;s:12:\"is_customize\";i:1;s:7:\"is_deal\";s:1:\"0\";s:8:\"subTotal\";i:350;s:9:\"itemTotal\";i:700;s:20:\"addons_category_list\";a:2:{i:0;a:3:{s:18:\"addons_category_id\";s:1:\"1\";s:15:\"addons_category\";s:7:\"Samossa\";s:11:\"addons_list\";a:1:{i:3;a:3:{s:10:\"add_ons_id\";s:1:\"6\";s:12:\"add_ons_name\";s:11:\"Extra Large\";s:13:\"add_ons_price\";s:3:\"150\";}}}i:1;a:3:{s:18:\"addons_category_id\";s:1:\"2\";s:15:\"addons_category\";s:7:\"Dessert\";s:11:\"addons_list\";a:1:{i:1;a:3:{s:10:\"add_ons_id\";s:1:\"8\";s:12:\"add_ons_name\";s:7:\"Extra 2\";s:13:\"add_ons_price\";s:3:\"200\";}}}}}i:2;a:11:{s:9:\"item_name\";s:7:\"Starter\";s:7:\"item_id\";s:1:\"6\";s:6:\"qty_no\";i:1;s:4:\"rate\";s:0:\"\";s:11:\"offer_price\";s:0:\"\";s:8:\"order_id\";i:16;s:12:\"is_customize\";i:1;s:7:\"is_deal\";s:1:\"0\";s:8:\"subTotal\";i:300;s:9:\"itemTotal\";i:300;s:20:\"addons_category_list\";a:2:{i:0;a:3:{s:18:\"addons_category_id\";s:1:\"1\";s:15:\"addons_category\";s:7:\"Samossa\";s:11:\"addons_list\";a:1:{i:1;a:3:{s:10:\"add_ons_id\";s:1:\"4\";s:12:\"add_ons_name\";s:5:\"Large\";s:13:\"add_ons_price\";s:3:\"100\";}}}i:1;a:3:{s:18:\"addons_category_id\";s:1:\"2\";s:15:\"addons_category\";s:7:\"Dessert\";s:11:\"addons_list\";a:1:{i:1;a:3:{s:10:\"add_ons_id\";s:1:\"8\";s:12:\"add_ons_name\";s:7:\"Extra 2\";s:13:\"add_ons_price\";s:3:\"200\";}}}}}}'),
(15, 17, 'a:0:{}', 'O:8:\"stdClass\":14:{s:4:\"name\";s:15:\"Demo restaurant\";s:5:\"image\";s:47:\"restaurant/ee1b43f891ddec71b62f365165e1405e.jpg\";s:12:\"phone_number\";s:11:\"44444444444\";s:5:\"email\";s:22:\"test233@mailinator.com\";s:11:\"amount_type\";N;s:6:\"amount\";N;s:7:\"address\";s:73:\"Lorem Ipsum is simply dummy text of the printing and typesetting industry\";s:8:\"landmark\";s:4:\"TEST\";s:7:\"zipcode\";s:5:\"00000\";s:4:\"city\";s:4:\"TESt\";s:8:\"latitude\";s:10:\"23.0751887\";s:9:\"longitude\";s:17:\"72.52568870000005\";s:15:\"currency_symbol\";s:1:\"$\";s:13:\"currency_code\";s:3:\"USD\";}', 'a:3:{i:0;a:10:{s:9:\"item_name\";s:9:\"Test item\";s:7:\"item_id\";s:2:\"17\";s:6:\"qty_no\";i:3;s:4:\"rate\";s:3:\"100\";s:11:\"offer_price\";s:0:\"\";s:8:\"order_id\";i:17;s:12:\"is_customize\";i:0;s:7:\"is_deal\";s:1:\"0\";s:8:\"subTotal\";i:100;s:9:\"itemTotal\";i:300;}i:1;a:11:{s:9:\"item_name\";s:7:\"Starter\";s:7:\"item_id\";s:1:\"6\";s:6:\"qty_no\";i:2;s:4:\"rate\";s:0:\"\";s:11:\"offer_price\";s:0:\"\";s:8:\"order_id\";i:17;s:12:\"is_customize\";i:1;s:7:\"is_deal\";s:1:\"0\";s:8:\"subTotal\";i:350;s:9:\"itemTotal\";i:700;s:20:\"addons_category_list\";a:2:{i:0;a:3:{s:18:\"addons_category_id\";s:1:\"1\";s:15:\"addons_category\";s:7:\"Samossa\";s:11:\"addons_list\";a:1:{i:3;a:3:{s:10:\"add_ons_id\";s:1:\"6\";s:12:\"add_ons_name\";s:11:\"Extra Large\";s:13:\"add_ons_price\";s:3:\"150\";}}}i:1;a:3:{s:18:\"addons_category_id\";s:1:\"2\";s:15:\"addons_category\";s:7:\"Dessert\";s:11:\"addons_list\";a:1:{i:1;a:3:{s:10:\"add_ons_id\";s:1:\"8\";s:12:\"add_ons_name\";s:7:\"Extra 2\";s:13:\"add_ons_price\";s:3:\"200\";}}}}}i:2;a:11:{s:9:\"item_name\";s:7:\"Starter\";s:7:\"item_id\";s:1:\"6\";s:6:\"qty_no\";i:1;s:4:\"rate\";s:0:\"\";s:11:\"offer_price\";s:0:\"\";s:8:\"order_id\";i:17;s:12:\"is_customize\";i:1;s:7:\"is_deal\";s:1:\"0\";s:8:\"subTotal\";i:300;s:9:\"itemTotal\";i:300;s:20:\"addons_category_list\";a:2:{i:0;a:3:{s:18:\"addons_category_id\";s:1:\"1\";s:15:\"addons_category\";s:7:\"Samossa\";s:11:\"addons_list\";a:1:{i:1;a:3:{s:10:\"add_ons_id\";s:1:\"4\";s:12:\"add_ons_name\";s:5:\"Large\";s:13:\"add_ons_price\";s:3:\"100\";}}}i:1;a:3:{s:18:\"addons_category_id\";s:1:\"2\";s:15:\"addons_category\";s:7:\"Dessert\";s:11:\"addons_list\";a:1:{i:1;a:3:{s:10:\"add_ons_id\";s:1:\"8\";s:12:\"add_ons_name\";s:7:\"Extra 2\";s:13:\"add_ons_price\";s:3:\"200\";}}}}}}'),
(16, 18, 'a:0:{}', 'O:8:\"stdClass\":14:{s:4:\"name\";s:15:\"Demo restaurant\";s:5:\"image\";s:47:\"restaurant/ee1b43f891ddec71b62f365165e1405e.jpg\";s:12:\"phone_number\";s:11:\"44444444444\";s:5:\"email\";s:22:\"test233@mailinator.com\";s:11:\"amount_type\";N;s:6:\"amount\";N;s:7:\"address\";s:73:\"Lorem Ipsum is simply dummy text of the printing and typesetting industry\";s:8:\"landmark\";s:4:\"TEST\";s:7:\"zipcode\";s:5:\"00000\";s:4:\"city\";s:4:\"TESt\";s:8:\"latitude\";s:10:\"23.0751887\";s:9:\"longitude\";s:17:\"72.52568870000005\";s:15:\"currency_symbol\";s:1:\"$\";s:13:\"currency_code\";s:3:\"USD\";}', 'a:1:{i:0;a:10:{s:9:\"item_name\";s:9:\"Test item\";s:7:\"item_id\";s:2:\"17\";s:6:\"qty_no\";i:1;s:4:\"rate\";s:3:\"100\";s:11:\"offer_price\";s:0:\"\";s:8:\"order_id\";i:18;s:12:\"is_customize\";i:0;s:7:\"is_deal\";s:1:\"0\";s:8:\"subTotal\";i:100;s:9:\"itemTotal\";i:100;}}'),
(20, 22, 'a:0:{}', 'O:8:\"stdClass\":14:{s:4:\"name\";s:15:\"Demo restaurant\";s:5:\"image\";s:47:\"restaurant/ee1b43f891ddec71b62f365165e1405e.jpg\";s:12:\"phone_number\";s:11:\"44444444444\";s:5:\"email\";s:22:\"test233@mailinator.com\";s:11:\"amount_type\";N;s:6:\"amount\";N;s:7:\"address\";s:73:\"Lorem Ipsum is simply dummy text of the printing and typesetting industry\";s:8:\"landmark\";s:4:\"TEST\";s:7:\"zipcode\";s:5:\"00000\";s:4:\"city\";s:4:\"TESt\";s:8:\"latitude\";s:10:\"23.0751887\";s:9:\"longitude\";s:17:\"72.52568870000005\";s:15:\"currency_symbol\";s:1:\"$\";s:13:\"currency_code\";s:3:\"USD\";}', 'a:1:{i:0;a:10:{s:9:\"item_name\";s:9:\"Test item\";s:7:\"item_id\";s:2:\"17\";s:6:\"qty_no\";i:1;s:4:\"rate\";s:3:\"100\";s:11:\"offer_price\";s:0:\"\";s:8:\"order_id\";i:22;s:12:\"is_customize\";i:0;s:7:\"is_deal\";s:1:\"0\";s:8:\"subTotal\";i:100;s:9:\"itemTotal\";i:100;}}'),
(21, 23, 'a:8:{s:10:\"first_name\";s:3:\"Jay\";s:9:\"last_name\";s:0:\"\";s:7:\"address\";s:15:\"new testtesting\";s:8:\"landmark\";s:11:\"testtesting\";s:7:\"zipcode\";s:11:\"testtesting\";s:4:\"city\";s:11:\"testtesting\";s:8:\"latitude\";s:10:\"23.0757184\";s:9:\"longitude\";s:10:\"72.5090366\";}', 'O:8:\"stdClass\":14:{s:4:\"name\";s:15:\"Demo restaurant\";s:5:\"image\";s:47:\"restaurant/ee1b43f891ddec71b62f365165e1405e.jpg\";s:12:\"phone_number\";s:11:\"44444444444\";s:5:\"email\";s:22:\"test233@mailinator.com\";s:11:\"amount_type\";N;s:6:\"amount\";N;s:7:\"address\";s:73:\"Lorem Ipsum is simply dummy text of the printing and typesetting industry\";s:8:\"landmark\";s:4:\"TEST\";s:7:\"zipcode\";s:5:\"00000\";s:4:\"city\";s:4:\"TESt\";s:8:\"latitude\";s:10:\"23.0751887\";s:9:\"longitude\";s:17:\"72.52568870000005\";s:15:\"currency_symbol\";s:1:\"$\";s:13:\"currency_code\";s:3:\"USD\";}', 'a:2:{i:0;a:10:{s:9:\"item_name\";s:9:\"Test item\";s:7:\"item_id\";s:2:\"17\";s:6:\"qty_no\";i:1;s:4:\"rate\";s:3:\"100\";s:11:\"offer_price\";s:0:\"\";s:8:\"order_id\";i:23;s:12:\"is_customize\";i:0;s:7:\"is_deal\";s:1:\"0\";s:8:\"subTotal\";i:100;s:9:\"itemTotal\";i:100;}i:1;a:11:{s:9:\"item_name\";s:7:\"Starter\";s:7:\"item_id\";s:1:\"6\";s:6:\"qty_no\";i:1;s:4:\"rate\";s:0:\"\";s:11:\"offer_price\";s:0:\"\";s:8:\"order_id\";i:23;s:12:\"is_customize\";i:1;s:7:\"is_deal\";s:1:\"0\";s:8:\"subTotal\";i:200;s:9:\"itemTotal\";i:200;s:20:\"addons_category_list\";a:1:{i:0;a:3:{s:18:\"addons_category_id\";s:1:\"2\";s:15:\"addons_category\";s:7:\"Dessert\";s:11:\"addons_list\";a:1:{i:1;a:3:{s:10:\"add_ons_id\";s:1:\"8\";s:12:\"add_ons_name\";s:7:\"Extra 2\";s:13:\"add_ons_price\";s:3:\"200\";}}}}}}'),
(22, 24, 'a:8:{s:10:\"first_name\";s:3:\"Jay\";s:9:\"last_name\";s:0:\"\";s:7:\"address\";s:4:\"Home\";s:8:\"landmark\";s:95:\"D-706, Ganesh Meredian, Chanakyapuri Rd, Vishwas City 1, Sola, Ahmedabad, Gujarat 380061, India\";s:7:\"zipcode\";s:6:\"380061\";s:4:\"city\";s:7:\"Gujarat\";s:8:\"latitude\";s:9:\"23.075223\";s:9:\"longitude\";s:10:\"72.5254894\";}', 'O:8:\"stdClass\":14:{s:4:\"name\";s:15:\"Demo restaurant\";s:5:\"image\";s:47:\"restaurant/bee5f84b4bf0d90f166c1445b7985a11.jpg\";s:12:\"phone_number\";s:11:\"44444444444\";s:5:\"email\";s:22:\"test233@mailinator.com\";s:11:\"amount_type\";N;s:6:\"amount\";N;s:7:\"address\";s:73:\"Lorem Ipsum is simply dummy text of the printing and typesetting industry\";s:8:\"landmark\";s:4:\"TEST\";s:7:\"zipcode\";s:5:\"00000\";s:4:\"city\";s:4:\"TESt\";s:8:\"latitude\";s:10:\"23.0751887\";s:9:\"longitude\";s:17:\"72.52568870000005\";s:15:\"currency_symbol\";s:1:\"$\";s:13:\"currency_code\";s:3:\"USD\";}', 'a:2:{i:0;a:11:{s:9:\"item_name\";s:7:\"Starter\";s:7:\"item_id\";s:1:\"6\";s:6:\"qty_no\";i:1;s:4:\"rate\";s:0:\"\";s:11:\"offer_price\";s:0:\"\";s:8:\"order_id\";i:24;s:12:\"is_customize\";i:1;s:7:\"is_deal\";s:1:\"0\";s:8:\"subTotal\";i:350;s:9:\"itemTotal\";i:350;s:20:\"addons_category_list\";a:2:{i:0;a:3:{s:18:\"addons_category_id\";s:1:\"1\";s:15:\"addons_category\";s:7:\"Samossa\";s:11:\"addons_list\";a:1:{i:3;a:3:{s:10:\"add_ons_id\";s:1:\"6\";s:12:\"add_ons_name\";s:11:\"Extra Large\";s:13:\"add_ons_price\";s:3:\"150\";}}}i:1;a:3:{s:18:\"addons_category_id\";s:1:\"2\";s:15:\"addons_category\";s:7:\"Dessert\";s:11:\"addons_list\";a:1:{i:1;a:3:{s:10:\"add_ons_id\";s:1:\"8\";s:12:\"add_ons_name\";s:7:\"Extra 2\";s:13:\"add_ons_price\";s:3:\"200\";}}}}}i:1;a:10:{s:9:\"item_name\";s:9:\"Test item\";s:7:\"item_id\";s:2:\"17\";s:6:\"qty_no\";i:2;s:4:\"rate\";s:3:\"100\";s:11:\"offer_price\";s:0:\"\";s:8:\"order_id\";i:24;s:12:\"is_customize\";i:0;s:7:\"is_deal\";s:1:\"0\";s:8:\"subTotal\";i:100;s:9:\"itemTotal\";i:200;}}'),
(41, 43, 'a:8:{s:10:\"first_name\";s:5:\"Pooja\";s:9:\"last_name\";s:0:\"\";s:7:\"address\";s:3:\"New\";s:8:\"landmark\";s:95:\"D-706, Ganesh Meredian, Chanakyapuri Rd, Vishwas City 1, Sola, Ahmedabad, Gujarat 380061, India\";s:7:\"zipcode\";s:6:\"380061\";s:4:\"city\";s:7:\"Gujarat\";s:8:\"latitude\";s:10:\"23.0752148\";s:9:\"longitude\";s:10:\"72.5255014\";}', 'O:8:\"stdClass\":14:{s:4:\"name\";s:14:\"Taste the food\";s:5:\"image\";s:47:\"restaurant/31cfa9301fa8ad3410efa0f5f4b949c2.jpg\";s:12:\"phone_number\";s:10:\"9999999994\";s:5:\"email\";s:21:\"ranajit@evincedev.com\";s:11:\"amount_type\";N;s:6:\"amount\";N;s:7:\"address\";s:127:\"1st Floor, Parishram Elegant, Near HCG Cancer Centre, Sola-Science City Road, Off S.G. Highway, Sola, Ahmedabad, Gujarat 380060\";s:8:\"landmark\";s:12:\"South Corner\";s:7:\"zipcode\";s:6:\"090909\";s:4:\"city\";s:4:\"CITY\";s:8:\"latitude\";s:10:\"23.0705655\";s:9:\"longitude\";s:17:\"72.52157609999999\";s:15:\"currency_symbol\";s:1:\"$\";s:13:\"currency_code\";s:3:\"CAD\";}', 'a:1:{i:0;a:10:{s:9:\"item_name\";s:22:\"Black Berry Milk Shake\";s:7:\"item_id\";s:2:\"17\";s:6:\"qty_no\";i:1;s:4:\"rate\";s:3:\"150\";s:11:\"offer_price\";s:0:\"\";s:8:\"order_id\";i:43;s:12:\"is_customize\";i:0;s:7:\"is_deal\";s:1:\"0\";s:8:\"subTotal\";i:150;s:9:\"itemTotal\";i:150;}}'),
(45, 47, 'a:8:{s:10:\"first_name\";s:5:\"Pooja\";s:9:\"last_name\";s:0:\"\";s:7:\"address\";s:4:\"Home\";s:8:\"landmark\";s:95:\"D-706, Ganesh Meredian, Chanakyapuri Rd, Vishwas City 1, Sola, Ahmedabad, Gujarat 380061, India\";s:7:\"zipcode\";s:6:\"380061\";s:4:\"city\";s:7:\"Gujarat\";s:8:\"latitude\";s:9:\"23.075223\";s:9:\"longitude\";s:10:\"72.5254894\";}', 'O:8:\"stdClass\":14:{s:4:\"name\";s:29:\"Starwood Hospitality Services\";s:5:\"image\";s:47:\"restaurant/bee5f84b4bf0d90f166c1445b7985a11.jpg\";s:12:\"phone_number\";s:11:\"44444444444\";s:5:\"email\";s:22:\"test233@mailinator.com\";s:11:\"amount_type\";N;s:6:\"amount\";N;s:7:\"address\";s:164:\"Ganesh Meridian, Opp. Gujarat High Court, Opp. Amiraj Farm, Sola, S. G. Highway, D Block, Sarkhej - Gandhinagar Hwy, Vishwas City 1, Sola, Ahmedabad, Gujarat 380060\";s:8:\"landmark\";s:23:\"Opp. Gujarat High Court\";s:7:\"zipcode\";s:5:\"00000\";s:4:\"city\";s:4:\"TESt\";s:8:\"latitude\";s:17:\"23.06793372899164\";s:9:\"longitude\";s:17:\"72.54171777088621\";s:15:\"currency_symbol\";s:1:\"$\";s:13:\"currency_code\";s:3:\"USD\";}', 'a:1:{i:0;a:11:{s:9:\"item_name\";s:7:\"Starter\";s:7:\"item_id\";s:1:\"6\";s:6:\"qty_no\";i:1;s:4:\"rate\";s:0:\"\";s:11:\"offer_price\";s:0:\"\";s:8:\"order_id\";i:47;s:12:\"is_customize\";i:1;s:7:\"is_deal\";s:1:\"0\";s:8:\"subTotal\";i:150;s:9:\"itemTotal\";i:150;s:20:\"addons_category_list\";a:1:{i:0;a:3:{s:18:\"addons_category_id\";s:1:\"1\";s:15:\"addons_category\";s:5:\"Sauce\";s:11:\"addons_list\";a:1:{i:3;a:3:{s:10:\"add_ons_id\";s:1:\"6\";s:12:\"add_ons_name\";s:11:\"Extra Large\";s:13:\"add_ons_price\";s:3:\"150\";}}}}}}'),
(67, 69, 'a:0:{}', 'O:8:\"stdClass\":14:{s:4:\"name\";s:15:\"The Restaur\' IN\";s:5:\"image\";s:47:\"restaurant/ad5e5b1abc85bb890a2f823ab1d7be8e.jpg\";s:12:\"phone_number\";s:10:\"9999999994\";s:5:\"email\";s:14:\"paul@evdpl.com\";s:11:\"amount_type\";N;s:6:\"amount\";N;s:7:\"address\";s:63:\"Park Avenue South,5th Floor, New York City, New York, 10016 USA\";s:8:\"landmark\";s:12:\"South Corner\";s:7:\"zipcode\";s:6:\"090909\";s:4:\"city\";s:4:\"CITY\";s:8:\"latitude\";s:10:\"23.0705655\";s:9:\"longitude\";s:17:\"72.52157609999999\";s:15:\"currency_symbol\";s:1:\"$\";s:13:\"currency_code\";s:3:\"CAD\";}', 'a:1:{i:0;a:10:{s:9:\"item_name\";s:7:\"Strudel\";s:7:\"item_id\";s:2:\"37\";s:6:\"qty_no\";i:1;s:4:\"rate\";s:2:\"35\";s:11:\"offer_price\";s:0:\"\";s:8:\"order_id\";i:69;s:12:\"is_customize\";i:0;s:7:\"is_deal\";s:1:\"0\";s:8:\"subTotal\";i:35;s:9:\"itemTotal\";i:35;}}'),
(68, 70, 'a:0:{}', 'O:8:\"stdClass\":14:{s:4:\"name\";s:15:\"The Restaur\' IN\";s:5:\"image\";s:47:\"restaurant/ad5e5b1abc85bb890a2f823ab1d7be8e.jpg\";s:12:\"phone_number\";s:10:\"9999999994\";s:5:\"email\";s:14:\"paul@evdpl.com\";s:11:\"amount_type\";N;s:6:\"amount\";N;s:7:\"address\";s:63:\"Park Avenue South,5th Floor, New York City, New York, 10016 USA\";s:8:\"landmark\";s:12:\"South Corner\";s:7:\"zipcode\";s:6:\"090909\";s:4:\"city\";s:4:\"CITY\";s:8:\"latitude\";s:10:\"23.0705655\";s:9:\"longitude\";s:17:\"72.52157609999999\";s:15:\"currency_symbol\";s:1:\"$\";s:13:\"currency_code\";s:3:\"CAD\";}', 'a:1:{i:0;a:10:{s:9:\"item_name\";s:38:\"All Veg Triple Decker Grilled Sandwich\";s:7:\"item_id\";s:2:\"19\";s:6:\"qty_no\";i:1;s:4:\"rate\";s:3:\"550\";s:11:\"offer_price\";d:440;s:8:\"order_id\";i:70;s:12:\"is_customize\";i:0;s:7:\"is_deal\";s:1:\"0\";s:8:\"subTotal\";i:550;s:9:\"itemTotal\";i:550;}}'),
(69, 71, 'a:8:{s:10:\"first_name\";s:4:\"Test\";s:9:\"last_name\";s:4:\"test\";s:7:\"address\";s:16:\"ganesh meridian \";s:8:\"landmark\";s:4:\"test\";s:7:\"zipcode\";s:6:\"353454\";s:4:\"city\";s:4:\"city\";s:8:\"latitude\";s:0:\"\";s:9:\"longitude\";s:0:\"\";}', 'O:8:\"stdClass\":14:{s:4:\"name\";s:15:\"The Restaur\' IN\";s:5:\"image\";s:47:\"restaurant/ad5e5b1abc85bb890a2f823ab1d7be8e.jpg\";s:12:\"phone_number\";s:10:\"9999999994\";s:5:\"email\";s:14:\"paul@evdpl.com\";s:11:\"amount_type\";N;s:6:\"amount\";N;s:7:\"address\";s:63:\"Park Avenue South,5th Floor, New York City, New York, 10016 USA\";s:8:\"landmark\";s:12:\"South Corner\";s:7:\"zipcode\";s:6:\"090909\";s:4:\"city\";s:4:\"CITY\";s:8:\"latitude\";s:10:\"23.0705655\";s:9:\"longitude\";s:17:\"72.52157609999999\";s:15:\"currency_symbol\";s:1:\"$\";s:13:\"currency_code\";s:3:\"CAD\";}', 'a:1:{i:0;a:10:{s:9:\"item_name\";s:38:\"All Veg Triple Decker Grilled Sandwich\";s:7:\"item_id\";s:2:\"19\";s:6:\"qty_no\";i:1;s:4:\"rate\";s:3:\"550\";s:11:\"offer_price\";s:0:\"\";s:8:\"order_id\";i:71;s:12:\"is_customize\";i:0;s:7:\"is_deal\";s:1:\"0\";s:8:\"subTotal\";i:550;s:9:\"itemTotal\";i:550;}}'),
(70, 72, 'a:8:{s:10:\"first_name\";s:7:\"Eatance\";s:9:\"last_name\";s:4:\"User\";s:7:\"address\";s:13:\"Test  Address\";s:8:\"landmark\";s:4:\"Test\";s:7:\"zipcode\";s:5:\"45623\";s:4:\"city\";s:12:\"Test Address\";s:8:\"latitude\";s:9:\"37.064236\";s:9:\"longitude\";s:11:\"-95.6431662\";}', 'O:8:\"stdClass\":14:{s:4:\"name\";s:15:\"The Restaur\' IN\";s:5:\"image\";s:47:\"restaurant/ad5e5b1abc85bb890a2f823ab1d7be8e.jpg\";s:12:\"phone_number\";s:10:\"9999999994\";s:5:\"email\";s:14:\"paul@evdpl.com\";s:11:\"amount_type\";N;s:6:\"amount\";N;s:7:\"address\";s:63:\"Park Avenue South,5th Floor, New York City, New York, 10016 USA\";s:8:\"landmark\";s:12:\"South Corner\";s:7:\"zipcode\";s:6:\"090909\";s:4:\"city\";s:4:\"CITY\";s:8:\"latitude\";s:10:\"23.0705655\";s:9:\"longitude\";s:17:\"72.52157609999999\";s:15:\"currency_symbol\";s:1:\"$\";s:13:\"currency_code\";s:3:\"CAD\";}', 'a:1:{i:0;a:10:{s:9:\"item_name\";s:38:\"All Veg Triple Decker Grilled Sandwich\";s:7:\"item_id\";s:2:\"19\";s:6:\"qty_no\";i:1;s:4:\"rate\";s:3:\"550\";s:11:\"offer_price\";s:0:\"\";s:8:\"order_id\";i:72;s:12:\"is_customize\";i:0;s:7:\"is_deal\";s:1:\"0\";s:8:\"subTotal\";i:550;s:9:\"itemTotal\";i:550;}}'),
(71, 73, 'a:8:{s:10:\"first_name\";s:7:\"Eatance\";s:9:\"last_name\";s:4:\"User\";s:7:\"address\";s:13:\"Test  Address\";s:8:\"landmark\";s:4:\"Test\";s:7:\"zipcode\";s:5:\"45623\";s:4:\"city\";s:12:\"Test Address\";s:8:\"latitude\";s:9:\"37.064236\";s:9:\"longitude\";s:11:\"-95.6431662\";}', 'O:8:\"stdClass\":14:{s:4:\"name\";s:15:\"The Restaur\' IN\";s:5:\"image\";s:47:\"restaurant/ad5e5b1abc85bb890a2f823ab1d7be8e.jpg\";s:12:\"phone_number\";s:10:\"9999999994\";s:5:\"email\";s:14:\"paul@evdpl.com\";s:11:\"amount_type\";N;s:6:\"amount\";N;s:7:\"address\";s:63:\"Park Avenue South,5th Floor, New York City, New York, 10016 USA\";s:8:\"landmark\";s:12:\"South Corner\";s:7:\"zipcode\";s:6:\"090909\";s:4:\"city\";s:4:\"CITY\";s:8:\"latitude\";s:10:\"23.0705655\";s:9:\"longitude\";s:17:\"72.52157609999999\";s:15:\"currency_symbol\";s:1:\"$\";s:13:\"currency_code\";s:3:\"CAD\";}', 'a:3:{i:0;a:10:{s:9:\"item_name\";s:7:\"Waffles\";s:7:\"item_id\";s:2:\"39\";s:6:\"qty_no\";i:1;s:4:\"rate\";s:2:\"45\";s:11:\"offer_price\";s:0:\"\";s:8:\"order_id\";i:73;s:12:\"is_customize\";i:0;s:7:\"is_deal\";s:1:\"0\";s:8:\"subTotal\";i:45;s:9:\"itemTotal\";i:45;}i:1;a:10:{s:9:\"item_name\";s:7:\"Strudel\";s:7:\"item_id\";s:2:\"37\";s:6:\"qty_no\";i:1;s:4:\"rate\";s:2:\"35\";s:11:\"offer_price\";s:0:\"\";s:8:\"order_id\";i:73;s:12:\"is_customize\";i:0;s:7:\"is_deal\";s:1:\"0\";s:8:\"subTotal\";i:35;s:9:\"itemTotal\";i:35;}i:2;a:10:{s:9:\"item_name\";s:7:\"Strudel\";s:7:\"item_id\";s:2:\"38\";s:6:\"qty_no\";i:1;s:4:\"rate\";s:2:\"35\";s:11:\"offer_price\";s:0:\"\";s:8:\"order_id\";i:73;s:12:\"is_customize\";i:0;s:7:\"is_deal\";s:1:\"0\";s:8:\"subTotal\";i:35;s:9:\"itemTotal\";i:35;}}'),
(72, 74, 'a:8:{s:10:\"first_name\";s:4:\"Demo\";s:9:\"last_name\";s:4:\"User\";s:7:\"address\";s:83:\"07, opp. Kargil Petrol Pump, Vishwas City 1, Sola, Ahmedabad, Gujarat 380060, India\";s:8:\"landmark\";s:18:\"Kargil Petrol Pump\";s:7:\"zipcode\";s:0:\"\";s:4:\"city\";N;s:8:\"latitude\";s:18:\"23.075208440870412\";s:9:\"longitude\";s:17:\"72.52583890370488\";}', 'O:8:\"stdClass\":14:{s:4:\"name\";s:14:\"The Restaur IN\";s:5:\"image\";s:47:\"restaurant/ad5e5b1abc85bb890a2f823ab1d7be8e.jpg\";s:12:\"phone_number\";s:10:\"9999999994\";s:5:\"email\";s:14:\"paul@evdpl.com\";s:11:\"amount_type\";N;s:6:\"amount\";N;s:7:\"address\";s:63:\"Park Avenue South,5th Floor, New York City, New York, 10016 USA\";s:8:\"landmark\";s:12:\"South Corner\";s:7:\"zipcode\";s:6:\"090909\";s:4:\"city\";s:4:\"CITY\";s:8:\"latitude\";s:10:\"23.0705655\";s:9:\"longitude\";s:17:\"72.52157609999999\";s:15:\"currency_symbol\";s:1:\"$\";s:13:\"currency_code\";s:3:\"CAD\";}', 'a:1:{i:0;a:10:{s:9:\"item_name\";s:38:\"All Veg Triple Decker Grilled Sandwich\";s:7:\"item_id\";s:2:\"19\";s:6:\"qty_no\";i:1;s:4:\"rate\";s:3:\"550\";s:11:\"offer_price\";s:0:\"\";s:8:\"order_id\";i:74;s:12:\"is_customize\";i:0;s:7:\"is_deal\";s:1:\"0\";s:8:\"subTotal\";i:550;s:9:\"itemTotal\";i:550;}}'),
(74, 76, 'a:8:{s:10:\"first_name\";s:4:\"Demo\";s:9:\"last_name\";s:4:\"User\";s:7:\"address\";s:58:\"A4, Local Rd, Ghatlodiya, Ahmedabad, Gujarat 380061, India\";s:8:\"landmark\";s:10:\"Ghatlodiya\";s:7:\"zipcode\";s:0:\"\";s:4:\"city\";N;s:8:\"latitude\";s:17:\"23.06922077696175\";s:9:\"longitude\";s:17:\"72.53723129820361\";}', 'O:8:\"stdClass\":14:{s:4:\"name\";s:22:\"Homewoodiee Restaurant\";s:5:\"image\";s:47:\"restaurant/f4f4820cd261cde4d2117bf955633129.jpg\";s:12:\"phone_number\";s:10:\"9465665999\";s:5:\"email\";s:22:\"homewood12@yopmail.com\";s:11:\"amount_type\";N;s:6:\"amount\";N;s:7:\"address\";s:56:\"VRV9+HF San José de Gaauanipa, Anzjfgoategui, Venezuela\";s:8:\"landmark\";s:8:\"Gaauanip\";s:7:\"zipcode\";s:5:\"12356\";s:4:\"city\";s:9:\"Gaauanipa\";s:8:\"latitude\";s:17:\"33.22715811251363\";s:9:\"longitude\";s:18:\"-87.03797499999999\";s:15:\"currency_symbol\";s:1:\"$\";s:13:\"currency_code\";s:3:\"USD\";}', 'a:1:{i:0;a:10:{s:9:\"item_name\";s:28:\"Potato Burger & French Fries\";s:7:\"item_id\";s:2:\"40\";s:6:\"qty_no\";i:3;s:4:\"rate\";s:5:\"70.00\";s:11:\"offer_price\";s:0:\"\";s:8:\"order_id\";i:76;s:12:\"is_customize\";i:0;s:7:\"is_deal\";s:1:\"0\";s:8:\"subTotal\";d:70;s:9:\"itemTotal\";d:210;}}'),
(75, 77, 'a:8:{s:10:\"first_name\";s:4:\"Demo\";s:9:\"last_name\";s:4:\"User\";s:7:\"address\";s:83:\"07, opp. Kargil Petrol Pump, Vishwas City 1, Sola, Ahmedabad, Gujarat 380060, India\";s:8:\"landmark\";s:18:\"Kargil Petrol Pump\";s:7:\"zipcode\";s:0:\"\";s:4:\"city\";N;s:8:\"latitude\";s:18:\"23.075208440870412\";s:9:\"longitude\";s:17:\"72.52583890370488\";}', 'O:8:\"stdClass\":14:{s:4:\"name\";s:14:\"The Restaur IN\";s:5:\"image\";s:47:\"restaurant/ad5e5b1abc85bb890a2f823ab1d7be8e.jpg\";s:12:\"phone_number\";s:10:\"9999999994\";s:5:\"email\";s:14:\"paul@evdpl.com\";s:11:\"amount_type\";N;s:6:\"amount\";N;s:7:\"address\";s:63:\"Park Avenue South,5th Floor, New York City, New York, 10016 USA\";s:8:\"landmark\";s:12:\"South Corner\";s:7:\"zipcode\";s:6:\"090909\";s:4:\"city\";s:4:\"CITY\";s:8:\"latitude\";s:10:\"23.0705655\";s:9:\"longitude\";s:17:\"72.52157609999999\";s:15:\"currency_symbol\";s:1:\"$\";s:13:\"currency_code\";s:3:\"CAD\";}', 'a:1:{i:0;a:10:{s:9:\"item_name\";s:38:\"All Veg Triple Decker Grilled Sandwich\";s:7:\"item_id\";s:2:\"19\";s:6:\"qty_no\";i:1;s:4:\"rate\";s:6:\"550.00\";s:11:\"offer_price\";s:0:\"\";s:8:\"order_id\";i:77;s:12:\"is_customize\";i:0;s:7:\"is_deal\";s:1:\"0\";s:8:\"subTotal\";d:550;s:9:\"itemTotal\";d:550;}}'),
(77, 79, 'a:8:{s:10:\"first_name\";s:4:\"Demo\";s:9:\"last_name\";s:4:\"User\";s:7:\"address\";s:83:\"07, opp. Kargil Petrol Pump, Vishwas City 1, Sola, Ahmedabad, Gujarat 380060, India\";s:8:\"landmark\";s:18:\"Kargil Petrol Pump\";s:7:\"zipcode\";s:0:\"\";s:4:\"city\";N;s:8:\"latitude\";s:18:\"23.075208440870412\";s:9:\"longitude\";s:17:\"72.52583890370488\";}', 'O:8:\"stdClass\":14:{s:4:\"name\";s:14:\"The Restaur IN\";s:5:\"image\";s:47:\"restaurant/ad5e5b1abc85bb890a2f823ab1d7be8e.jpg\";s:12:\"phone_number\";s:10:\"9999999994\";s:5:\"email\";s:14:\"paul@evdpl.com\";s:11:\"amount_type\";N;s:6:\"amount\";N;s:7:\"address\";s:63:\"Park Avenue South,5th Floor, New York City, New York, 10016 USA\";s:8:\"landmark\";s:12:\"South Corner\";s:7:\"zipcode\";s:6:\"090909\";s:4:\"city\";s:4:\"CITY\";s:8:\"latitude\";s:10:\"23.0705655\";s:9:\"longitude\";s:17:\"72.52157609999999\";s:15:\"currency_symbol\";s:1:\"$\";s:13:\"currency_code\";s:3:\"CAD\";}', 'a:1:{i:0;a:10:{s:9:\"item_name\";s:7:\"Waffles\";s:7:\"item_id\";s:2:\"39\";s:6:\"qty_no\";i:1;s:4:\"rate\";s:5:\"45.00\";s:11:\"offer_price\";s:0:\"\";s:8:\"order_id\";i:79;s:12:\"is_customize\";i:0;s:7:\"is_deal\";s:1:\"0\";s:8:\"subTotal\";d:45;s:9:\"itemTotal\";d:45;}}'),
(78, 80, 'a:8:{s:10:\"first_name\";s:6:\"Miguel\";s:9:\"last_name\";s:0:\"\";s:7:\"address\";s:21:\"Alegranza Residential\";s:8:\"landmark\";s:15:\"landmark costco\";s:7:\"zipcode\";s:5:\"83113\";s:4:\"city\";s:10:\"Hermosillo\";s:8:\"latitude\";s:0:\"\";s:9:\"longitude\";s:0:\"\";}', 'O:8:\"stdClass\":14:{s:4:\"name\";s:14:\"The Restaur IN\";s:5:\"image\";s:47:\"restaurant/ad5e5b1abc85bb890a2f823ab1d7be8e.jpg\";s:12:\"phone_number\";s:10:\"9999999994\";s:5:\"email\";s:14:\"paul@evdpl.com\";s:11:\"amount_type\";N;s:6:\"amount\";N;s:7:\"address\";s:63:\"Park Avenue South,5th Floor, New York City, New York, 10016 USA\";s:8:\"landmark\";s:12:\"South Corner\";s:7:\"zipcode\";s:6:\"090909\";s:4:\"city\";s:4:\"CITY\";s:8:\"latitude\";s:10:\"23.0705655\";s:9:\"longitude\";s:17:\"72.52157609999999\";s:15:\"currency_symbol\";s:1:\"$\";s:13:\"currency_code\";s:3:\"CAD\";}', 'a:1:{i:0;a:10:{s:9:\"item_name\";s:38:\"All Veg Triple Decker Grilled Sandwich\";s:7:\"item_id\";s:2:\"19\";s:6:\"qty_no\";i:1;s:4:\"rate\";s:6:\"550.00\";s:11:\"offer_price\";s:0:\"\";s:8:\"order_id\";i:80;s:12:\"is_customize\";i:0;s:7:\"is_deal\";s:1:\"0\";s:8:\"subTotal\";d:550;s:9:\"itemTotal\";d:550;}}'),
(79, 81, 'a:8:{s:10:\"first_name\";s:3:\"FSC\";s:9:\"last_name\";s:0:\"\";s:7:\"address\";s:25:\"Campodonico 24 Centenario\";s:8:\"landmark\";s:6:\"Sonora\";s:7:\"zipcode\";s:5:\"83260\";s:4:\"city\";s:10:\"Hermosillo\";s:8:\"latitude\";s:0:\"\";s:9:\"longitude\";s:0:\"\";}', 'O:8:\"stdClass\":14:{s:4:\"name\";s:13:\"Doner & Gyros\";s:5:\"image\";s:47:\"restaurant/8162364a46c77c090de3f36706172d1b.jpg\";s:12:\"phone_number\";s:10:\"7878787878\";s:5:\"email\";s:19:\"doner12@yopmail.com\";s:11:\"amount_type\";N;s:6:\"amount\";N;s:7:\"address\";s:50:\"72 Street, WVRF+V4 San Tome, Anzoategui, Venezuela\";s:8:\"landmark\";s:10:\"Anzoategui\";s:7:\"zipcode\";s:6:\"123456\";s:4:\"city\";s:10:\"Anzoategui\";s:8:\"latitude\";s:17:\"8.943501703492087\";s:9:\"longitude\";s:18:\"-64.12680126190185\";s:15:\"currency_symbol\";s:1:\"$\";s:13:\"currency_code\";s:3:\"USD\";}', 'a:2:{i:0;a:10:{s:9:\"item_name\";s:21:\"Cremo Bueno Ice Cream\";s:7:\"item_id\";s:2:\"42\";s:6:\"qty_no\";i:1;s:4:\"rate\";s:6:\"100.00\";s:11:\"offer_price\";s:0:\"\";s:8:\"order_id\";i:81;s:12:\"is_customize\";i:0;s:7:\"is_deal\";s:1:\"0\";s:8:\"subTotal\";d:100;s:9:\"itemTotal\";d:100;}i:1;a:10:{s:9:\"item_name\";s:31:\"Salted Butter Caramel Ice Cream\";s:7:\"item_id\";s:2:\"41\";s:6:\"qty_no\";i:4;s:4:\"rate\";s:5:\"80.85\";s:11:\"offer_price\";s:0:\"\";s:8:\"order_id\";i:81;s:12:\"is_customize\";i:0;s:7:\"is_deal\";s:1:\"0\";s:8:\"subTotal\";d:80.849999999999994315658113919198513031005859375;s:9:\"itemTotal\";d:323.3999999999999772626324556767940521240234375;}}'),
(80, 82, 'a:8:{s:10:\"first_name\";s:4:\"Test\";s:9:\"last_name\";s:4:\"test\";s:7:\"address\";s:64:\"Ghatlodia, Shayona City, Chanakyapuri, Ahmedabad, Gujarat, India\";s:8:\"landmark\";s:12:\"Chanakyapuri\";s:7:\"zipcode\";s:6:\"380061\";s:4:\"city\";s:9:\"Ahmedabad\";s:8:\"latitude\";s:10:\"23.0747676\";s:9:\"longitude\";s:9:\"72.535598\";}', 'O:8:\"stdClass\":14:{s:4:\"name\";s:13:\"Doner & Gyros\";s:5:\"image\";s:47:\"restaurant/8162364a46c77c090de3f36706172d1b.jpg\";s:12:\"phone_number\";s:10:\"7878787878\";s:5:\"email\";s:19:\"doner12@yopmail.com\";s:11:\"amount_type\";N;s:6:\"amount\";N;s:7:\"address\";s:50:\"72 Street, WVRF+V4 San Tome, Anzoategui, Venezuela\";s:8:\"landmark\";s:10:\"Anzoategui\";s:7:\"zipcode\";s:6:\"123456\";s:4:\"city\";s:10:\"Anzoategui\";s:8:\"latitude\";s:17:\"8.943501703492087\";s:9:\"longitude\";s:18:\"-64.12680126190185\";s:15:\"currency_symbol\";s:1:\"$\";s:13:\"currency_code\";s:3:\"USD\";}', 'a:2:{i:0;a:10:{s:9:\"item_name\";s:21:\"Cremo Bueno Ice Cream\";s:7:\"item_id\";s:2:\"42\";s:6:\"qty_no\";i:1;s:4:\"rate\";s:6:\"100.00\";s:11:\"offer_price\";s:0:\"\";s:8:\"order_id\";i:82;s:12:\"is_customize\";i:0;s:7:\"is_deal\";s:1:\"0\";s:8:\"subTotal\";d:100;s:9:\"itemTotal\";d:100;}i:1;a:10:{s:9:\"item_name\";s:31:\"Salted Butter Caramel Ice Cream\";s:7:\"item_id\";s:2:\"41\";s:6:\"qty_no\";i:1;s:4:\"rate\";s:5:\"80.85\";s:11:\"offer_price\";s:0:\"\";s:8:\"order_id\";i:82;s:12:\"is_customize\";i:0;s:7:\"is_deal\";s:1:\"0\";s:8:\"subTotal\";d:80.849999999999994315658113919198513031005859375;s:9:\"itemTotal\";d:80.849999999999994315658113919198513031005859375;}}');
INSERT INTO `order_detail` (`entity_id`, `order_id`, `user_detail`, `restaurant_detail`, `item_detail`) VALUES
(81, 83, 'a:8:{s:10:\"first_name\";s:4:\"Test\";s:9:\"last_name\";s:4:\"test\";s:7:\"address\";s:66:\"Ghatkopar, Sindhu Wadi, Ghatkopar East, Mumbai, Maharashtra, India\";s:8:\"landmark\";s:14:\"Ghatkopar East\";s:7:\"zipcode\";s:5:\"65466\";s:4:\"city\";s:11:\"Maharashtra\";s:8:\"latitude\";s:10:\"30.2293689\";s:9:\"longitude\";s:11:\"-97.9279206\";}', 'O:8:\"stdClass\":14:{s:4:\"name\";s:13:\"Doner & Gyros\";s:5:\"image\";s:47:\"restaurant/8162364a46c77c090de3f36706172d1b.jpg\";s:12:\"phone_number\";s:10:\"7878787878\";s:5:\"email\";s:19:\"doner12@yopmail.com\";s:11:\"amount_type\";N;s:6:\"amount\";N;s:7:\"address\";s:50:\"72 Street, WVRF+V4 San Tome, Anzoategui, Venezuela\";s:8:\"landmark\";s:10:\"Anzoategui\";s:7:\"zipcode\";s:6:\"123456\";s:4:\"city\";s:10:\"Anzoategui\";s:8:\"latitude\";s:17:\"8.943501703492087\";s:9:\"longitude\";s:18:\"-64.12680126190185\";s:15:\"currency_symbol\";s:1:\"$\";s:13:\"currency_code\";s:3:\"USD\";}', 'a:1:{i:0;a:11:{s:9:\"item_name\";s:5:\"sdafg\";s:7:\"item_id\";s:2:\"51\";s:6:\"qty_no\";i:1;s:4:\"rate\";s:0:\"\";s:11:\"offer_price\";s:0:\"\";s:8:\"order_id\";i:83;s:12:\"is_customize\";i:1;s:7:\"is_deal\";s:1:\"0\";s:8:\"subTotal\";d:407;s:9:\"itemTotal\";d:407;s:20:\"addons_category_list\";a:4:{i:0;a:3:{s:18:\"addons_category_id\";s:1:\"1\";s:15:\"addons_category\";s:5:\"Sauce\";s:11:\"addons_list\";a:3:{i:0;a:3:{s:10:\"add_ons_id\";s:3:\"127\";s:12:\"add_ons_name\";s:7:\"dfgerwg\";s:13:\"add_ons_price\";s:5:\"54.00\";}i:1;a:3:{s:10:\"add_ons_id\";s:3:\"128\";s:12:\"add_ons_name\";s:4:\"dfhg\";s:13:\"add_ons_price\";s:5:\"45.00\";}i:2;a:3:{s:10:\"add_ons_id\";s:3:\"129\";s:12:\"add_ons_name\";s:4:\"eryw\";s:13:\"add_ons_price\";s:5:\"45.00\";}}}i:1;a:3:{s:18:\"addons_category_id\";s:1:\"2\";s:15:\"addons_category\";s:6:\"Chatni\";s:11:\"addons_list\";a:1:{i:3;a:3:{s:10:\"add_ons_id\";s:3:\"134\";s:12:\"add_ons_name\";s:4:\"rteh\";s:13:\"add_ons_price\";s:5:\"45.00\";}}}i:2;a:3:{s:18:\"addons_category_id\";s:1:\"7\";s:15:\"addons_category\";s:4:\"Size\";s:11:\"addons_list\";a:3:{i:0;a:3:{s:10:\"add_ons_id\";s:3:\"135\";s:12:\"add_ons_name\";s:5:\"rthth\";s:13:\"add_ons_price\";s:5:\"54.00\";}i:1;a:3:{s:10:\"add_ons_id\";s:3:\"136\";s:12:\"add_ons_name\";s:4:\"rthe\";s:13:\"add_ons_price\";s:5:\"54.00\";}i:2;a:3:{s:10:\"add_ons_id\";s:3:\"137\";s:12:\"add_ons_name\";s:4:\"rteh\";s:13:\"add_ons_price\";s:5:\"56.00\";}}}i:3;a:3:{s:18:\"addons_category_id\";s:1:\"8\";s:15:\"addons_category\";s:6:\"Pickle\";s:11:\"addons_list\";a:1:{i:0;a:3:{s:10:\"add_ons_id\";s:3:\"138\";s:12:\"add_ons_name\";s:4:\"heth\";s:13:\"add_ons_price\";s:5:\"54.00\";}}}}}}'),
(82, 84, 'a:8:{s:10:\"first_name\";s:11:\"Test edited\";s:9:\"last_name\";s:4:\"test\";s:7:\"address\";s:64:\"Ghatlodia, Shayona City, Chanakyapuri, Ahmedabad, Gujarat, India\";s:8:\"landmark\";s:12:\"Chanakyapuri\";s:7:\"zipcode\";s:6:\"380061\";s:4:\"city\";s:9:\"Ahmedabad\";s:8:\"latitude\";s:10:\"23.0747676\";s:9:\"longitude\";s:9:\"72.535598\";}', 'O:8:\"stdClass\":14:{s:4:\"name\";s:13:\"Doner & Gyros\";s:5:\"image\";s:47:\"restaurant/8162364a46c77c090de3f36706172d1b.jpg\";s:12:\"phone_number\";s:10:\"7878787878\";s:5:\"email\";s:19:\"doner12@yopmail.com\";s:11:\"amount_type\";N;s:6:\"amount\";N;s:7:\"address\";s:50:\"72 Street, WVRF+V4 San Tome, Anzoategui, Venezuela\";s:8:\"landmark\";s:10:\"Anzoategui\";s:7:\"zipcode\";s:6:\"123456\";s:4:\"city\";s:10:\"Anzoategui\";s:8:\"latitude\";s:17:\"8.943501703492087\";s:9:\"longitude\";s:18:\"-64.12680126190185\";s:15:\"currency_symbol\";s:1:\"$\";s:13:\"currency_code\";s:3:\"USD\";}', 'a:2:{i:0;a:10:{s:9:\"item_name\";s:31:\"Salted Butter Caramel Ice Cream\";s:7:\"item_id\";s:2:\"41\";s:6:\"qty_no\";i:1;s:4:\"rate\";s:5:\"80.85\";s:11:\"offer_price\";s:0:\"\";s:8:\"order_id\";i:84;s:12:\"is_customize\";i:0;s:7:\"is_deal\";s:1:\"0\";s:8:\"subTotal\";d:80.849999999999994315658113919198513031005859375;s:9:\"itemTotal\";d:80.849999999999994315658113919198513031005859375;}i:1;a:11:{s:9:\"item_name\";s:5:\"sdafg\";s:7:\"item_id\";s:2:\"51\";s:6:\"qty_no\";i:1;s:4:\"rate\";s:0:\"\";s:11:\"offer_price\";s:0:\"\";s:8:\"order_id\";i:84;s:12:\"is_customize\";i:1;s:7:\"is_deal\";s:1:\"0\";s:8:\"subTotal\";d:819;s:9:\"itemTotal\";d:819;s:20:\"addons_category_list\";a:3:{i:0;a:3:{s:18:\"addons_category_id\";s:1:\"1\";s:15:\"addons_category\";s:5:\"Sauce\";s:11:\"addons_list\";a:4:{i:0;a:3:{s:10:\"add_ons_id\";s:3:\"127\";s:12:\"add_ons_name\";s:7:\"dfgerwg\";s:13:\"add_ons_price\";s:5:\"54.00\";}i:1;a:3:{s:10:\"add_ons_id\";s:3:\"128\";s:12:\"add_ons_name\";s:4:\"dfhg\";s:13:\"add_ons_price\";s:5:\"45.00\";}i:2;a:3:{s:10:\"add_ons_id\";s:3:\"129\";s:12:\"add_ons_name\";s:4:\"eryw\";s:13:\"add_ons_price\";s:5:\"45.00\";}i:3;a:3:{s:10:\"add_ons_id\";s:3:\"130\";s:12:\"add_ons_name\";s:2:\"fh\";s:13:\"add_ons_price\";s:5:\"54.00\";}}}i:1;a:3:{s:18:\"addons_category_id\";s:1:\"2\";s:15:\"addons_category\";s:6:\"Chatni\";s:11:\"addons_list\";a:1:{i:1;a:3:{s:10:\"add_ons_id\";s:3:\"132\";s:12:\"add_ons_name\";s:5:\"ghrth\";s:13:\"add_ons_price\";s:5:\"54.00\";}}}i:2;a:3:{s:18:\"addons_category_id\";s:1:\"8\";s:15:\"addons_category\";s:6:\"Pickle\";s:11:\"addons_list\";a:1:{i:1;a:3:{s:10:\"add_ons_id\";s:3:\"139\";s:12:\"add_ons_name\";s:3:\"fhe\";s:13:\"add_ons_price\";s:6:\"567.00\";}}}}}}'),
(98, 100, 'a:8:{s:10:\"first_name\";s:8:\"Kristine\";s:9:\"last_name\";s:8:\"martinek\";s:7:\"address\";s:3:\"exe\";s:8:\"landmark\";s:4:\"rdxd\";s:7:\"zipcode\";s:4:\"eswe\";s:4:\"city\";s:4:\"ytgt\";s:8:\"latitude\";s:0:\"\";s:9:\"longitude\";s:0:\"\";}', 'O:8:\"stdClass\":14:{s:4:\"name\";s:9:\"Pizza hut\";s:5:\"image\";s:47:\"restaurant/82338f711b23b368f383280df9a9c048.jpg\";s:12:\"phone_number\";s:7:\"4634775\";s:5:\"email\";s:18:\"pizzahut@gmail.com\";s:11:\"amount_type\";N;s:6:\"amount\";N;s:7:\"address\";s:28:\"Pizza Hut, Fairborn, OH, USA\";s:8:\"landmark\";s:24:\"Fairborn Municipal Court\";s:7:\"zipcode\";s:6:\"567868\";s:4:\"city\";s:2:\"OH\";s:8:\"latitude\";s:8:\"39.80529\";s:9:\"longitude\";s:9:\"-84.03116\";s:15:\"currency_symbol\";s:3:\"₹\";s:13:\"currency_code\";s:3:\"INR\";}', 'a:1:{i:0;a:11:{s:9:\"item_name\";s:5:\"Pizza\";s:7:\"item_id\";s:2:\"48\";s:6:\"qty_no\";i:1;s:4:\"rate\";s:0:\"\";s:11:\"offer_price\";s:0:\"\";s:8:\"order_id\";i:100;s:12:\"is_customize\";i:1;s:7:\"is_deal\";s:1:\"0\";s:8:\"subTotal\";d:235;s:9:\"itemTotal\";d:235;s:20:\"addons_category_list\";a:2:{i:0;a:3:{s:18:\"addons_category_id\";s:1:\"1\";s:15:\"addons_category\";s:5:\"Sauce\";s:11:\"addons_list\";a:2:{i:0;a:3:{s:10:\"add_ons_id\";s:3:\"124\";s:12:\"add_ons_name\";s:7:\"Ketchup\";s:13:\"add_ons_price\";s:6:\"200.00\";}i:1;a:3:{s:10:\"add_ons_id\";s:3:\"125\";s:12:\"add_ons_name\";s:12:\"Chilli Sauce\";s:13:\"add_ons_price\";s:5:\"20.00\";}}}i:1;a:3:{s:18:\"addons_category_id\";s:1:\"2\";s:15:\"addons_category\";s:6:\"Chatni\";s:11:\"addons_list\";a:1:{i:0;a:3:{s:10:\"add_ons_id\";s:3:\"126\";s:12:\"add_ons_name\";s:10:\"Soya Sauce\";s:13:\"add_ons_price\";s:5:\"15.00\";}}}}}}'),
(118, 120, 'a:8:{s:10:\"first_name\";s:7:\"Surabhi\";s:9:\"last_name\";s:5:\"Tomer\";s:7:\"address\";s:30:\"Vishwas City 1, Gujarat, India\";s:8:\"landmark\";s:4:\"Sola\";s:7:\"zipcode\";s:8:\"63897289\";s:4:\"city\";s:9:\"Ahmedabad\";s:8:\"latitude\";s:10:\"23.0751887\";s:9:\"longitude\";s:10:\"72.5256887\";}', 'O:8:\"stdClass\":14:{s:4:\"name\";s:13:\"Doner & Gyros\";s:5:\"image\";s:47:\"restaurant/8162364a46c77c090de3f36706172d1b.jpg\";s:12:\"phone_number\";s:10:\"7878787878\";s:5:\"email\";s:19:\"doner12@yopmail.com\";s:11:\"amount_type\";N;s:6:\"amount\";N;s:7:\"address\";s:50:\"72 Street, WVRF+V4 San Tome, Anzoategui, Venezuela\";s:8:\"landmark\";s:10:\"Anzoategui\";s:7:\"zipcode\";s:6:\"123456\";s:4:\"city\";s:10:\"Anzoategui\";s:8:\"latitude\";s:17:\"8.943501703492087\";s:9:\"longitude\";s:18:\"-64.12680126190185\";s:15:\"currency_symbol\";s:1:\"$\";s:13:\"currency_code\";s:3:\"USD\";}', 'a:2:{i:0;a:10:{s:9:\"item_name\";s:31:\"Salted Butter Caramel Ice Cream\";s:7:\"item_id\";s:2:\"41\";s:6:\"qty_no\";i:1;s:4:\"rate\";s:5:\"80.85\";s:11:\"offer_price\";s:0:\"\";s:8:\"order_id\";i:120;s:12:\"is_customize\";i:0;s:7:\"is_deal\";s:1:\"0\";s:8:\"subTotal\";d:80.849999999999994315658113919198513031005859375;s:9:\"itemTotal\";d:80.849999999999994315658113919198513031005859375;}i:1;a:10:{s:9:\"item_name\";s:21:\"Cremo Bueno Ice Cream\";s:7:\"item_id\";s:2:\"42\";s:6:\"qty_no\";i:1;s:4:\"rate\";s:6:\"100.00\";s:11:\"offer_price\";s:0:\"\";s:8:\"order_id\";i:120;s:12:\"is_customize\";i:0;s:7:\"is_deal\";s:1:\"0\";s:8:\"subTotal\";d:100;s:9:\"itemTotal\";d:100;}}'),
(120, 122, 'a:8:{s:10:\"first_name\";s:7:\"Surabhi\";s:9:\"last_name\";s:5:\"Tomer\";s:7:\"address\";s:56:\"VRV9+HF San José de Gaauanipa, Anzjfgoategui, Venezuela\";s:8:\"landmark\";s:8:\"Gaauanip\";s:7:\"zipcode\";s:5:\"12356\";s:4:\"city\";s:9:\"Gaauanipa\";s:8:\"latitude\";s:9:\"9.9280694\";s:9:\"longitude\";s:11:\"-84.0907246\";}', 'O:8:\"stdClass\":14:{s:4:\"name\";s:13:\"Doner & Gyros\";s:5:\"image\";s:47:\"restaurant/8162364a46c77c090de3f36706172d1b.jpg\";s:12:\"phone_number\";s:10:\"7878787878\";s:5:\"email\";s:19:\"doner12@yopmail.com\";s:11:\"amount_type\";N;s:6:\"amount\";N;s:7:\"address\";s:50:\"72 Street, WVRF+V4 San Tome, Anzoategui, Venezuela\";s:8:\"landmark\";s:10:\"Anzoategui\";s:7:\"zipcode\";s:6:\"123456\";s:4:\"city\";s:10:\"Anzoategui\";s:8:\"latitude\";s:17:\"8.943501703492087\";s:9:\"longitude\";s:18:\"-64.12680126190185\";s:15:\"currency_symbol\";s:1:\"$\";s:13:\"currency_code\";s:3:\"USD\";}', 'a:3:{i:0;a:10:{s:9:\"item_name\";s:31:\"Salted Butter Caramel Ice Cream\";s:7:\"item_id\";s:2:\"41\";s:6:\"qty_no\";i:1;s:4:\"rate\";s:5:\"80.85\";s:11:\"offer_price\";s:0:\"\";s:8:\"order_id\";i:122;s:12:\"is_customize\";i:0;s:7:\"is_deal\";s:1:\"0\";s:8:\"subTotal\";d:80.849999999999994315658113919198513031005859375;s:9:\"itemTotal\";d:80.849999999999994315658113919198513031005859375;}i:1;a:10:{s:9:\"item_name\";s:21:\"Cremo Bueno Ice Cream\";s:7:\"item_id\";s:2:\"42\";s:6:\"qty_no\";i:1;s:4:\"rate\";s:6:\"100.00\";s:11:\"offer_price\";s:0:\"\";s:8:\"order_id\";i:122;s:12:\"is_customize\";i:0;s:7:\"is_deal\";s:1:\"0\";s:8:\"subTotal\";d:100;s:9:\"itemTotal\";d:100;}i:2;a:11:{s:9:\"item_name\";s:5:\"sdafg\";s:7:\"item_id\";s:2:\"51\";s:6:\"qty_no\";i:1;s:4:\"rate\";s:0:\"\";s:11:\"offer_price\";s:0:\"\";s:8:\"order_id\";i:122;s:12:\"is_customize\";i:1;s:7:\"is_deal\";s:1:\"0\";s:8:\"subTotal\";d:108;s:9:\"itemTotal\";d:108;s:20:\"addons_category_list\";a:2:{i:0;a:3:{s:18:\"addons_category_id\";s:1:\"2\";s:15:\"addons_category\";s:6:\"Chatni\";s:11:\"addons_list\";a:1:{i:1;a:3:{s:10:\"add_ons_id\";s:3:\"132\";s:12:\"add_ons_name\";s:5:\"ghrth\";s:13:\"add_ons_price\";s:5:\"54.00\";}}}i:1;a:3:{s:18:\"addons_category_id\";s:1:\"7\";s:15:\"addons_category\";s:4:\"Size\";s:11:\"addons_list\";a:1:{i:1;a:3:{s:10:\"add_ons_id\";s:3:\"136\";s:12:\"add_ons_name\";s:4:\"rthe\";s:13:\"add_ons_price\";s:5:\"54.00\";}}}}}}'),
(121, 123, 'a:8:{s:10:\"first_name\";s:7:\"Ranajit\";s:9:\"last_name\";s:6:\"Tester\";s:7:\"address\";s:7:\"Tester2\";s:8:\"landmark\";s:103:\"b7, khodiyar estate, opp.bhagwat petrol pump, s.g.highway, gota, Gota, Ahmedabad, Gujarat 382481, India\";s:7:\"zipcode\";s:6:\"382481\";s:4:\"city\";s:7:\"Gujarat\";s:8:\"latitude\";s:15:\"23.093314496314\";s:9:\"longitude\";s:15:\"72.532347477973\";}', 'O:8:\"stdClass\":14:{s:4:\"name\";s:14:\"The Restaur IN\";s:5:\"image\";s:47:\"restaurant/ad5e5b1abc85bb890a2f823ab1d7be8e.jpg\";s:12:\"phone_number\";s:10:\"9999999994\";s:5:\"email\";s:14:\"paul@evdpl.com\";s:11:\"amount_type\";N;s:6:\"amount\";N;s:7:\"address\";s:63:\"Park Avenue South,5th Floor, New York City, New York, 10016 USA\";s:8:\"landmark\";s:12:\"South Corner\";s:7:\"zipcode\";s:6:\"090909\";s:4:\"city\";s:4:\"CITY\";s:8:\"latitude\";s:10:\"23.0705655\";s:9:\"longitude\";s:17:\"72.52157609999999\";s:15:\"currency_symbol\";s:1:\"$\";s:13:\"currency_code\";s:3:\"CAD\";}', 'a:1:{i:0;a:10:{s:9:\"item_name\";s:7:\"Strudel\";s:7:\"item_id\";s:2:\"37\";s:6:\"qty_no\";i:1;s:4:\"rate\";s:5:\"35.00\";s:11:\"offer_price\";s:0:\"\";s:8:\"order_id\";i:123;s:12:\"is_customize\";i:0;s:7:\"is_deal\";s:1:\"0\";s:8:\"subTotal\";d:35;s:9:\"itemTotal\";d:35;}}'),
(122, 124, 'a:8:{s:10:\"first_name\";s:5:\"Rohan\";s:9:\"last_name\";s:0:\"\";s:7:\"address\";s:97:\"Anushruti Tower, Sarkhej - Gandhinagar Highway, Bhaikakanagar, Thaltej, Ahmedabad, Gujarat, India\";s:8:\"landmark\";s:31:\", Sarkhej - Gandhinagar Highway\";s:7:\"zipcode\";s:6:\"380059\";s:4:\"city\";s:9:\"Ahmedabad\";s:8:\"latitude\";s:9:\"23.053608\";s:9:\"longitude\";s:10:\"72.5176513\";}', 'O:8:\"stdClass\":14:{s:4:\"name\";s:13:\"Doner & Gyros\";s:5:\"image\";s:47:\"restaurant/8162364a46c77c090de3f36706172d1b.jpg\";s:12:\"phone_number\";s:10:\"7878787878\";s:5:\"email\";s:19:\"doner12@yopmail.com\";s:11:\"amount_type\";N;s:6:\"amount\";N;s:7:\"address\";s:50:\"72 Street, WVRF+V4 San Tome, Anzoategui, Venezuela\";s:8:\"landmark\";s:10:\"Anzoategui\";s:7:\"zipcode\";s:6:\"123456\";s:4:\"city\";s:10:\"Anzoategui\";s:8:\"latitude\";s:17:\"8.943501703492087\";s:9:\"longitude\";s:18:\"-64.12680126190185\";s:15:\"currency_symbol\";s:1:\"$\";s:13:\"currency_code\";s:3:\"USD\";}', 'a:1:{i:0;a:10:{s:9:\"item_name\";s:21:\"Cremo Bueno Ice Cream\";s:7:\"item_id\";s:2:\"42\";s:6:\"qty_no\";i:1;s:4:\"rate\";s:6:\"100.00\";s:11:\"offer_price\";s:0:\"\";s:8:\"order_id\";i:124;s:12:\"is_customize\";i:0;s:7:\"is_deal\";s:1:\"0\";s:8:\"subTotal\";d:100;s:9:\"itemTotal\";d:100;}}'),
(123, 125, 'a:8:{s:10:\"first_name\";s:7:\"Ranajit\";s:9:\"last_name\";s:6:\"Sahana\";s:7:\"address\";s:7:\"78 Deep\";s:8:\"landmark\";s:11:\"Over Bridge\";s:7:\"zipcode\";s:6:\"380044\";s:4:\"city\";s:9:\"Ahmedabad\";s:8:\"latitude\";s:10:\"23.0747676\";s:9:\"longitude\";s:9:\"72.535598\";}', 'O:8:\"stdClass\":14:{s:4:\"name\";s:22:\"Homewoodiee Restaurant\";s:5:\"image\";s:47:\"restaurant/f4f4820cd261cde4d2117bf955633129.jpg\";s:12:\"phone_number\";s:10:\"9465665999\";s:5:\"email\";s:22:\"homewood12@yopmail.com\";s:11:\"amount_type\";N;s:6:\"amount\";N;s:7:\"address\";s:56:\"VRV9+HF San José de Gaauanipa, Anzjfgoategui, Venezuela\";s:8:\"landmark\";s:8:\"Gaauanip\";s:7:\"zipcode\";s:5:\"12356\";s:4:\"city\";s:9:\"Gaauanipa\";s:8:\"latitude\";s:17:\"33.22715811251363\";s:9:\"longitude\";s:18:\"-87.03797499999999\";s:15:\"currency_symbol\";s:1:\"$\";s:13:\"currency_code\";s:3:\"USD\";}', 'a:1:{i:0;a:10:{s:9:\"item_name\";s:28:\"Potato Burger & French Fries\";s:7:\"item_id\";s:2:\"40\";s:6:\"qty_no\";i:4;s:4:\"rate\";s:5:\"70.00\";s:11:\"offer_price\";s:0:\"\";s:8:\"order_id\";i:125;s:12:\"is_customize\";i:0;s:7:\"is_deal\";s:1:\"0\";s:8:\"subTotal\";d:70;s:9:\"itemTotal\";d:280;}}'),
(124, 126, 'a:0:{}', 'O:8:\"stdClass\":14:{s:4:\"name\";s:13:\"Doner & Gyros\";s:5:\"image\";s:47:\"restaurant/8162364a46c77c090de3f36706172d1b.jpg\";s:12:\"phone_number\";s:10:\"7878787878\";s:5:\"email\";s:19:\"doner12@yopmail.com\";s:11:\"amount_type\";N;s:6:\"amount\";N;s:7:\"address\";s:50:\"72 Street, WVRF+V4 San Tome, Anzoategui, Venezuela\";s:8:\"landmark\";s:10:\"Anzoategui\";s:7:\"zipcode\";s:6:\"123456\";s:4:\"city\";s:10:\"Anzoategui\";s:8:\"latitude\";s:17:\"8.943501703492087\";s:9:\"longitude\";s:18:\"-64.12680126190185\";s:15:\"currency_symbol\";s:1:\"$\";s:13:\"currency_code\";s:3:\"USD\";}', 'a:1:{i:0;a:10:{s:9:\"item_name\";s:21:\"Cremo Bueno Ice Cream\";s:7:\"item_id\";s:2:\"42\";s:6:\"qty_no\";i:3;s:4:\"rate\";s:6:\"100.00\";s:11:\"offer_price\";s:0:\"\";s:8:\"order_id\";i:126;s:12:\"is_customize\";i:0;s:7:\"is_deal\";s:1:\"0\";s:8:\"subTotal\";d:100;s:9:\"itemTotal\";d:300;}}'),
(125, 127, 'a:8:{s:10:\"first_name\";s:7:\"Ranajit\";s:9:\"last_name\";s:6:\"Sahana\";s:7:\"address\";s:35:\"Unnamed Road, Gujarat 382115, India\";s:8:\"landmark\";s:4:\"Home\";s:7:\"zipcode\";s:0:\"\";s:4:\"city\";N;s:8:\"latitude\";s:18:\"23.040571935598035\";s:9:\"longitude\";s:17:\"72.40483909062505\";}', 'O:8:\"stdClass\":14:{s:4:\"name\";s:14:\"The Restaur IN\";s:5:\"image\";s:47:\"restaurant/ad5e5b1abc85bb890a2f823ab1d7be8e.jpg\";s:12:\"phone_number\";s:10:\"9999999994\";s:5:\"email\";s:14:\"paul@evdpl.com\";s:11:\"amount_type\";N;s:6:\"amount\";N;s:7:\"address\";s:63:\"Park Avenue South,5th Floor, New York City, New York, 10016 USA\";s:8:\"landmark\";s:12:\"South Corner\";s:7:\"zipcode\";s:6:\"090909\";s:4:\"city\";s:4:\"CITY\";s:8:\"latitude\";s:10:\"23.0705655\";s:9:\"longitude\";s:17:\"72.52157609999999\";s:15:\"currency_symbol\";s:1:\"$\";s:13:\"currency_code\";s:3:\"CAD\";}', 'a:5:{i:0;a:10:{s:9:\"item_name\";s:7:\"Strudel\";s:7:\"item_id\";s:2:\"37\";s:6:\"qty_no\";i:1;s:4:\"rate\";s:5:\"35.00\";s:11:\"offer_price\";s:0:\"\";s:8:\"order_id\";i:127;s:12:\"is_customize\";i:0;s:7:\"is_deal\";s:1:\"0\";s:8:\"subTotal\";d:35;s:9:\"itemTotal\";d:35;}i:1;a:10:{s:9:\"item_name\";s:7:\"Waffles\";s:7:\"item_id\";s:2:\"39\";s:6:\"qty_no\";i:1;s:4:\"rate\";s:5:\"45.00\";s:11:\"offer_price\";s:0:\"\";s:8:\"order_id\";i:127;s:12:\"is_customize\";i:0;s:7:\"is_deal\";s:1:\"0\";s:8:\"subTotal\";d:45;s:9:\"itemTotal\";d:45;}i:2;a:10:{s:9:\"item_name\";s:7:\"Strudel\";s:7:\"item_id\";s:2:\"38\";s:6:\"qty_no\";i:1;s:4:\"rate\";s:5:\"35.00\";s:11:\"offer_price\";s:0:\"\";s:8:\"order_id\";i:127;s:12:\"is_customize\";i:0;s:7:\"is_deal\";s:1:\"0\";s:8:\"subTotal\";d:35;s:9:\"itemTotal\";d:35;}i:3;a:10:{s:9:\"item_name\";s:18:\"Strawberry Limeade\";s:7:\"item_id\";s:2:\"31\";s:6:\"qty_no\";i:1;s:4:\"rate\";s:5:\"54.00\";s:11:\"offer_price\";s:0:\"\";s:8:\"order_id\";i:127;s:12:\"is_customize\";i:0;s:7:\"is_deal\";s:1:\"0\";s:8:\"subTotal\";d:54;s:9:\"itemTotal\";d:54;}i:4;a:10:{s:9:\"item_name\";s:38:\"All Veg Triple Decker Grilled Sandwich\";s:7:\"item_id\";s:2:\"19\";s:6:\"qty_no\";i:1;s:4:\"rate\";s:6:\"550.00\";s:11:\"offer_price\";s:0:\"\";s:8:\"order_id\";i:127;s:12:\"is_customize\";i:0;s:7:\"is_deal\";s:1:\"0\";s:8:\"subTotal\";d:550;s:9:\"itemTotal\";d:550;}}'),
(126, 128, 'a:8:{s:10:\"first_name\";s:7:\"Ranajit\";s:9:\"last_name\";s:6:\"Sahana\";s:7:\"address\";s:35:\"Unnamed Road, Gujarat 382115, India\";s:8:\"landmark\";s:4:\"Home\";s:7:\"zipcode\";s:0:\"\";s:4:\"city\";N;s:8:\"latitude\";s:18:\"23.040571935598035\";s:9:\"longitude\";s:17:\"72.40483909062505\";}', 'O:8:\"stdClass\":14:{s:4:\"name\";s:19:\"Ballroom Restaurant\";s:5:\"image\";s:47:\"restaurant/e072257c814f4602e62cd2da35605217.jpg\";s:12:\"phone_number\";s:9:\"789561233\";s:5:\"email\";s:20:\"ballroom12@gmail.com\";s:11:\"amount_type\";N;s:6:\"amount\";N;s:7:\"address\";s:61:\"1803 Rhode Island Ave NE, Washington, DC 20018, United States\";s:8:\"landmark\";s:10:\"Washington\";s:7:\"zipcode\";s:5:\"15562\";s:4:\"city\";s:10:\"Washington\";s:8:\"latitude\";s:10:\"38.9278681\";s:9:\"longitude\";s:9:\"-76.97792\";s:15:\"currency_symbol\";s:1:\"$\";s:13:\"currency_code\";s:3:\"USD\";}', 'a:1:{i:0;a:10:{s:9:\"item_name\";s:8:\"Doughnut\";s:7:\"item_id\";s:2:\"53\";s:6:\"qty_no\";i:2;s:4:\"rate\";s:6:\"220.00\";s:11:\"offer_price\";s:0:\"\";s:8:\"order_id\";i:128;s:12:\"is_customize\";i:0;s:7:\"is_deal\";s:1:\"0\";s:8:\"subTotal\";d:220;s:9:\"itemTotal\";d:440;}}'),
(127, 129, 'a:8:{s:10:\"first_name\";s:7:\"Ranajit\";s:9:\"last_name\";s:6:\"Sahana\";s:7:\"address\";s:7:\"78 Deep\";s:8:\"landmark\";s:11:\"Over Bridge\";s:7:\"zipcode\";s:6:\"380044\";s:4:\"city\";s:9:\"Ahmedabad\";s:8:\"latitude\";s:10:\"23.0747676\";s:9:\"longitude\";s:9:\"72.535598\";}', 'O:8:\"stdClass\":14:{s:4:\"name\";s:14:\"The Restaur IN\";s:5:\"image\";s:47:\"restaurant/ad5e5b1abc85bb890a2f823ab1d7be8e.jpg\";s:12:\"phone_number\";s:10:\"9999999994\";s:5:\"email\";s:14:\"paul@evdpl.com\";s:11:\"amount_type\";N;s:6:\"amount\";N;s:7:\"address\";s:63:\"Park Avenue South,5th Floor, New York City, New York, 10016 USA\";s:8:\"landmark\";s:12:\"South Corner\";s:7:\"zipcode\";s:6:\"090909\";s:4:\"city\";s:4:\"CITY\";s:8:\"latitude\";s:10:\"23.0705655\";s:9:\"longitude\";s:17:\"72.52157609999999\";s:15:\"currency_symbol\";s:1:\"$\";s:13:\"currency_code\";s:3:\"CAD\";}', 'a:5:{i:0;a:10:{s:9:\"item_name\";s:7:\"Strudel\";s:7:\"item_id\";s:2:\"37\";s:6:\"qty_no\";i:2;s:4:\"rate\";s:5:\"35.00\";s:11:\"offer_price\";s:0:\"\";s:8:\"order_id\";i:129;s:12:\"is_customize\";i:0;s:7:\"is_deal\";s:1:\"0\";s:8:\"subTotal\";d:35;s:9:\"itemTotal\";d:70;}i:1;a:10:{s:9:\"item_name\";s:7:\"Waffles\";s:7:\"item_id\";s:2:\"39\";s:6:\"qty_no\";i:2;s:4:\"rate\";s:5:\"45.00\";s:11:\"offer_price\";s:0:\"\";s:8:\"order_id\";i:129;s:12:\"is_customize\";i:0;s:7:\"is_deal\";s:1:\"0\";s:8:\"subTotal\";d:45;s:9:\"itemTotal\";d:90;}i:2;a:10:{s:9:\"item_name\";s:7:\"Strudel\";s:7:\"item_id\";s:2:\"38\";s:6:\"qty_no\";i:4;s:4:\"rate\";s:5:\"35.00\";s:11:\"offer_price\";s:0:\"\";s:8:\"order_id\";i:129;s:12:\"is_customize\";i:0;s:7:\"is_deal\";s:1:\"0\";s:8:\"subTotal\";d:35;s:9:\"itemTotal\";d:140;}i:3;a:10:{s:9:\"item_name\";s:18:\"Strawberry Limeade\";s:7:\"item_id\";s:2:\"31\";s:6:\"qty_no\";i:2;s:4:\"rate\";s:5:\"54.00\";s:11:\"offer_price\";s:0:\"\";s:8:\"order_id\";i:129;s:12:\"is_customize\";i:0;s:7:\"is_deal\";s:1:\"0\";s:8:\"subTotal\";d:54;s:9:\"itemTotal\";d:108;}i:4;a:10:{s:9:\"item_name\";s:38:\"All Veg Triple Decker Grilled Sandwich\";s:7:\"item_id\";s:2:\"19\";s:6:\"qty_no\";i:2;s:4:\"rate\";s:6:\"550.00\";s:11:\"offer_price\";s:0:\"\";s:8:\"order_id\";i:129;s:12:\"is_customize\";i:0;s:7:\"is_deal\";s:1:\"0\";s:8:\"subTotal\";d:550;s:9:\"itemTotal\";d:1100;}}'),
(128, 130, 'a:8:{s:10:\"first_name\";s:4:\"test\";s:9:\"last_name\";s:0:\"\";s:7:\"address\";s:32:\"B/H satyamev hospital,chandkheda\";s:8:\"landmark\";s:3:\"555\";s:7:\"zipcode\";s:6:\"382424\";s:4:\"city\";s:10:\"Chandkheda\";s:8:\"latitude\";s:9:\"23.121669\";s:9:\"longitude\";s:10:\"72.5769157\";}', 'O:8:\"stdClass\":14:{s:4:\"name\";s:13:\"Doner & Gyros\";s:5:\"image\";s:47:\"restaurant/8162364a46c77c090de3f36706172d1b.jpg\";s:12:\"phone_number\";s:10:\"7878787878\";s:5:\"email\";s:19:\"doner12@yopmail.com\";s:11:\"amount_type\";N;s:6:\"amount\";N;s:7:\"address\";s:50:\"72 Street, WVRF+V4 San Tome, Anzoategui, Venezuela\";s:8:\"landmark\";s:10:\"Anzoategui\";s:7:\"zipcode\";s:6:\"123456\";s:4:\"city\";s:10:\"Anzoategui\";s:8:\"latitude\";s:17:\"8.943501703492087\";s:9:\"longitude\";s:18:\"-64.12680126190185\";s:15:\"currency_symbol\";s:1:\"$\";s:13:\"currency_code\";s:3:\"USD\";}', 'a:1:{i:0;a:10:{s:9:\"item_name\";s:21:\"Cremo Bueno Ice Cream\";s:7:\"item_id\";s:2:\"42\";s:6:\"qty_no\";i:1;s:4:\"rate\";s:6:\"100.00\";s:11:\"offer_price\";s:0:\"\";s:8:\"order_id\";i:130;s:12:\"is_customize\";i:0;s:7:\"is_deal\";s:1:\"0\";s:8:\"subTotal\";d:100;s:9:\"itemTotal\";d:100;}}'),
(129, 131, 'a:8:{s:10:\"first_name\";s:7:\"Ranajit\";s:9:\"last_name\";s:6:\"Sahana\";s:7:\"address\";s:7:\"78 Deep\";s:8:\"landmark\";s:11:\"Over Bridge\";s:7:\"zipcode\";s:6:\"380044\";s:4:\"city\";s:9:\"Ahmedabad\";s:8:\"latitude\";s:10:\"23.0747676\";s:9:\"longitude\";s:9:\"72.535598\";}', 'O:8:\"stdClass\":14:{s:4:\"name\";s:13:\"Doner & Gyros\";s:5:\"image\";s:47:\"restaurant/8162364a46c77c090de3f36706172d1b.jpg\";s:12:\"phone_number\";s:10:\"7878787878\";s:5:\"email\";s:19:\"doner12@yopmail.com\";s:11:\"amount_type\";N;s:6:\"amount\";N;s:7:\"address\";s:50:\"72 Street, WVRF+V4 San Tome, Anzoategui, Venezuela\";s:8:\"landmark\";s:10:\"Anzoategui\";s:7:\"zipcode\";s:6:\"123456\";s:4:\"city\";s:10:\"Anzoategui\";s:8:\"latitude\";s:17:\"8.943501703492087\";s:9:\"longitude\";s:18:\"-64.12680126190185\";s:15:\"currency_symbol\";s:1:\"$\";s:13:\"currency_code\";s:3:\"USD\";}', 'a:1:{i:0;a:10:{s:9:\"item_name\";s:21:\"Cremo Bueno Ice Cream\";s:7:\"item_id\";s:2:\"42\";s:6:\"qty_no\";i:1;s:4:\"rate\";s:6:\"100.00\";s:11:\"offer_price\";s:0:\"\";s:8:\"order_id\";i:131;s:12:\"is_customize\";i:0;s:7:\"is_deal\";s:1:\"0\";s:8:\"subTotal\";d:100;s:9:\"itemTotal\";d:100;}}'),
(130, 132, 'a:8:{s:10:\"first_name\";s:11:\"Test edited\";s:9:\"last_name\";s:4:\"test\";s:7:\"address\";s:64:\"Ghatlodia, Shayona City, Chanakyapuri, Ahmedabad, Gujarat, India\";s:8:\"landmark\";s:12:\"Chanakyapuri\";s:7:\"zipcode\";s:6:\"380061\";s:4:\"city\";s:9:\"Ahmedabad\";s:8:\"latitude\";s:10:\"23.0747676\";s:9:\"longitude\";s:9:\"72.535598\";}', 'O:8:\"stdClass\":14:{s:4:\"name\";s:14:\"The Restaur IN\";s:5:\"image\";s:47:\"restaurant/ad5e5b1abc85bb890a2f823ab1d7be8e.jpg\";s:12:\"phone_number\";s:10:\"9999999994\";s:5:\"email\";s:14:\"paul@evdpl.com\";s:11:\"amount_type\";N;s:6:\"amount\";N;s:7:\"address\";s:63:\"Park Avenue South,5th Floor, New York City, New York, 10016 USA\";s:8:\"landmark\";s:12:\"South Corner\";s:7:\"zipcode\";s:6:\"090909\";s:4:\"city\";s:4:\"CITY\";s:8:\"latitude\";s:10:\"23.0705655\";s:9:\"longitude\";s:17:\"72.52157609999999\";s:15:\"currency_symbol\";s:1:\"$\";s:13:\"currency_code\";s:3:\"CAD\";}', 'a:1:{i:0;a:10:{s:9:\"item_name\";s:38:\"All Veg Triple Decker Grilled Sandwich\";s:7:\"item_id\";s:2:\"19\";s:6:\"qty_no\";i:1;s:4:\"rate\";s:6:\"550.00\";s:11:\"offer_price\";s:0:\"\";s:8:\"order_id\";i:132;s:12:\"is_customize\";i:0;s:7:\"is_deal\";s:1:\"0\";s:8:\"subTotal\";d:550;s:9:\"itemTotal\";d:550;}}'),
(131, 133, 'a:8:{s:10:\"first_name\";s:4:\"test\";s:9:\"last_name\";s:0:\"\";s:7:\"address\";s:32:\"B/H satyamev hospital,chandkheda\";s:8:\"landmark\";s:3:\"555\";s:7:\"zipcode\";s:6:\"382424\";s:4:\"city\";s:10:\"Chandkheda\";s:8:\"latitude\";s:9:\"23.121669\";s:9:\"longitude\";s:10:\"72.5769157\";}', 'O:8:\"stdClass\":14:{s:4:\"name\";s:14:\"The Restaur IN\";s:5:\"image\";s:47:\"restaurant/ad5e5b1abc85bb890a2f823ab1d7be8e.jpg\";s:12:\"phone_number\";s:10:\"9999999994\";s:5:\"email\";s:14:\"paul@evdpl.com\";s:11:\"amount_type\";N;s:6:\"amount\";N;s:7:\"address\";s:63:\"Park Avenue South,5th Floor, New York City, New York, 10016 USA\";s:8:\"landmark\";s:12:\"South Corner\";s:7:\"zipcode\";s:6:\"090909\";s:4:\"city\";s:4:\"CITY\";s:8:\"latitude\";s:10:\"23.0705655\";s:9:\"longitude\";s:17:\"72.52157609999999\";s:15:\"currency_symbol\";s:1:\"$\";s:13:\"currency_code\";s:3:\"CAD\";}', 'a:2:{i:0;a:10:{s:9:\"item_name\";s:38:\"All Veg Triple Decker Grilled Sandwich\";s:7:\"item_id\";s:2:\"19\";s:6:\"qty_no\";i:1;s:4:\"rate\";s:6:\"550.00\";s:11:\"offer_price\";s:0:\"\";s:8:\"order_id\";i:133;s:12:\"is_customize\";i:0;s:7:\"is_deal\";s:1:\"0\";s:8:\"subTotal\";d:550;s:9:\"itemTotal\";d:550;}i:1;a:10:{s:9:\"item_name\";s:7:\"Strudel\";s:7:\"item_id\";s:2:\"37\";s:6:\"qty_no\";i:1;s:4:\"rate\";s:5:\"35.00\";s:11:\"offer_price\";s:0:\"\";s:8:\"order_id\";i:133;s:12:\"is_customize\";i:0;s:7:\"is_deal\";s:1:\"0\";s:8:\"subTotal\";d:35;s:9:\"itemTotal\";d:35;}}'),
(132, 134, 'a:0:{}', 'O:8:\"stdClass\":14:{s:4:\"name\";s:13:\"Doner & Gyros\";s:5:\"image\";s:47:\"restaurant/8162364a46c77c090de3f36706172d1b.jpg\";s:12:\"phone_number\";s:10:\"7878787878\";s:5:\"email\";s:19:\"doner12@yopmail.com\";s:11:\"amount_type\";N;s:6:\"amount\";N;s:7:\"address\";s:50:\"72 Street, WVRF+V4 San Tome, Anzoategui, Venezuela\";s:8:\"landmark\";s:10:\"Anzoategui\";s:7:\"zipcode\";s:6:\"123456\";s:4:\"city\";s:10:\"Anzoategui\";s:8:\"latitude\";s:17:\"8.943501703492087\";s:9:\"longitude\";s:18:\"-64.12680126190185\";s:15:\"currency_symbol\";s:1:\"$\";s:13:\"currency_code\";s:3:\"USD\";}', 'a:1:{i:0;a:10:{s:9:\"item_name\";s:21:\"Cremo Bueno Ice Cream\";s:7:\"item_id\";s:2:\"42\";s:6:\"qty_no\";i:4;s:4:\"rate\";s:6:\"100.00\";s:11:\"offer_price\";s:0:\"\";s:8:\"order_id\";i:134;s:12:\"is_customize\";i:0;s:7:\"is_deal\";s:1:\"0\";s:8:\"subTotal\";d:100;s:9:\"itemTotal\";d:400;}}'),
(133, 135, 'a:8:{s:10:\"first_name\";s:11:\"Devika_test\";s:9:\"last_name\";s:0:\"\";s:7:\"address\";s:48:\"Old Subhash Nagar, Bhopal, Madhya Pradesh, India\";s:8:\"landmark\";s:16:\"near mata mandir\";s:7:\"zipcode\";s:6:\"467822\";s:4:\"city\";s:6:\"Bhopal\";s:8:\"latitude\";s:10:\"23.2599333\";s:9:\"longitude\";s:9:\"77.412615\";}', 'O:8:\"stdClass\":14:{s:4:\"name\";s:13:\"Doner & Gyros\";s:5:\"image\";s:47:\"restaurant/8162364a46c77c090de3f36706172d1b.jpg\";s:12:\"phone_number\";s:10:\"7878787878\";s:5:\"email\";s:19:\"doner12@yopmail.com\";s:11:\"amount_type\";N;s:6:\"amount\";N;s:7:\"address\";s:50:\"72 Street, WVRF+V4 San Tome, Anzoategui, Venezuela\";s:8:\"landmark\";s:10:\"Anzoategui\";s:7:\"zipcode\";s:6:\"123456\";s:4:\"city\";s:10:\"Anzoategui\";s:8:\"latitude\";s:17:\"8.943501703492087\";s:9:\"longitude\";s:18:\"-64.12680126190185\";s:15:\"currency_symbol\";s:1:\"$\";s:13:\"currency_code\";s:3:\"USD\";}', 'a:2:{i:0;a:10:{s:9:\"item_name\";s:31:\"Salted Butter Caramel Ice Cream\";s:7:\"item_id\";s:2:\"41\";s:6:\"qty_no\";i:1;s:4:\"rate\";s:5:\"80.85\";s:11:\"offer_price\";s:0:\"\";s:8:\"order_id\";i:135;s:12:\"is_customize\";i:0;s:7:\"is_deal\";s:1:\"0\";s:8:\"subTotal\";d:80.849999999999994315658113919198513031005859375;s:9:\"itemTotal\";d:80.849999999999994315658113919198513031005859375;}i:1;a:10:{s:9:\"item_name\";s:21:\"Cremo Bueno Ice Cream\";s:7:\"item_id\";s:2:\"42\";s:6:\"qty_no\";i:1;s:4:\"rate\";s:6:\"100.00\";s:11:\"offer_price\";s:0:\"\";s:8:\"order_id\";i:135;s:12:\"is_customize\";i:0;s:7:\"is_deal\";s:1:\"0\";s:8:\"subTotal\";d:100;s:9:\"itemTotal\";d:100;}}'),
(134, 136, 'a:0:{}', 'O:8:\"stdClass\":14:{s:4:\"name\";s:13:\"Doner & Gyros\";s:5:\"image\";s:47:\"restaurant/8162364a46c77c090de3f36706172d1b.jpg\";s:12:\"phone_number\";s:10:\"7878787878\";s:5:\"email\";s:19:\"doner12@yopmail.com\";s:11:\"amount_type\";N;s:6:\"amount\";N;s:7:\"address\";s:50:\"72 Street, WVRF+V4 San Tome, Anzoategui, Venezuela\";s:8:\"landmark\";s:10:\"Anzoategui\";s:7:\"zipcode\";s:6:\"123456\";s:4:\"city\";s:10:\"Anzoategui\";s:8:\"latitude\";s:17:\"8.943501703492087\";s:9:\"longitude\";s:18:\"-64.12680126190185\";s:15:\"currency_symbol\";s:1:\"$\";s:13:\"currency_code\";s:3:\"USD\";}', 'a:1:{i:0;a:10:{s:9:\"item_name\";s:21:\"Cremo Bueno Ice Cream\";s:7:\"item_id\";s:2:\"42\";s:6:\"qty_no\";i:2;s:4:\"rate\";s:6:\"100.00\";s:11:\"offer_price\";s:0:\"\";s:8:\"order_id\";i:136;s:12:\"is_customize\";i:0;s:7:\"is_deal\";s:1:\"0\";s:8:\"subTotal\";d:100;s:9:\"itemTotal\";d:200;}}'),
(135, 137, 'a:8:{s:10:\"first_name\";s:7:\"Ranajit\";s:9:\"last_name\";s:6:\"Sahana\";s:7:\"address\";s:35:\"Unnamed Road, Gujarat 382115, India\";s:8:\"landmark\";s:4:\"Home\";s:7:\"zipcode\";s:0:\"\";s:4:\"city\";N;s:8:\"latitude\";s:18:\"23.040571935598035\";s:9:\"longitude\";s:17:\"72.40483909062505\";}', 'O:8:\"stdClass\":14:{s:4:\"name\";s:13:\"Doner & Gyros\";s:5:\"image\";s:47:\"restaurant/8162364a46c77c090de3f36706172d1b.jpg\";s:12:\"phone_number\";s:10:\"7878787878\";s:5:\"email\";s:19:\"doner12@yopmail.com\";s:11:\"amount_type\";N;s:6:\"amount\";N;s:7:\"address\";s:50:\"72 Street, WVRF+V4 San Tome, Anzoategui, Venezuela\";s:8:\"landmark\";s:10:\"Anzoategui\";s:7:\"zipcode\";s:6:\"123456\";s:4:\"city\";s:10:\"Anzoategui\";s:8:\"latitude\";s:17:\"8.943501703492087\";s:9:\"longitude\";s:18:\"-64.12680126190185\";s:15:\"currency_symbol\";s:1:\"$\";s:13:\"currency_code\";s:3:\"USD\";}', 'a:2:{i:0;a:10:{s:9:\"item_name\";s:21:\"Cremo Bueno Ice Cream\";s:7:\"item_id\";s:2:\"42\";s:6:\"qty_no\";i:1;s:4:\"rate\";s:6:\"100.00\";s:11:\"offer_price\";s:0:\"\";s:8:\"order_id\";i:137;s:12:\"is_customize\";i:0;s:7:\"is_deal\";s:1:\"0\";s:8:\"subTotal\";d:100;s:9:\"itemTotal\";d:100;}i:1;a:10:{s:9:\"item_name\";s:31:\"Salted Butter Caramel Ice Cream\";s:7:\"item_id\";s:2:\"41\";s:6:\"qty_no\";i:2;s:4:\"rate\";s:5:\"80.85\";s:11:\"offer_price\";s:0:\"\";s:8:\"order_id\";i:137;s:12:\"is_customize\";i:0;s:7:\"is_deal\";s:1:\"0\";s:8:\"subTotal\";d:80.849999999999994315658113919198513031005859375;s:9:\"itemTotal\";d:161.69999999999998863131622783839702606201171875;}}'),
(136, 138, 'a:8:{s:10:\"first_name\";s:5:\"Rohan\";s:9:\"last_name\";s:0:\"\";s:7:\"address\";s:73:\"Pramukh Swami Maharaj Marg, Ellisbridge, Ahmedabad, Gujarat 380006, India\";s:8:\"landmark\";s:0:\"\";s:7:\"zipcode\";s:6:\"380059\";s:4:\"city\";s:9:\"Ahmedabad\";s:8:\"latitude\";s:17:\"23.02432901445053\";s:9:\"longitude\";s:17:\"72.57266798364273\";}', 'O:8:\"stdClass\":14:{s:4:\"name\";s:14:\"The Restaur IN\";s:5:\"image\";s:47:\"restaurant/ad5e5b1abc85bb890a2f823ab1d7be8e.jpg\";s:12:\"phone_number\";s:10:\"9999999994\";s:5:\"email\";s:14:\"paul@evdpl.com\";s:11:\"amount_type\";N;s:6:\"amount\";N;s:7:\"address\";s:63:\"Park Avenue South,5th Floor, New York City, New York, 10016 USA\";s:8:\"landmark\";s:12:\"South Corner\";s:7:\"zipcode\";s:6:\"090909\";s:4:\"city\";s:4:\"CITY\";s:8:\"latitude\";s:10:\"23.0705655\";s:9:\"longitude\";s:17:\"72.52157609999999\";s:15:\"currency_symbol\";s:1:\"$\";s:13:\"currency_code\";s:3:\"CAD\";}', 'a:5:{i:0;a:10:{s:9:\"item_name\";s:38:\"All Veg Triple Decker Grilled Sandwich\";s:7:\"item_id\";s:2:\"19\";s:6:\"qty_no\";i:1;s:4:\"rate\";s:6:\"550.00\";s:11:\"offer_price\";s:0:\"\";s:8:\"order_id\";i:138;s:12:\"is_customize\";i:0;s:7:\"is_deal\";s:1:\"0\";s:8:\"subTotal\";d:550;s:9:\"itemTotal\";d:550;}i:1;a:10:{s:9:\"item_name\";s:7:\"Waffles\";s:7:\"item_id\";s:2:\"39\";s:6:\"qty_no\";i:1;s:4:\"rate\";s:5:\"45.00\";s:11:\"offer_price\";s:0:\"\";s:8:\"order_id\";i:138;s:12:\"is_customize\";i:0;s:7:\"is_deal\";s:1:\"0\";s:8:\"subTotal\";d:45;s:9:\"itemTotal\";d:45;}i:2;a:10:{s:9:\"item_name\";s:7:\"Strudel\";s:7:\"item_id\";s:2:\"37\";s:6:\"qty_no\";i:1;s:4:\"rate\";s:5:\"35.00\";s:11:\"offer_price\";s:0:\"\";s:8:\"order_id\";i:138;s:12:\"is_customize\";i:0;s:7:\"is_deal\";s:1:\"0\";s:8:\"subTotal\";d:35;s:9:\"itemTotal\";d:35;}i:3;a:10:{s:9:\"item_name\";s:7:\"Strudel\";s:7:\"item_id\";s:2:\"38\";s:6:\"qty_no\";i:1;s:4:\"rate\";s:5:\"35.00\";s:11:\"offer_price\";s:0:\"\";s:8:\"order_id\";i:138;s:12:\"is_customize\";i:0;s:7:\"is_deal\";s:1:\"0\";s:8:\"subTotal\";d:35;s:9:\"itemTotal\";d:35;}i:4;a:10:{s:9:\"item_name\";s:18:\"Strawberry Limeade\";s:7:\"item_id\";s:2:\"31\";s:6:\"qty_no\";i:1;s:4:\"rate\";s:5:\"54.00\";s:11:\"offer_price\";s:0:\"\";s:8:\"order_id\";i:138;s:12:\"is_customize\";i:0;s:7:\"is_deal\";s:1:\"0\";s:8:\"subTotal\";d:54;s:9:\"itemTotal\";d:54;}}'),
(137, 139, 'a:0:{}', 'O:8:\"stdClass\":14:{s:4:\"name\";s:14:\"The Restaur IN\";s:5:\"image\";s:47:\"restaurant/ad5e5b1abc85bb890a2f823ab1d7be8e.jpg\";s:12:\"phone_number\";s:10:\"9999999994\";s:5:\"email\";s:14:\"paul@evdpl.com\";s:11:\"amount_type\";N;s:6:\"amount\";N;s:7:\"address\";s:63:\"Park Avenue South,5th Floor, New York City, New York, 10016 USA\";s:8:\"landmark\";s:12:\"South Corner\";s:7:\"zipcode\";s:6:\"090909\";s:4:\"city\";s:4:\"CITY\";s:8:\"latitude\";s:10:\"23.0705655\";s:9:\"longitude\";s:17:\"72.52157609999999\";s:15:\"currency_symbol\";s:1:\"$\";s:13:\"currency_code\";s:3:\"CAD\";}', 'a:1:{i:0;a:10:{s:9:\"item_name\";s:38:\"All Veg Triple Decker Grilled Sandwich\";s:7:\"item_id\";s:2:\"19\";s:6:\"qty_no\";i:2;s:4:\"rate\";s:6:\"550.00\";s:11:\"offer_price\";s:0:\"\";s:8:\"order_id\";i:139;s:12:\"is_customize\";i:0;s:7:\"is_deal\";s:1:\"0\";s:8:\"subTotal\";d:550;s:9:\"itemTotal\";d:1100;}}'),
(138, 140, 'a:8:{s:10:\"first_name\";s:5:\"Satya\";s:9:\"last_name\";s:0:\"\";s:7:\"address\";s:4:\"Home\";s:8:\"landmark\";s:44:\"KuberaSahi St, Adaspur, Odisha 754011, India\";s:7:\"zipcode\";s:6:\"754011\";s:4:\"city\";s:6:\"Odisha\";s:8:\"latitude\";s:10:\"20.2175863\";s:9:\"longitude\";s:7:\"86.0171\";}', 'O:8:\"stdClass\":14:{s:4:\"name\";s:7:\"Dominos\";s:5:\"image\";s:47:\"restaurant/59fc0a105027a1497f8bf3e9acf1a5f6.jpg\";s:12:\"phone_number\";s:8:\"43687894\";s:5:\"email\";s:17:\"dominos@gmail.com\";s:11:\"amount_type\";N;s:6:\"amount\";N;s:7:\"address\";s:49:\"Dominos, Olive St, Los Angeles, CA, United States\";s:8:\"landmark\";s:17:\"World Food Market\";s:7:\"zipcode\";s:7:\"6477823\";s:4:\"city\";s:11:\"Los Angeles\";s:8:\"latitude\";s:10:\"34.0456591\";s:9:\"longitude\";s:12:\"-118.2561897\";s:15:\"currency_symbol\";s:1:\"$\";s:13:\"currency_code\";s:3:\"USD\";}', 'a:1:{i:0;a:10:{s:9:\"item_name\";s:15:\"Pepper Barbecue\";s:7:\"item_id\";s:2:\"52\";s:6:\"qty_no\";i:2;s:4:\"rate\";s:0:\"\";s:11:\"offer_price\";s:0:\"\";s:8:\"order_id\";i:140;s:12:\"is_customize\";i:1;s:7:\"is_deal\";s:1:\"0\";s:9:\"itemTotal\";i:1278;s:20:\"addons_category_list\";a:1:{i:0;a:3:{s:18:\"addons_category_id\";s:1:\"7\";s:15:\"addons_category\";s:4:\"Size\";s:11:\"addons_list\";a:3:{i:0;a:3:{s:10:\"add_ons_id\";s:3:\"163\";s:12:\"add_ons_name\";s:5:\"Small\";s:13:\"add_ons_price\";s:5:\"99.00\";}i:1;a:3:{s:10:\"add_ons_id\";s:3:\"162\";s:12:\"add_ons_name\";s:5:\"Large\";s:13:\"add_ons_price\";s:6:\"320.00\";}i:2;a:3:{s:10:\"add_ons_id\";s:3:\"161\";s:12:\"add_ons_name\";s:6:\"Medium\";s:13:\"add_ons_price\";s:6:\"220.00\";}}}}}}'),
(139, 141, 'a:8:{s:10:\"first_name\";s:5:\"Rohan\";s:9:\"last_name\";s:0:\"\";s:7:\"address\";s:4:\"Test\";s:8:\"landmark\";s:184:\"C4, Anushruti Tower Sarkhej- Gandhinagar Highway, Bhaikakanagar,Thatlej Ahmedabad Gujarat 380059 IN, Sarkhej - Gandhinagar Hwy, Bhaikakanagar, Thaltej, Ahmedabad, Gujarat 380059, India\";s:7:\"zipcode\";s:6:\"380059\";s:4:\"city\";s:7:\"Gujarat\";s:8:\"latitude\";s:10:\"23.0529655\";s:9:\"longitude\";s:9:\"72.517042\";}', 'O:8:\"stdClass\":14:{s:4:\"name\";s:14:\"The Restaur IN\";s:5:\"image\";s:47:\"restaurant/ad5e5b1abc85bb890a2f823ab1d7be8e.jpg\";s:12:\"phone_number\";s:10:\"9999999994\";s:5:\"email\";s:14:\"paul@evdpl.com\";s:11:\"amount_type\";N;s:6:\"amount\";N;s:7:\"address\";s:63:\"Park Avenue South,5th Floor, New York City, New York, 10016 USA\";s:8:\"landmark\";s:12:\"South Corner\";s:7:\"zipcode\";s:6:\"090909\";s:4:\"city\";s:4:\"CITY\";s:8:\"latitude\";s:10:\"23.0705655\";s:9:\"longitude\";s:17:\"72.52157609999999\";s:15:\"currency_symbol\";s:1:\"$\";s:13:\"currency_code\";s:3:\"CAD\";}', 'a:2:{i:0;a:9:{s:9:\"item_name\";s:7:\"Waffles\";s:7:\"item_id\";s:2:\"39\";s:6:\"qty_no\";i:1;s:4:\"rate\";s:5:\"45.00\";s:11:\"offer_price\";s:0:\"\";s:8:\"order_id\";i:141;s:12:\"is_customize\";i:0;s:9:\"itemTotal\";i:45;s:7:\"is_deal\";s:1:\"0\";}i:1;a:9:{s:9:\"item_name\";s:18:\"Strawberry Limeade\";s:7:\"item_id\";s:2:\"31\";s:6:\"qty_no\";i:1;s:4:\"rate\";s:5:\"54.00\";s:11:\"offer_price\";s:0:\"\";s:8:\"order_id\";i:141;s:12:\"is_customize\";i:0;s:9:\"itemTotal\";i:54;s:7:\"is_deal\";s:1:\"0\";}}'),
(140, 142, 'a:8:{s:10:\"first_name\";s:6:\"stepen\";s:9:\"last_name\";s:0:\"\";s:7:\"address\";s:32:\"B/H satyamev hospital,chandkheda\";s:8:\"landmark\";s:4:\"test\";s:7:\"zipcode\";s:6:\"382424\";s:4:\"city\";s:10:\"Chandkheda\";s:8:\"latitude\";s:9:\"23.121669\";s:9:\"longitude\";s:10:\"72.5769157\";}', 'O:8:\"stdClass\":14:{s:4:\"name\";s:13:\"Doner & Gyros\";s:5:\"image\";s:47:\"restaurant/8162364a46c77c090de3f36706172d1b.jpg\";s:12:\"phone_number\";s:10:\"7878787878\";s:5:\"email\";s:19:\"doner12@yopmail.com\";s:11:\"amount_type\";N;s:6:\"amount\";N;s:7:\"address\";s:50:\"72 Street, WVRF+V4 San Tome, Anzoategui, Venezuela\";s:8:\"landmark\";s:10:\"Anzoategui\";s:7:\"zipcode\";s:6:\"123456\";s:4:\"city\";s:10:\"Anzoategui\";s:8:\"latitude\";s:17:\"8.943501703492087\";s:9:\"longitude\";s:18:\"-64.12680126190185\";s:15:\"currency_symbol\";s:1:\"$\";s:13:\"currency_code\";s:3:\"USD\";}', 'a:2:{i:0;a:10:{s:9:\"item_name\";s:21:\"Cremo Bueno Ice Cream\";s:7:\"item_id\";s:2:\"42\";s:6:\"qty_no\";i:2;s:4:\"rate\";s:6:\"100.00\";s:11:\"offer_price\";s:0:\"\";s:8:\"order_id\";i:142;s:12:\"is_customize\";i:0;s:7:\"is_deal\";s:1:\"0\";s:8:\"subTotal\";d:100;s:9:\"itemTotal\";d:200;}i:1;a:10:{s:9:\"item_name\";s:31:\"Salted Butter Caramel Ice Cream\";s:7:\"item_id\";s:2:\"41\";s:6:\"qty_no\";i:1;s:4:\"rate\";s:5:\"80.85\";s:11:\"offer_price\";s:0:\"\";s:8:\"order_id\";i:142;s:12:\"is_customize\";i:0;s:7:\"is_deal\";s:1:\"0\";s:8:\"subTotal\";d:80.849999999999994315658113919198513031005859375;s:9:\"itemTotal\";d:80.849999999999994315658113919198513031005859375;}}'),
(141, 143, 'a:8:{s:10:\"first_name\";s:6:\"stepen\";s:9:\"last_name\";s:0:\"\";s:7:\"address\";s:32:\"B/H satyamev hospital,chandkheda\";s:8:\"landmark\";s:4:\"test\";s:7:\"zipcode\";s:6:\"382424\";s:4:\"city\";s:10:\"Chandkheda\";s:8:\"latitude\";s:9:\"23.121669\";s:9:\"longitude\";s:10:\"72.5769157\";}', 'O:8:\"stdClass\":14:{s:4:\"name\";s:22:\"Homewoodiee Restaurant\";s:5:\"image\";s:47:\"restaurant/f4f4820cd261cde4d2117bf955633129.jpg\";s:12:\"phone_number\";s:10:\"9465665999\";s:5:\"email\";s:22:\"homewood12@yopmail.com\";s:11:\"amount_type\";N;s:6:\"amount\";N;s:7:\"address\";s:56:\"VRV9+HF San José de Gaauanipa, Anzjfgoategui, Venezuela\";s:8:\"landmark\";s:8:\"Gaauanip\";s:7:\"zipcode\";s:5:\"12356\";s:4:\"city\";s:9:\"Gaauanipa\";s:8:\"latitude\";s:17:\"33.22715811251363\";s:9:\"longitude\";s:18:\"-87.03797499999999\";s:15:\"currency_symbol\";s:1:\"$\";s:13:\"currency_code\";s:3:\"USD\";}', 'a:1:{i:0;a:10:{s:9:\"item_name\";s:28:\"Potato Burger & French Fries\";s:7:\"item_id\";s:2:\"40\";s:6:\"qty_no\";i:1;s:4:\"rate\";s:5:\"70.00\";s:11:\"offer_price\";s:0:\"\";s:8:\"order_id\";i:143;s:12:\"is_customize\";i:0;s:7:\"is_deal\";s:1:\"0\";s:8:\"subTotal\";d:70;s:9:\"itemTotal\";d:70;}}'),
(142, 144, 'a:0:{}', 'O:8:\"stdClass\":14:{s:4:\"name\";s:9:\"Pizza hut\";s:5:\"image\";s:47:\"restaurant/82338f711b23b368f383280df9a9c048.jpg\";s:12:\"phone_number\";s:7:\"4634775\";s:5:\"email\";s:18:\"pizzahut@gmail.com\";s:11:\"amount_type\";N;s:6:\"amount\";N;s:7:\"address\";s:28:\"Pizza Hut, Fairborn, OH, USA\";s:8:\"landmark\";s:24:\"Fairborn Municipal Court\";s:7:\"zipcode\";s:6:\"567868\";s:4:\"city\";s:2:\"OH\";s:8:\"latitude\";s:8:\"39.80529\";s:9:\"longitude\";s:9:\"-84.03116\";s:15:\"currency_symbol\";s:3:\"₹\";s:13:\"currency_code\";s:3:\"INR\";}', 'a:1:{i:0;a:11:{s:9:\"item_name\";s:5:\"Pizza\";s:7:\"item_id\";s:2:\"48\";s:6:\"qty_no\";i:1;s:4:\"rate\";s:0:\"\";s:11:\"offer_price\";s:0:\"\";s:8:\"order_id\";i:144;s:12:\"is_customize\";i:1;s:7:\"is_deal\";s:1:\"0\";s:8:\"subTotal\";d:35;s:9:\"itemTotal\";d:35;s:20:\"addons_category_list\";a:2:{i:0;a:3:{s:18:\"addons_category_id\";s:1:\"1\";s:15:\"addons_category\";s:5:\"Sauce\";s:11:\"addons_list\";a:1:{i:1;a:3:{s:10:\"add_ons_id\";s:3:\"125\";s:12:\"add_ons_name\";s:12:\"Chilli Sauce\";s:13:\"add_ons_price\";s:5:\"20.00\";}}}i:1;a:3:{s:18:\"addons_category_id\";s:1:\"2\";s:15:\"addons_category\";s:6:\"Chatni\";s:11:\"addons_list\";a:1:{i:0;a:3:{s:10:\"add_ons_id\";s:3:\"126\";s:12:\"add_ons_name\";s:10:\"Soya Sauce\";s:13:\"add_ons_price\";s:5:\"15.00\";}}}}}}'),
(143, 145, 'a:8:{s:10:\"first_name\";s:6:\"stepen\";s:9:\"last_name\";s:0:\"\";s:7:\"address\";s:32:\"B/H satyamev hospital,chandkheda\";s:8:\"landmark\";s:4:\"test\";s:7:\"zipcode\";s:6:\"382424\";s:4:\"city\";s:10:\"Chandkheda\";s:8:\"latitude\";s:9:\"23.121669\";s:9:\"longitude\";s:10:\"72.5769157\";}', 'O:8:\"stdClass\":14:{s:4:\"name\";s:13:\"Doner & Gyros\";s:5:\"image\";s:47:\"restaurant/8162364a46c77c090de3f36706172d1b.jpg\";s:12:\"phone_number\";s:10:\"7878787878\";s:5:\"email\";s:19:\"doner12@yopmail.com\";s:11:\"amount_type\";N;s:6:\"amount\";N;s:7:\"address\";s:50:\"72 Street, WVRF+V4 San Tome, Anzoategui, Venezuela\";s:8:\"landmark\";s:10:\"Anzoategui\";s:7:\"zipcode\";s:6:\"123456\";s:4:\"city\";s:10:\"Anzoategui\";s:8:\"latitude\";s:17:\"8.943501703492087\";s:9:\"longitude\";s:18:\"-64.12680126190185\";s:15:\"currency_symbol\";s:1:\"$\";s:13:\"currency_code\";s:3:\"USD\";}', 'a:1:{i:0;a:10:{s:9:\"item_name\";s:21:\"Cremo Bueno Ice Cream\";s:7:\"item_id\";s:2:\"42\";s:6:\"qty_no\";i:2;s:4:\"rate\";s:6:\"100.00\";s:11:\"offer_price\";s:0:\"\";s:8:\"order_id\";i:145;s:12:\"is_customize\";i:0;s:7:\"is_deal\";s:1:\"0\";s:8:\"subTotal\";d:100;s:9:\"itemTotal\";d:200;}}'),
(144, 146, 'a:8:{s:10:\"first_name\";s:7:\"Ranajit\";s:9:\"last_name\";s:0:\"\";s:7:\"address\";s:51:\"Ghatlodiya, Chanakyapuri, Ahmedabad, Gujarat, India\";s:8:\"landmark\";s:12:\"Chanakyapuri\";s:7:\"zipcode\";s:6:\"380060\";s:4:\"city\";s:9:\"Ahmedabad\";s:8:\"latitude\";s:17:\"39.15977549999999\";s:9:\"longitude\";s:11:\"-84.4483466\";}', 'O:8:\"stdClass\":14:{s:4:\"name\";s:13:\"Doner & Gyros\";s:5:\"image\";s:47:\"restaurant/8162364a46c77c090de3f36706172d1b.jpg\";s:12:\"phone_number\";s:10:\"7878787878\";s:5:\"email\";s:19:\"doner12@yopmail.com\";s:11:\"amount_type\";N;s:6:\"amount\";N;s:7:\"address\";s:50:\"72 Street, WVRF+V4 San Tome, Anzoategui, Venezuela\";s:8:\"landmark\";s:10:\"Anzoategui\";s:7:\"zipcode\";s:6:\"123456\";s:4:\"city\";s:10:\"Anzoategui\";s:8:\"latitude\";s:17:\"8.943501703492087\";s:9:\"longitude\";s:18:\"-64.12680126190185\";s:15:\"currency_symbol\";s:1:\"$\";s:13:\"currency_code\";s:3:\"USD\";}', 'a:2:{i:0;a:10:{s:9:\"item_name\";s:21:\"Cremo Bueno Ice Cream\";s:7:\"item_id\";s:2:\"42\";s:6:\"qty_no\";i:1;s:4:\"rate\";s:6:\"100.00\";s:11:\"offer_price\";s:0:\"\";s:8:\"order_id\";i:146;s:12:\"is_customize\";i:0;s:7:\"is_deal\";s:1:\"0\";s:8:\"subTotal\";d:100;s:9:\"itemTotal\";d:100;}i:1;a:10:{s:9:\"item_name\";s:31:\"Salted Butter Caramel Ice Cream\";s:7:\"item_id\";s:2:\"41\";s:6:\"qty_no\";i:2;s:4:\"rate\";s:5:\"80.85\";s:11:\"offer_price\";s:0:\"\";s:8:\"order_id\";i:146;s:12:\"is_customize\";i:0;s:7:\"is_deal\";s:1:\"0\";s:8:\"subTotal\";d:80.849999999999994315658113919198513031005859375;s:9:\"itemTotal\";d:161.69999999999998863131622783839702606201171875;}}'),
(145, 147, 'a:8:{s:10:\"first_name\";s:7:\"Ranajit\";s:9:\"last_name\";s:0:\"\";s:7:\"address\";s:51:\"Ghatlodiya, Chanakyapuri, Ahmedabad, Gujarat, India\";s:8:\"landmark\";s:12:\"Chanakyapuri\";s:7:\"zipcode\";s:6:\"380060\";s:4:\"city\";s:9:\"Ahmedabad\";s:8:\"latitude\";s:17:\"39.15977549999999\";s:9:\"longitude\";s:11:\"-84.4483466\";}', 'O:8:\"stdClass\":14:{s:4:\"name\";s:14:\"The Restaur IN\";s:5:\"image\";s:47:\"restaurant/ad5e5b1abc85bb890a2f823ab1d7be8e.jpg\";s:12:\"phone_number\";s:10:\"9999999994\";s:5:\"email\";s:14:\"paul@evdpl.com\";s:11:\"amount_type\";N;s:6:\"amount\";N;s:7:\"address\";s:63:\"Park Avenue South,5th Floor, New York City, New York, 10016 USA\";s:8:\"landmark\";s:12:\"South Corner\";s:7:\"zipcode\";s:6:\"090909\";s:4:\"city\";s:4:\"CITY\";s:8:\"latitude\";s:10:\"23.0705655\";s:9:\"longitude\";s:17:\"72.52157609999999\";s:15:\"currency_symbol\";s:1:\"$\";s:13:\"currency_code\";s:3:\"CAD\";}', 'a:2:{i:0;a:9:{s:9:\"item_name\";s:18:\"Strawberry Limeade\";s:7:\"item_id\";s:2:\"31\";s:6:\"qty_no\";i:2;s:4:\"rate\";s:5:\"54.00\";s:11:\"offer_price\";s:0:\"\";s:8:\"order_id\";i:147;s:12:\"is_customize\";i:0;s:9:\"itemTotal\";i:108;s:7:\"is_deal\";s:1:\"0\";}i:1;a:9:{s:9:\"item_name\";s:38:\"All Veg Triple Decker Grilled Sandwich\";s:7:\"item_id\";s:2:\"19\";s:6:\"qty_no\";i:3;s:4:\"rate\";s:6:\"550.00\";s:11:\"offer_price\";s:0:\"\";s:8:\"order_id\";i:147;s:12:\"is_customize\";i:0;s:9:\"itemTotal\";i:1650;s:7:\"is_deal\";s:1:\"0\";}}'),
(146, 148, 'a:8:{s:10:\"first_name\";s:7:\"Ranajit\";s:9:\"last_name\";s:0:\"\";s:7:\"address\";s:51:\"Ghatlodiya, Chanakyapuri, Ahmedabad, Gujarat, India\";s:8:\"landmark\";s:12:\"Chanakyapuri\";s:7:\"zipcode\";s:6:\"380060\";s:4:\"city\";s:9:\"Ahmedabad\";s:8:\"latitude\";s:17:\"39.15977549999999\";s:9:\"longitude\";s:11:\"-84.4483466\";}', 'O:8:\"stdClass\":14:{s:4:\"name\";s:13:\"Doner & Gyros\";s:5:\"image\";s:47:\"restaurant/8162364a46c77c090de3f36706172d1b.jpg\";s:12:\"phone_number\";s:10:\"7878787878\";s:5:\"email\";s:19:\"doner12@yopmail.com\";s:11:\"amount_type\";N;s:6:\"amount\";N;s:7:\"address\";s:50:\"72 Street, WVRF+V4 San Tome, Anzoategui, Venezuela\";s:8:\"landmark\";s:10:\"Anzoategui\";s:7:\"zipcode\";s:6:\"123456\";s:4:\"city\";s:10:\"Anzoategui\";s:8:\"latitude\";s:17:\"8.943501703492087\";s:9:\"longitude\";s:18:\"-64.12680126190185\";s:15:\"currency_symbol\";s:1:\"$\";s:13:\"currency_code\";s:3:\"USD\";}', 'a:2:{i:0;a:10:{s:9:\"item_name\";s:63:\"Salted Butter Caramel Ice Cream Salted Butter Caramel Ice Cream\";s:7:\"item_id\";s:2:\"41\";s:6:\"qty_no\";i:1;s:4:\"rate\";s:5:\"80.85\";s:11:\"offer_price\";s:0:\"\";s:8:\"order_id\";i:148;s:12:\"is_customize\";i:0;s:7:\"is_deal\";s:1:\"0\";s:8:\"subTotal\";d:80.849999999999994315658113919198513031005859375;s:9:\"itemTotal\";d:80.849999999999994315658113919198513031005859375;}i:1;a:10:{s:9:\"item_name\";s:21:\"Cremo Bueno Ice Cream\";s:7:\"item_id\";s:2:\"42\";s:6:\"qty_no\";i:1;s:4:\"rate\";s:6:\"100.00\";s:11:\"offer_price\";s:0:\"\";s:8:\"order_id\";i:148;s:12:\"is_customize\";i:0;s:7:\"is_deal\";s:1:\"0\";s:8:\"subTotal\";d:100;s:9:\"itemTotal\";d:100;}}'),
(147, 149, 'a:8:{s:10:\"first_name\";s:7:\"Ranajit\";s:9:\"last_name\";s:0:\"\";s:7:\"address\";s:4:\"Test\";s:8:\"landmark\";s:49:\"109, Ghatlodiya, Ahmedabad, Gujarat 380061, India\";s:7:\"zipcode\";s:6:\"380061\";s:4:\"city\";s:7:\"Gujarat\";s:8:\"latitude\";s:10:\"23.0701837\";s:9:\"longitude\";s:10:\"72.5423998\";}', 'O:8:\"stdClass\":14:{s:4:\"name\";s:22:\"Homewoodiee Restaurant\";s:5:\"image\";s:47:\"restaurant/f4f4820cd261cde4d2117bf955633129.jpg\";s:12:\"phone_number\";s:10:\"9465665999\";s:5:\"email\";s:22:\"homewood12@yopmail.com\";s:11:\"amount_type\";N;s:6:\"amount\";N;s:7:\"address\";s:56:\"VRV9+HF San José de Gaauanipa, Anzjfgoategui, Venezuela\";s:8:\"landmark\";s:8:\"Gaauanip\";s:7:\"zipcode\";s:5:\"12356\";s:4:\"city\";s:9:\"Gaauanipa\";s:8:\"latitude\";s:18:\"23.056392952426066\";s:9:\"longitude\";s:16:\"72.5600703491211\";s:15:\"currency_symbol\";s:1:\"$\";s:13:\"currency_code\";s:3:\"USD\";}', 'a:1:{i:0;a:10:{s:9:\"item_name\";s:28:\"Potato Burger & French Fries\";s:7:\"item_id\";s:2:\"40\";s:6:\"qty_no\";i:1;s:4:\"rate\";s:5:\"70.00\";s:11:\"offer_price\";s:0:\"\";s:8:\"order_id\";i:149;s:12:\"is_customize\";i:0;s:7:\"is_deal\";s:1:\"0\";s:8:\"subTotal\";d:70;s:9:\"itemTotal\";d:70;}}');
INSERT INTO `order_detail` (`entity_id`, `order_id`, `user_detail`, `restaurant_detail`, `item_detail`) VALUES
(148, 150, 'a:8:{s:10:\"first_name\";s:7:\"Ranajit\";s:9:\"last_name\";s:0:\"\";s:7:\"address\";s:4:\"Home\";s:8:\"landmark\";s:48:\"38, Ghatlodiya, Ahmedabad, Gujarat 380061, India\";s:7:\"zipcode\";s:6:\"380061\";s:4:\"city\";s:7:\"Gujarat\";s:8:\"latitude\";s:10:\"23.0701722\";s:9:\"longitude\";s:10:\"72.5423791\";}', 'O:8:\"stdClass\":14:{s:4:\"name\";s:13:\"Doner & Gyros\";s:5:\"image\";s:47:\"restaurant/8162364a46c77c090de3f36706172d1b.jpg\";s:12:\"phone_number\";s:10:\"7878787878\";s:5:\"email\";s:19:\"doner12@yopmail.com\";s:11:\"amount_type\";N;s:6:\"amount\";N;s:7:\"address\";s:50:\"72 Street, WVRF+V4 San Tome, Anzoategui, Venezuela\";s:8:\"landmark\";s:10:\"Anzoategui\";s:7:\"zipcode\";s:6:\"123456\";s:4:\"city\";s:10:\"Anzoategui\";s:8:\"latitude\";s:17:\"8.943501703492087\";s:9:\"longitude\";s:18:\"-64.12680126190185\";s:15:\"currency_symbol\";s:1:\"$\";s:13:\"currency_code\";s:3:\"USD\";}', 'a:2:{i:0;a:9:{s:9:\"item_name\";s:63:\"Salted Butter Caramel Ice Cream Salted Butter Caramel Ice Cream\";s:7:\"item_id\";s:2:\"41\";s:6:\"qty_no\";i:2;s:4:\"rate\";s:5:\"80.85\";s:11:\"offer_price\";s:0:\"\";s:8:\"order_id\";i:150;s:12:\"is_customize\";i:0;s:9:\"itemTotal\";d:161.69999999999998863131622783839702606201171875;s:7:\"is_deal\";s:1:\"0\";}i:1;a:9:{s:9:\"item_name\";s:21:\"Cremo Bueno Ice Cream\";s:7:\"item_id\";s:2:\"42\";s:6:\"qty_no\";i:2;s:4:\"rate\";s:6:\"100.00\";s:11:\"offer_price\";s:0:\"\";s:8:\"order_id\";i:150;s:12:\"is_customize\";i:0;s:9:\"itemTotal\";i:200;s:7:\"is_deal\";s:1:\"0\";}}'),
(149, 151, 'a:8:{s:10:\"first_name\";s:5:\"Satya\";s:9:\"last_name\";s:0:\"\";s:7:\"address\";s:4:\"Test\";s:8:\"landmark\";s:67:\"6, Local Rd, Vishwas City 1, Sola, Ahmedabad, Gujarat 380061, India\";s:7:\"zipcode\";s:6:\"380061\";s:4:\"city\";s:7:\"Gujarat\";s:8:\"latitude\";s:15:\"23.074397483147\";s:9:\"longitude\";s:15:\"72.526052668691\";}', 'O:8:\"stdClass\":14:{s:4:\"name\";s:14:\"The Restaur IN\";s:5:\"image\";s:47:\"restaurant/ad5e5b1abc85bb890a2f823ab1d7be8e.jpg\";s:12:\"phone_number\";s:10:\"9999999994\";s:5:\"email\";s:14:\"paul@evdpl.com\";s:11:\"amount_type\";N;s:6:\"amount\";N;s:7:\"address\";s:63:\"Park Avenue South,5th Floor, New York City, New York, 10016 USA\";s:8:\"landmark\";s:12:\"South Corner\";s:7:\"zipcode\";s:6:\"090909\";s:4:\"city\";s:4:\"CITY\";s:8:\"latitude\";s:10:\"23.0705655\";s:9:\"longitude\";s:17:\"72.52157609999999\";s:15:\"currency_symbol\";s:1:\"$\";s:13:\"currency_code\";s:3:\"CAD\";}', 'a:1:{i:0;a:9:{s:9:\"item_name\";s:38:\"All Veg Triple Decker Grilled Sandwich\";s:7:\"item_id\";s:2:\"19\";s:6:\"qty_no\";i:1;s:4:\"rate\";s:6:\"550.00\";s:11:\"offer_price\";s:0:\"\";s:8:\"order_id\";i:151;s:12:\"is_customize\";i:0;s:9:\"itemTotal\";i:550;s:7:\"is_deal\";s:1:\"0\";}}'),
(150, 152, 'a:8:{s:10:\"first_name\";s:5:\"Satya\";s:9:\"last_name\";s:0:\"\";s:7:\"address\";s:4:\"Test\";s:8:\"landmark\";s:95:\"D-706, Ganesh Meredian, Chanakyapuri Rd, Vishwas City 1, Sola, Ahmedabad, Gujarat 380061, India\";s:7:\"zipcode\";s:6:\"380061\";s:4:\"city\";s:7:\"Gujarat\";s:8:\"latitude\";s:10:\"23.0752076\";s:9:\"longitude\";s:10:\"72.5255268\";}', 'O:8:\"stdClass\":14:{s:4:\"name\";s:13:\"Doner & Gyros\";s:5:\"image\";s:47:\"restaurant/8162364a46c77c090de3f36706172d1b.jpg\";s:12:\"phone_number\";s:10:\"7878787878\";s:5:\"email\";s:19:\"doner12@yopmail.com\";s:11:\"amount_type\";N;s:6:\"amount\";N;s:7:\"address\";s:50:\"72 Street, WVRF+V4 San Tome, Anzoategui, Venezuela\";s:8:\"landmark\";s:10:\"Anzoategui\";s:7:\"zipcode\";s:6:\"123456\";s:4:\"city\";s:10:\"Anzoategui\";s:8:\"latitude\";s:17:\"8.943501703492087\";s:9:\"longitude\";s:18:\"-64.12680126190185\";s:15:\"currency_symbol\";s:1:\"$\";s:13:\"currency_code\";s:3:\"USD\";}', 'a:1:{i:0;a:9:{s:9:\"item_name\";s:63:\"Salted Butter Caramel Ice Cream Salted Butter Caramel Ice Cream\";s:7:\"item_id\";s:2:\"41\";s:6:\"qty_no\";i:1;s:4:\"rate\";s:5:\"80.85\";s:11:\"offer_price\";s:0:\"\";s:8:\"order_id\";i:152;s:12:\"is_customize\";i:0;s:9:\"itemTotal\";d:80.849999999999994315658113919198513031005859375;s:7:\"is_deal\";s:1:\"0\";}}'),
(151, 153, 'a:8:{s:10:\"first_name\";s:5:\"Satya\";s:9:\"last_name\";s:0:\"\";s:7:\"address\";s:4:\"Test\";s:8:\"landmark\";s:67:\"6, Local Rd, Vishwas City 1, Sola, Ahmedabad, Gujarat 380061, India\";s:7:\"zipcode\";s:6:\"380061\";s:4:\"city\";s:7:\"Gujarat\";s:8:\"latitude\";s:15:\"23.074397483147\";s:9:\"longitude\";s:15:\"72.526052668691\";}', 'O:8:\"stdClass\":14:{s:4:\"name\";s:13:\"Doner & Gyros\";s:5:\"image\";s:47:\"restaurant/8162364a46c77c090de3f36706172d1b.jpg\";s:12:\"phone_number\";s:10:\"7878787878\";s:5:\"email\";s:19:\"doner12@yopmail.com\";s:11:\"amount_type\";N;s:6:\"amount\";N;s:7:\"address\";s:50:\"72 Street, WVRF+V4 San Tome, Anzoategui, Venezuela\";s:8:\"landmark\";s:10:\"Anzoategui\";s:7:\"zipcode\";s:6:\"123456\";s:4:\"city\";s:10:\"Anzoategui\";s:8:\"latitude\";s:17:\"8.943501703492087\";s:9:\"longitude\";s:18:\"-64.12680126190185\";s:15:\"currency_symbol\";s:1:\"$\";s:13:\"currency_code\";s:3:\"USD\";}', 'a:1:{i:0;a:9:{s:9:\"item_name\";s:63:\"Salted Butter Caramel Ice Cream Salted Butter Caramel Ice Cream\";s:7:\"item_id\";s:2:\"41\";s:6:\"qty_no\";i:1;s:4:\"rate\";s:5:\"80.85\";s:11:\"offer_price\";s:0:\"\";s:8:\"order_id\";i:153;s:12:\"is_customize\";i:0;s:9:\"itemTotal\";d:80.849999999999994315658113919198513031005859375;s:7:\"is_deal\";s:1:\"0\";}}'),
(152, 154, 'a:8:{s:10:\"first_name\";s:7:\"Surabhi\";s:9:\"last_name\";s:5:\"Tomer\";s:7:\"address\";s:56:\"VRV9+HF San José de Gaauanipa, Anzjfgoategui, Venezuela\";s:8:\"landmark\";s:8:\"Gaauanip\";s:7:\"zipcode\";s:5:\"12356\";s:4:\"city\";s:9:\"Gaauanipa\";s:8:\"latitude\";s:9:\"9.9280694\";s:9:\"longitude\";s:11:\"-84.0907246\";}', 'O:8:\"stdClass\":14:{s:4:\"name\";s:13:\"Doner & Gyros\";s:5:\"image\";s:47:\"restaurant/8162364a46c77c090de3f36706172d1b.jpg\";s:12:\"phone_number\";s:10:\"7878787878\";s:5:\"email\";s:19:\"doner12@yopmail.com\";s:11:\"amount_type\";N;s:6:\"amount\";N;s:7:\"address\";s:50:\"72 Street, WVRF+V4 San Tome, Anzoategui, Venezuela\";s:8:\"landmark\";s:10:\"Anzoategui\";s:7:\"zipcode\";s:6:\"123456\";s:4:\"city\";s:10:\"Anzoategui\";s:8:\"latitude\";s:17:\"8.943501703492087\";s:9:\"longitude\";s:18:\"-64.12680126190185\";s:15:\"currency_symbol\";s:1:\"$\";s:13:\"currency_code\";s:3:\"USD\";}', 'a:1:{i:0;a:9:{s:9:\"item_name\";s:31:\"Salted Butter Caramel Ice Cream\";s:7:\"item_id\";s:2:\"41\";s:6:\"qty_no\";i:3;s:4:\"rate\";s:5:\"80.85\";s:11:\"offer_price\";s:0:\"\";s:8:\"order_id\";i:154;s:12:\"is_customize\";i:0;s:9:\"itemTotal\";d:242.55000000000001136868377216160297393798828125;s:7:\"is_deal\";s:1:\"0\";}}'),
(153, 155, 'a:0:{}', 'O:8:\"stdClass\":14:{s:4:\"name\";s:13:\"Doner & Gyros\";s:5:\"image\";s:47:\"restaurant/8162364a46c77c090de3f36706172d1b.jpg\";s:12:\"phone_number\";s:10:\"7878787878\";s:5:\"email\";s:19:\"doner12@yopmail.com\";s:11:\"amount_type\";N;s:6:\"amount\";N;s:7:\"address\";s:50:\"72 Street, WVRF+V4 San Tome, Anzoategui, Venezuela\";s:8:\"landmark\";s:10:\"Anzoategui\";s:7:\"zipcode\";s:6:\"123456\";s:4:\"city\";s:10:\"Anzoategui\";s:8:\"latitude\";s:17:\"8.943501703492087\";s:9:\"longitude\";s:18:\"-64.12680126190185\";s:15:\"currency_symbol\";s:1:\"$\";s:13:\"currency_code\";s:3:\"USD\";}', 'a:1:{i:0;a:10:{s:9:\"item_name\";s:21:\"Cremo Bueno Ice Cream\";s:7:\"item_id\";s:2:\"42\";s:6:\"qty_no\";i:2;s:4:\"rate\";s:6:\"100.00\";s:11:\"offer_price\";s:0:\"\";s:8:\"order_id\";i:155;s:12:\"is_customize\";i:0;s:7:\"is_deal\";s:1:\"0\";s:8:\"subTotal\";d:100;s:9:\"itemTotal\";d:200;}}'),
(154, 156, 'a:0:{}', 'O:8:\"stdClass\":14:{s:4:\"name\";s:9:\"Pizza hut\";s:5:\"image\";s:47:\"restaurant/82338f711b23b368f383280df9a9c048.jpg\";s:12:\"phone_number\";s:7:\"4634775\";s:5:\"email\";s:18:\"pizzahut@gmail.com\";s:11:\"amount_type\";N;s:6:\"amount\";N;s:7:\"address\";s:28:\"Pizza Hut, Fairborn, OH, USA\";s:8:\"landmark\";s:24:\"Fairborn Municipal Court\";s:7:\"zipcode\";s:6:\"567868\";s:4:\"city\";s:2:\"OH\";s:8:\"latitude\";s:8:\"39.80529\";s:9:\"longitude\";s:9:\"-84.03116\";s:15:\"currency_symbol\";s:3:\"₹\";s:13:\"currency_code\";s:3:\"INR\";}', 'a:2:{i:0;a:11:{s:9:\"item_name\";s:5:\"Pizza\";s:7:\"item_id\";s:2:\"48\";s:6:\"qty_no\";i:2;s:4:\"rate\";s:0:\"\";s:11:\"offer_price\";s:0:\"\";s:8:\"order_id\";i:156;s:12:\"is_customize\";i:1;s:7:\"is_deal\";s:1:\"0\";s:8:\"subTotal\";d:35;s:9:\"itemTotal\";d:70;s:20:\"addons_category_list\";a:2:{i:0;a:3:{s:18:\"addons_category_id\";s:1:\"1\";s:15:\"addons_category\";s:5:\"Sauce\";s:11:\"addons_list\";a:1:{i:1;a:3:{s:10:\"add_ons_id\";s:3:\"125\";s:12:\"add_ons_name\";s:12:\"Chilli Sauce\";s:13:\"add_ons_price\";s:5:\"20.00\";}}}i:1;a:3:{s:18:\"addons_category_id\";s:1:\"2\";s:15:\"addons_category\";s:6:\"Chatni\";s:11:\"addons_list\";a:1:{i:0;a:3:{s:10:\"add_ons_id\";s:3:\"126\";s:12:\"add_ons_name\";s:10:\"Soya Sauce\";s:13:\"add_ons_price\";s:5:\"15.00\";}}}}}i:1;a:11:{s:9:\"item_name\";s:5:\"Chips\";s:7:\"item_id\";s:2:\"50\";s:6:\"qty_no\";i:1;s:4:\"rate\";s:0:\"\";s:11:\"offer_price\";s:0:\"\";s:8:\"order_id\";i:156;s:12:\"is_customize\";i:1;s:7:\"is_deal\";s:1:\"0\";s:8:\"subTotal\";d:200;s:9:\"itemTotal\";d:200;s:20:\"addons_category_list\";a:1:{i:0;a:3:{s:18:\"addons_category_id\";s:1:\"1\";s:15:\"addons_category\";s:5:\"Sauce\";s:11:\"addons_list\";a:1:{i:0;a:3:{s:10:\"add_ons_id\";s:3:\"123\";s:12:\"add_ons_name\";s:7:\"Ketchup\";s:13:\"add_ons_price\";s:6:\"200.00\";}}}}}}'),
(155, 157, 'a:0:{}', 'O:8:\"stdClass\":14:{s:4:\"name\";s:9:\"Pizza hut\";s:5:\"image\";s:47:\"restaurant/82338f711b23b368f383280df9a9c048.jpg\";s:12:\"phone_number\";s:7:\"4634775\";s:5:\"email\";s:18:\"pizzahut@gmail.com\";s:11:\"amount_type\";N;s:6:\"amount\";N;s:7:\"address\";s:28:\"Pizza Hut, Fairborn, OH, USA\";s:8:\"landmark\";s:24:\"Fairborn Municipal Court\";s:7:\"zipcode\";s:6:\"567868\";s:4:\"city\";s:2:\"OH\";s:8:\"latitude\";s:8:\"39.80529\";s:9:\"longitude\";s:9:\"-84.03116\";s:15:\"currency_symbol\";s:3:\"₹\";s:13:\"currency_code\";s:3:\"INR\";}', 'a:1:{i:0;a:11:{s:9:\"item_name\";s:5:\"Chips\";s:7:\"item_id\";s:2:\"50\";s:6:\"qty_no\";i:3;s:4:\"rate\";s:0:\"\";s:11:\"offer_price\";s:0:\"\";s:8:\"order_id\";i:157;s:12:\"is_customize\";i:1;s:7:\"is_deal\";s:1:\"0\";s:8:\"subTotal\";d:200;s:9:\"itemTotal\";d:600;s:20:\"addons_category_list\";a:1:{i:0;a:3:{s:18:\"addons_category_id\";s:1:\"1\";s:15:\"addons_category\";s:5:\"Sauce\";s:11:\"addons_list\";a:1:{i:0;a:3:{s:10:\"add_ons_id\";s:3:\"123\";s:12:\"add_ons_name\";s:7:\"Ketchup\";s:13:\"add_ons_price\";s:6:\"200.00\";}}}}}}'),
(156, 158, 'a:8:{s:10:\"first_name\";s:7:\"Ranajit\";s:9:\"last_name\";s:0:\"\";s:7:\"address\";s:51:\"Ghatlodiya, Chanakyapuri, Ahmedabad, Gujarat, India\";s:8:\"landmark\";s:12:\"Chanakyapuri\";s:7:\"zipcode\";s:6:\"380060\";s:4:\"city\";s:9:\"Ahmedabad\";s:8:\"latitude\";s:17:\"39.15977549999999\";s:9:\"longitude\";s:11:\"-84.4483466\";}', 'O:8:\"stdClass\":14:{s:4:\"name\";s:9:\"Pizza hut\";s:5:\"image\";s:47:\"restaurant/82338f711b23b368f383280df9a9c048.jpg\";s:12:\"phone_number\";s:7:\"4634775\";s:5:\"email\";s:18:\"pizzahut@gmail.com\";s:11:\"amount_type\";N;s:6:\"amount\";N;s:7:\"address\";s:28:\"Pizza Hut, Fairborn, OH, USA\";s:8:\"landmark\";s:24:\"Fairborn Municipal Court\";s:7:\"zipcode\";s:6:\"567868\";s:4:\"city\";s:2:\"OH\";s:8:\"latitude\";s:8:\"39.80529\";s:9:\"longitude\";s:9:\"-84.03116\";s:15:\"currency_symbol\";s:3:\"₹\";s:13:\"currency_code\";s:3:\"INR\";}', 'a:2:{i:0;a:11:{s:9:\"item_name\";s:5:\"Pizza\";s:7:\"item_id\";s:2:\"48\";s:6:\"qty_no\";i:2;s:4:\"rate\";s:0:\"\";s:11:\"offer_price\";s:0:\"\";s:8:\"order_id\";i:158;s:12:\"is_customize\";i:1;s:7:\"is_deal\";s:1:\"0\";s:8:\"subTotal\";d:215;s:9:\"itemTotal\";d:430;s:20:\"addons_category_list\";a:2:{i:0;a:3:{s:18:\"addons_category_id\";s:1:\"1\";s:15:\"addons_category\";s:5:\"Sauce\";s:11:\"addons_list\";a:1:{i:0;a:3:{s:10:\"add_ons_id\";s:3:\"124\";s:12:\"add_ons_name\";s:7:\"Ketchup\";s:13:\"add_ons_price\";s:6:\"200.00\";}}}i:1;a:3:{s:18:\"addons_category_id\";s:1:\"2\";s:15:\"addons_category\";s:6:\"Chatni\";s:11:\"addons_list\";a:1:{i:0;a:3:{s:10:\"add_ons_id\";s:3:\"126\";s:12:\"add_ons_name\";s:10:\"Soya Sauce\";s:13:\"add_ons_price\";s:5:\"15.00\";}}}}}i:1;a:11:{s:9:\"item_name\";s:5:\"Chips\";s:7:\"item_id\";s:2:\"50\";s:6:\"qty_no\";i:2;s:4:\"rate\";s:0:\"\";s:11:\"offer_price\";s:0:\"\";s:8:\"order_id\";i:158;s:12:\"is_customize\";i:1;s:7:\"is_deal\";s:1:\"0\";s:8:\"subTotal\";d:200;s:9:\"itemTotal\";d:400;s:20:\"addons_category_list\";a:1:{i:0;a:3:{s:18:\"addons_category_id\";s:1:\"1\";s:15:\"addons_category\";s:5:\"Sauce\";s:11:\"addons_list\";a:1:{i:0;a:3:{s:10:\"add_ons_id\";s:3:\"123\";s:12:\"add_ons_name\";s:7:\"Ketchup\";s:13:\"add_ons_price\";s:6:\"200.00\";}}}}}}'),
(157, 159, 'a:8:{s:10:\"first_name\";s:7:\"Surabhi\";s:9:\"last_name\";s:5:\"Tomer\";s:7:\"address\";s:8:\"Thaltej \";s:8:\"landmark\";s:53:\"3, Sola Rd, Thaltej, Ahmedabad, Gujarat 380054, India\";s:7:\"zipcode\";s:6:\"380054\";s:4:\"city\";s:7:\"Gujarat\";s:8:\"latitude\";s:8:\"23.06377\";s:9:\"longitude\";s:10:\"72.5267324\";}', 'O:8:\"stdClass\":14:{s:4:\"name\";s:13:\"Doner & Gyros\";s:5:\"image\";s:47:\"restaurant/8162364a46c77c090de3f36706172d1b.jpg\";s:12:\"phone_number\";s:10:\"7878787878\";s:5:\"email\";s:19:\"doner12@yopmail.com\";s:11:\"amount_type\";N;s:6:\"amount\";N;s:7:\"address\";s:50:\"72 Street, WVRF+V4 San Tome, Anzoategui, Venezuela\";s:8:\"landmark\";s:10:\"Anzoategui\";s:7:\"zipcode\";s:6:\"123456\";s:4:\"city\";s:10:\"Anzoategui\";s:8:\"latitude\";s:17:\"8.943501703492087\";s:9:\"longitude\";s:18:\"-64.12680126190185\";s:15:\"currency_symbol\";s:1:\"$\";s:13:\"currency_code\";s:3:\"USD\";}', 'a:1:{i:0;a:9:{s:9:\"item_name\";s:31:\"Salted Butter Caramel Ice Cream\";s:7:\"item_id\";s:2:\"41\";s:6:\"qty_no\";i:5;s:4:\"rate\";s:5:\"80.85\";s:11:\"offer_price\";s:0:\"\";s:8:\"order_id\";i:159;s:12:\"is_customize\";i:0;s:9:\"itemTotal\";d:404.25;s:7:\"is_deal\";s:1:\"0\";}}'),
(158, 160, 'a:8:{s:10:\"first_name\";s:11:\"Devika_test\";s:9:\"last_name\";s:0:\"\";s:7:\"address\";s:48:\"Old Subhash Nagar, Bhopal, Madhya Pradesh, India\";s:8:\"landmark\";s:16:\"near mata mandir\";s:7:\"zipcode\";s:6:\"467822\";s:4:\"city\";s:6:\"Bhopal\";s:8:\"latitude\";s:10:\"23.2599333\";s:9:\"longitude\";s:9:\"77.412615\";}', 'O:8:\"stdClass\":14:{s:4:\"name\";s:13:\"Doner & Gyros\";s:5:\"image\";s:47:\"restaurant/8162364a46c77c090de3f36706172d1b.jpg\";s:12:\"phone_number\";s:10:\"7878787878\";s:5:\"email\";s:19:\"doner12@yopmail.com\";s:11:\"amount_type\";N;s:6:\"amount\";N;s:7:\"address\";s:50:\"72 Street, WVRF+V4 San Tome, Anzoategui, Venezuela\";s:8:\"landmark\";s:10:\"Anzoategui\";s:7:\"zipcode\";s:6:\"123456\";s:4:\"city\";s:10:\"Anzoategui\";s:8:\"latitude\";s:17:\"8.943501703492087\";s:9:\"longitude\";s:18:\"-64.12680126190185\";s:15:\"currency_symbol\";s:1:\"$\";s:13:\"currency_code\";s:3:\"USD\";}', 'a:2:{i:0;a:10:{s:9:\"item_name\";s:21:\"Cremo Bueno Ice Cream\";s:7:\"item_id\";s:2:\"42\";s:6:\"qty_no\";i:1;s:4:\"rate\";s:6:\"100.00\";s:11:\"offer_price\";s:0:\"\";s:8:\"order_id\";i:160;s:12:\"is_customize\";i:0;s:7:\"is_deal\";s:1:\"0\";s:8:\"subTotal\";d:100;s:9:\"itemTotal\";d:100;}i:1;a:10:{s:9:\"item_name\";s:31:\"Salted Butter Caramel Ice Cream\";s:7:\"item_id\";s:2:\"41\";s:6:\"qty_no\";i:1;s:4:\"rate\";s:5:\"80.85\";s:11:\"offer_price\";s:0:\"\";s:8:\"order_id\";i:160;s:12:\"is_customize\";i:0;s:7:\"is_deal\";s:1:\"0\";s:8:\"subTotal\";d:80.849999999999994315658113919198513031005859375;s:9:\"itemTotal\";d:80.849999999999994315658113919198513031005859375;}}'),
(159, 161, 'a:8:{s:10:\"first_name\";s:7:\"Ranajit\";s:9:\"last_name\";s:0:\"\";s:7:\"address\";s:51:\"Ghatlodiya, Chanakyapuri, Ahmedabad, Gujarat, India\";s:8:\"landmark\";s:12:\"Chanakyapuri\";s:7:\"zipcode\";s:6:\"380060\";s:4:\"city\";s:9:\"Ahmedabad\";s:8:\"latitude\";s:17:\"39.15977549999999\";s:9:\"longitude\";s:11:\"-84.4483466\";}', 'O:8:\"stdClass\":14:{s:4:\"name\";s:12:\"Pizza Palace\";s:5:\"image\";s:47:\"restaurant/f8b4c502d1e54348b76c88fb45e63a4e.jpg\";s:12:\"phone_number\";s:7:\"6879722\";s:5:\"email\";s:21:\"pizzapalace@gmail.com\";s:11:\"amount_type\";s:6:\"Amount\";s:6:\"amount\";s:5:\"10.00\";s:7:\"address\";s:22:\"Pizza Place London, UK\";s:8:\"landmark\";s:13:\"Covent Garden\";s:7:\"zipcode\";s:6:\"675787\";s:4:\"city\";s:6:\"London\";s:8:\"latitude\";s:17:\"51.51456899999999\";s:9:\"longitude\";s:10:\"-0.1264329\";s:15:\"currency_symbol\";s:1:\"$\";s:13:\"currency_code\";s:3:\"USD\";}', 'a:1:{i:0;a:10:{s:9:\"item_name\";s:5:\"Pizza\";s:7:\"item_id\";s:2:\"58\";s:6:\"qty_no\";i:3;s:4:\"rate\";s:6:\"350.00\";s:11:\"offer_price\";s:0:\"\";s:8:\"order_id\";i:161;s:12:\"is_customize\";i:0;s:7:\"is_deal\";s:1:\"0\";s:8:\"subTotal\";d:350;s:9:\"itemTotal\";d:1050;}}'),
(160, 162, 'a:8:{s:10:\"first_name\";s:11:\"Devika_test\";s:9:\"last_name\";s:0:\"\";s:7:\"address\";s:48:\"Old Subhash Nagar, Bhopal, Madhya Pradesh, India\";s:8:\"landmark\";s:16:\"near mata mandir\";s:7:\"zipcode\";s:6:\"467822\";s:4:\"city\";s:6:\"Bhopal\";s:8:\"latitude\";s:10:\"23.2599333\";s:9:\"longitude\";s:9:\"77.412615\";}', 'O:8:\"stdClass\":14:{s:4:\"name\";s:13:\"Doner & Gyros\";s:5:\"image\";s:47:\"restaurant/8162364a46c77c090de3f36706172d1b.jpg\";s:12:\"phone_number\";s:10:\"7878787878\";s:5:\"email\";s:19:\"doner12@yopmail.com\";s:11:\"amount_type\";N;s:6:\"amount\";N;s:7:\"address\";s:50:\"72 Street, WVRF+V4 San Tome, Anzoategui, Venezuela\";s:8:\"landmark\";s:10:\"Anzoategui\";s:7:\"zipcode\";s:6:\"123456\";s:4:\"city\";s:10:\"Anzoategui\";s:8:\"latitude\";s:17:\"8.943501703492087\";s:9:\"longitude\";s:18:\"-64.12680126190185\";s:15:\"currency_symbol\";s:1:\"$\";s:13:\"currency_code\";s:3:\"USD\";}', 'a:1:{i:0;a:10:{s:9:\"item_name\";s:31:\"Salted Butter Caramel Ice Cream\";s:7:\"item_id\";s:2:\"41\";s:6:\"qty_no\";i:1;s:4:\"rate\";s:5:\"80.85\";s:11:\"offer_price\";s:0:\"\";s:8:\"order_id\";i:162;s:12:\"is_customize\";i:0;s:7:\"is_deal\";s:1:\"0\";s:8:\"subTotal\";d:80.849999999999994315658113919198513031005859375;s:9:\"itemTotal\";d:80.849999999999994315658113919198513031005859375;}}'),
(161, 163, 'a:8:{s:10:\"first_name\";s:7:\"Surabhi\";s:9:\"last_name\";s:5:\"Tomer\";s:7:\"address\";s:30:\"Vishwas City 1, Gujarat, India\";s:8:\"landmark\";s:4:\"Sola\";s:7:\"zipcode\";s:8:\"63897289\";s:4:\"city\";s:9:\"Ahmedabad\";s:8:\"latitude\";s:10:\"23.0751887\";s:9:\"longitude\";s:10:\"72.5256887\";}', 'O:8:\"stdClass\":14:{s:4:\"name\";s:13:\"Doner & Gyros\";s:5:\"image\";s:47:\"restaurant/8162364a46c77c090de3f36706172d1b.jpg\";s:12:\"phone_number\";s:10:\"7878787878\";s:5:\"email\";s:19:\"doner12@yopmail.com\";s:11:\"amount_type\";N;s:6:\"amount\";N;s:7:\"address\";s:50:\"72 Street, WVRF+V4 San Tome, Anzoategui, Venezuela\";s:8:\"landmark\";s:10:\"Anzoategui\";s:7:\"zipcode\";s:6:\"123456\";s:4:\"city\";s:10:\"Anzoategui\";s:8:\"latitude\";s:17:\"8.943501703492087\";s:9:\"longitude\";s:18:\"-64.12680126190185\";s:15:\"currency_symbol\";s:1:\"$\";s:13:\"currency_code\";s:3:\"USD\";}', 'a:1:{i:0;a:9:{s:9:\"item_name\";s:31:\"Salted Butter Caramel Ice Cream\";s:7:\"item_id\";s:2:\"41\";s:6:\"qty_no\";i:3;s:4:\"rate\";s:5:\"80.85\";s:11:\"offer_price\";s:0:\"\";s:8:\"order_id\";i:163;s:12:\"is_customize\";i:0;s:9:\"itemTotal\";d:242.55000000000001136868377216160297393798828125;s:7:\"is_deal\";s:1:\"0\";}}'),
(162, 164, 'a:8:{s:10:\"first_name\";s:7:\"Surabhi\";s:9:\"last_name\";s:5:\"Tomer\";s:7:\"address\";s:8:\"Thaltej \";s:8:\"landmark\";s:53:\"3, Sola Rd, Thaltej, Ahmedabad, Gujarat 380054, India\";s:7:\"zipcode\";s:6:\"380054\";s:4:\"city\";s:7:\"Gujarat\";s:8:\"latitude\";s:8:\"23.06377\";s:9:\"longitude\";s:10:\"72.5267324\";}', 'O:8:\"stdClass\":14:{s:4:\"name\";s:13:\"Doner & Gyros\";s:5:\"image\";s:47:\"restaurant/8162364a46c77c090de3f36706172d1b.jpg\";s:12:\"phone_number\";s:10:\"7878787878\";s:5:\"email\";s:19:\"doner12@yopmail.com\";s:11:\"amount_type\";N;s:6:\"amount\";N;s:7:\"address\";s:50:\"72 Street, WVRF+V4 San Tome, Anzoategui, Venezuela\";s:8:\"landmark\";s:10:\"Anzoategui\";s:7:\"zipcode\";s:6:\"123456\";s:4:\"city\";s:10:\"Anzoategui\";s:8:\"latitude\";s:17:\"8.943501703492087\";s:9:\"longitude\";s:18:\"-64.12680126190185\";s:15:\"currency_symbol\";s:1:\"$\";s:13:\"currency_code\";s:3:\"USD\";}', 'a:1:{i:0;a:9:{s:9:\"item_name\";s:31:\"Salted Butter Caramel Ice Cream\";s:7:\"item_id\";s:2:\"41\";s:6:\"qty_no\";i:1;s:4:\"rate\";s:5:\"80.85\";s:11:\"offer_price\";s:0:\"\";s:8:\"order_id\";i:164;s:12:\"is_customize\";i:0;s:9:\"itemTotal\";d:80.849999999999994315658113919198513031005859375;s:7:\"is_deal\";s:1:\"0\";}}'),
(163, 165, 'a:0:{}', 'O:8:\"stdClass\":14:{s:4:\"name\";s:13:\"Doner & Gyros\";s:5:\"image\";s:47:\"restaurant/8162364a46c77c090de3f36706172d1b.jpg\";s:12:\"phone_number\";s:10:\"7878787878\";s:5:\"email\";s:19:\"doner12@yopmail.com\";s:11:\"amount_type\";N;s:6:\"amount\";N;s:7:\"address\";s:50:\"72 Street, WVRF+V4 San Tome, Anzoategui, Venezuela\";s:8:\"landmark\";s:10:\"Anzoategui\";s:7:\"zipcode\";s:6:\"123456\";s:4:\"city\";s:10:\"Anzoategui\";s:8:\"latitude\";s:17:\"8.943501703492087\";s:9:\"longitude\";s:18:\"-64.12680126190185\";s:15:\"currency_symbol\";s:1:\"$\";s:13:\"currency_code\";s:3:\"USD\";}', 'a:1:{i:0;a:10:{s:9:\"item_name\";s:21:\"Cremo Bueno Ice Cream\";s:7:\"item_id\";s:2:\"42\";s:6:\"qty_no\";i:1;s:4:\"rate\";s:6:\"100.00\";s:11:\"offer_price\";s:0:\"\";s:8:\"order_id\";i:165;s:12:\"is_customize\";i:0;s:7:\"is_deal\";s:1:\"0\";s:8:\"subTotal\";d:100;s:9:\"itemTotal\";d:100;}}'),
(164, 166, 'a:8:{s:10:\"first_name\";s:11:\"Test edited\";s:9:\"last_name\";s:4:\"Last\";s:7:\"address\";s:64:\"Ghatlodia, Shayona City, Chanakyapuri, Ahmedabad, Gujarat, India\";s:8:\"landmark\";s:12:\"Chanakyapuri\";s:7:\"zipcode\";s:6:\"380061\";s:4:\"city\";s:9:\"Ahmedabad\";s:8:\"latitude\";s:10:\"23.0747676\";s:9:\"longitude\";s:9:\"72.535598\";}', 'O:8:\"stdClass\":14:{s:4:\"name\";s:14:\"The Restaur IN\";s:5:\"image\";s:47:\"restaurant/ad5e5b1abc85bb890a2f823ab1d7be8e.jpg\";s:12:\"phone_number\";s:10:\"9999999994\";s:5:\"email\";s:14:\"paul@evdpl.com\";s:11:\"amount_type\";N;s:6:\"amount\";N;s:7:\"address\";s:63:\"Park Avenue South,5th Floor, New York City, New York, 10016 USA\";s:8:\"landmark\";s:12:\"South Corner\";s:7:\"zipcode\";s:6:\"090909\";s:4:\"city\";s:4:\"CITY\";s:8:\"latitude\";s:10:\"23.0705655\";s:9:\"longitude\";s:17:\"72.52157609999999\";s:15:\"currency_symbol\";s:1:\"$\";s:13:\"currency_code\";s:3:\"CAD\";}', 'a:1:{i:0;a:9:{s:9:\"item_name\";s:18:\"Strawberry Limeade\";s:7:\"item_id\";s:2:\"31\";s:6:\"qty_no\";i:1;s:4:\"rate\";s:2:\"54\";s:11:\"offer_price\";s:0:\"\";s:8:\"order_id\";i:166;s:12:\"is_customize\";i:0;s:9:\"itemTotal\";i:54;s:7:\"is_deal\";s:1:\"0\";}}'),
(165, 167, 'a:8:{s:10:\"first_name\";s:11:\"Test edited\";s:9:\"last_name\";s:4:\"Last\";s:7:\"address\";s:64:\"Ghatlodia, Shayona City, Chanakyapuri, Ahmedabad, Gujarat, India\";s:8:\"landmark\";s:12:\"Chanakyapuri\";s:7:\"zipcode\";s:6:\"380061\";s:4:\"city\";s:9:\"Ahmedabad\";s:8:\"latitude\";s:10:\"23.0747676\";s:9:\"longitude\";s:9:\"72.535598\";}', 'O:8:\"stdClass\":14:{s:4:\"name\";s:14:\"The Restaur IN\";s:5:\"image\";s:47:\"restaurant/ad5e5b1abc85bb890a2f823ab1d7be8e.jpg\";s:12:\"phone_number\";s:10:\"9999999994\";s:5:\"email\";s:14:\"paul@evdpl.com\";s:11:\"amount_type\";N;s:6:\"amount\";N;s:7:\"address\";s:63:\"Park Avenue South,5th Floor, New York City, New York, 10016 USA\";s:8:\"landmark\";s:12:\"South Corner\";s:7:\"zipcode\";s:6:\"090909\";s:4:\"city\";s:4:\"CITY\";s:8:\"latitude\";s:10:\"23.0705655\";s:9:\"longitude\";s:17:\"72.52157609999999\";s:15:\"currency_symbol\";s:1:\"$\";s:13:\"currency_code\";s:3:\"CAD\";}', 'a:1:{i:0;a:9:{s:9:\"item_name\";s:18:\"Strawberry Limeade\";s:7:\"item_id\";s:2:\"31\";s:6:\"qty_no\";i:1;s:4:\"rate\";s:2:\"54\";s:11:\"offer_price\";s:0:\"\";s:8:\"order_id\";i:167;s:12:\"is_customize\";i:0;s:9:\"itemTotal\";i:54;s:7:\"is_deal\";s:1:\"0\";}}'),
(166, 168, 'a:0:{}', 'O:8:\"stdClass\":14:{s:4:\"name\";s:13:\"Cour de pizza\";s:5:\"image\";N;s:12:\"phone_number\";s:6:\"679879\";s:5:\"email\";s:21:\"pizzacourt1@gmail.com\";s:11:\"amount_type\";N;s:6:\"amount\";N;s:7:\"address\";s:53:\"Pizza Court, Olive St, Los Angeles, CA, United States\";s:8:\"landmark\";s:53:\"Pizza Court, Olive St, Los Angeles, CA, United States\";s:7:\"zipcode\";s:5:\"54644\";s:4:\"city\";s:3:\"dfh\";s:8:\"latitude\";s:18:\"23.076091771539428\";s:9:\"longitude\";s:17:\"72.53638107910157\";s:15:\"currency_symbol\";s:1:\"$\";s:13:\"currency_code\";s:3:\"USD\";}', 'a:1:{i:0;a:10:{s:9:\"item_name\";s:26:\"Crème glacée Cremo Bueno\";s:7:\"item_id\";s:2:\"56\";s:6:\"qty_no\";i:1;s:4:\"rate\";s:5:\"12.00\";s:11:\"offer_price\";s:0:\"\";s:8:\"order_id\";i:168;s:12:\"is_customize\";i:0;s:7:\"is_deal\";s:1:\"0\";s:8:\"subTotal\";d:12;s:9:\"itemTotal\";d:12;}}'),
(167, 169, 'a:0:{}', 'O:8:\"stdClass\":14:{s:4:\"name\";s:11:\"Pizza World\";s:5:\"image\";s:47:\"restaurant/e3edc5d7da3fb7d1e24556ca8123eedc.jpg\";s:12:\"phone_number\";s:9:\"338299832\";s:5:\"email\";s:20:\"pizzaworld@gmail.com\";s:11:\"amount_type\";N;s:6:\"amount\";N;s:7:\"address\";s:30:\"Pizza World, Fairborn, OH, USA\";s:8:\"landmark\";s:19:\"Holiday Inn Express\";s:7:\"zipcode\";s:7:\"5548343\";s:4:\"city\";s:18:\"South Lambeth Road\";s:8:\"latitude\";s:8:\"39.80529\";s:9:\"longitude\";s:9:\"-84.03116\";s:15:\"currency_symbol\";s:2:\"£\";s:13:\"currency_code\";s:3:\"GBP\";}', 'a:1:{i:0;a:11:{s:9:\"item_name\";s:14:\"starter test 1\";s:7:\"item_id\";s:2:\"60\";s:6:\"qty_no\";i:1;s:4:\"rate\";s:0:\"\";s:11:\"offer_price\";s:0:\"\";s:8:\"order_id\";i:169;s:12:\"is_customize\";i:1;s:7:\"is_deal\";s:1:\"0\";s:8:\"subTotal\";d:50;s:9:\"itemTotal\";d:50;s:20:\"addons_category_list\";a:2:{i:0;a:3:{s:18:\"addons_category_id\";s:1:\"1\";s:15:\"addons_category\";s:5:\"Sauce\";s:11:\"addons_list\";a:1:{i:0;a:3:{s:10:\"add_ons_id\";s:3:\"167\";s:12:\"add_ons_name\";s:5:\"sauce\";s:13:\"add_ons_price\";s:5:\"10.00\";}}}i:1;a:3:{s:18:\"addons_category_id\";s:1:\"2\";s:15:\"addons_category\";s:6:\"Chatni\";s:11:\"addons_list\";a:1:{i:0;a:3:{s:10:\"add_ons_id\";s:3:\"168\";s:12:\"add_ons_name\";s:6:\"Chatni\";s:13:\"add_ons_price\";s:5:\"40.00\";}}}}}}'),
(168, 170, 'a:0:{}', 'O:8:\"stdClass\":14:{s:4:\"name\";s:13:\"Doner & Gyros\";s:5:\"image\";s:47:\"restaurant/8162364a46c77c090de3f36706172d1b.jpg\";s:12:\"phone_number\";s:10:\"7878787878\";s:5:\"email\";s:19:\"doner12@yopmail.com\";s:11:\"amount_type\";N;s:6:\"amount\";N;s:7:\"address\";s:50:\"72 Street, WVRF+V4 San Tome, Anzoategui, Venezuela\";s:8:\"landmark\";s:10:\"Anzoategui\";s:7:\"zipcode\";s:6:\"123456\";s:4:\"city\";s:10:\"Anzoategui\";s:8:\"latitude\";s:17:\"8.943501703492087\";s:9:\"longitude\";s:18:\"-64.12680126190185\";s:15:\"currency_symbol\";s:1:\"$\";s:13:\"currency_code\";s:3:\"USD\";}', 'a:2:{i:0;a:10:{s:9:\"item_name\";s:21:\"Cremo Bueno Ice Cream\";s:7:\"item_id\";s:2:\"42\";s:6:\"qty_no\";i:1;s:4:\"rate\";s:6:\"100.00\";s:11:\"offer_price\";s:0:\"\";s:8:\"order_id\";i:170;s:12:\"is_customize\";i:0;s:7:\"is_deal\";s:1:\"0\";s:8:\"subTotal\";d:100;s:9:\"itemTotal\";d:100;}i:1;a:10:{s:9:\"item_name\";s:31:\"Salted Butter Caramel Ice Cream\";s:7:\"item_id\";s:2:\"41\";s:6:\"qty_no\";i:1;s:4:\"rate\";s:5:\"80.85\";s:11:\"offer_price\";s:0:\"\";s:8:\"order_id\";i:170;s:12:\"is_customize\";i:0;s:7:\"is_deal\";s:1:\"0\";s:8:\"subTotal\";d:80.849999999999994315658113919198513031005859375;s:9:\"itemTotal\";d:80.849999999999994315658113919198513031005859375;}}'),
(169, 171, 'a:8:{s:10:\"first_name\";s:4:\"Demo\";s:9:\"last_name\";s:4:\"User\";s:7:\"address\";s:83:\"07, opp. Kargil Petrol Pump, Vishwas City 1, Sola, Ahmedabad, Gujarat 380060, India\";s:8:\"landmark\";s:18:\"Kargil Petrol Pump\";s:7:\"zipcode\";s:0:\"\";s:4:\"city\";N;s:8:\"latitude\";s:18:\"23.075208440870412\";s:9:\"longitude\";s:17:\"72.52583890370488\";}', 'O:8:\"stdClass\":14:{s:4:\"name\";s:9:\"Pizza hut\";s:5:\"image\";s:47:\"restaurant/82338f711b23b368f383280df9a9c048.jpg\";s:12:\"phone_number\";s:7:\"4634775\";s:5:\"email\";s:18:\"pizzahut@gmail.com\";s:11:\"amount_type\";N;s:6:\"amount\";N;s:7:\"address\";s:28:\"Pizza Hut, Fairborn, OH, USA\";s:8:\"landmark\";s:24:\"Fairborn Municipal Court\";s:7:\"zipcode\";s:6:\"567868\";s:4:\"city\";s:2:\"OH\";s:8:\"latitude\";s:8:\"39.80529\";s:9:\"longitude\";s:9:\"-84.03116\";s:15:\"currency_symbol\";s:3:\"₹\";s:13:\"currency_code\";s:3:\"INR\";}', 'a:1:{i:0;a:11:{s:9:\"item_name\";s:5:\"Pizza\";s:7:\"item_id\";s:2:\"48\";s:6:\"qty_no\";i:1;s:4:\"rate\";s:0:\"\";s:11:\"offer_price\";s:0:\"\";s:8:\"order_id\";i:171;s:12:\"is_customize\";i:1;s:7:\"is_deal\";s:1:\"0\";s:8:\"subTotal\";d:200;s:9:\"itemTotal\";d:200;s:20:\"addons_category_list\";a:1:{i:0;a:3:{s:18:\"addons_category_id\";s:1:\"1\";s:15:\"addons_category\";s:5:\"Sauce\";s:11:\"addons_list\";a:1:{i:0;a:3:{s:10:\"add_ons_id\";s:3:\"124\";s:12:\"add_ons_name\";s:7:\"Ketchup\";s:13:\"add_ons_price\";s:6:\"200.00\";}}}}}}'),
(170, 172, 'a:8:{s:10:\"first_name\";s:4:\"Demo\";s:9:\"last_name\";s:4:\"User\";s:7:\"address\";s:83:\"07, opp. Kargil Petrol Pump, Vishwas City 1, Sola, Ahmedabad, Gujarat 380060, India\";s:8:\"landmark\";s:18:\"Kargil Petrol Pump\";s:7:\"zipcode\";s:0:\"\";s:4:\"city\";N;s:8:\"latitude\";s:18:\"23.075208440870412\";s:9:\"longitude\";s:17:\"72.52583890370488\";}', 'O:8:\"stdClass\":14:{s:4:\"name\";s:12:\"Pizza Palace\";s:5:\"image\";s:47:\"restaurant/f8b4c502d1e54348b76c88fb45e63a4e.jpg\";s:12:\"phone_number\";s:7:\"6879722\";s:5:\"email\";s:21:\"pizzapalace@gmail.com\";s:11:\"amount_type\";s:6:\"Amount\";s:6:\"amount\";s:5:\"10.00\";s:7:\"address\";s:22:\"Pizza Place London, UK\";s:8:\"landmark\";s:13:\"Covent Garden\";s:7:\"zipcode\";s:6:\"675787\";s:4:\"city\";s:6:\"London\";s:8:\"latitude\";s:17:\"51.51456899999999\";s:9:\"longitude\";s:10:\"-0.1264329\";s:15:\"currency_symbol\";s:1:\"$\";s:13:\"currency_code\";s:3:\"USD\";}', 'a:1:{i:0;a:10:{s:9:\"item_name\";s:5:\"Pizza\";s:7:\"item_id\";s:2:\"58\";s:6:\"qty_no\";i:1;s:4:\"rate\";s:6:\"350.00\";s:11:\"offer_price\";s:0:\"\";s:8:\"order_id\";i:172;s:12:\"is_customize\";i:0;s:7:\"is_deal\";s:1:\"0\";s:8:\"subTotal\";d:350;s:9:\"itemTotal\";d:350;}}'),
(171, 173, 'a:8:{s:10:\"first_name\";s:4:\"Demo\";s:9:\"last_name\";s:4:\"User\";s:7:\"address\";s:83:\"07, opp. Kargil Petrol Pump, Vishwas City 1, Sola, Ahmedabad, Gujarat 380060, India\";s:8:\"landmark\";s:18:\"Kargil Petrol Pump\";s:7:\"zipcode\";s:0:\"\";s:4:\"city\";N;s:8:\"latitude\";s:18:\"23.075208440870412\";s:9:\"longitude\";s:17:\"72.52583890370488\";}', 'O:8:\"stdClass\":14:{s:4:\"name\";s:14:\"The Restaur IN\";s:5:\"image\";s:47:\"restaurant/ad5e5b1abc85bb890a2f823ab1d7be8e.jpg\";s:12:\"phone_number\";s:10:\"9999999994\";s:5:\"email\";s:14:\"paul@evdpl.com\";s:11:\"amount_type\";N;s:6:\"amount\";N;s:7:\"address\";s:63:\"Park Avenue South,5th Floor, New York City, New York, 10016 USA\";s:8:\"landmark\";s:12:\"South Corner\";s:7:\"zipcode\";s:6:\"090909\";s:4:\"city\";s:4:\"CITY\";s:8:\"latitude\";s:10:\"23.0705655\";s:9:\"longitude\";s:17:\"72.52157609999999\";s:15:\"currency_symbol\";s:1:\"$\";s:13:\"currency_code\";s:3:\"CAD\";}', 'a:1:{i:0;a:10:{s:9:\"item_name\";s:7:\"Waffles\";s:7:\"item_id\";s:2:\"39\";s:6:\"qty_no\";i:1;s:4:\"rate\";s:5:\"45.00\";s:11:\"offer_price\";s:0:\"\";s:8:\"order_id\";i:173;s:12:\"is_customize\";i:0;s:7:\"is_deal\";s:1:\"0\";s:8:\"subTotal\";d:45;s:9:\"itemTotal\";d:45;}}'),
(172, 174, 'a:8:{s:10:\"first_name\";s:4:\"John\";s:9:\"last_name\";s:5:\"Linkn\";s:7:\"address\";s:64:\"Ghatlodia, Shayona City, Chanakyapuri, Ahmedabad, Gujarat, India\";s:8:\"landmark\";s:12:\"Chanakyapuri\";s:7:\"zipcode\";s:6:\"380061\";s:4:\"city\";s:9:\"Ahmedabad\";s:8:\"latitude\";s:10:\"23.0747676\";s:9:\"longitude\";s:9:\"72.535598\";}', 'O:8:\"stdClass\":14:{s:4:\"name\";s:13:\"Doner & Gyros\";s:5:\"image\";s:47:\"restaurant/8162364a46c77c090de3f36706172d1b.jpg\";s:12:\"phone_number\";s:10:\"7878787878\";s:5:\"email\";s:19:\"doner12@yopmail.com\";s:11:\"amount_type\";N;s:6:\"amount\";N;s:7:\"address\";s:50:\"72 Street, WVRF+V4 San Tome, Anzoategui, Venezuela\";s:8:\"landmark\";s:10:\"Anzoategui\";s:7:\"zipcode\";s:6:\"123456\";s:4:\"city\";s:10:\"Anzoategui\";s:8:\"latitude\";s:17:\"8.943501703492087\";s:9:\"longitude\";s:18:\"-64.12680126190185\";s:15:\"currency_symbol\";s:1:\"$\";s:13:\"currency_code\";s:3:\"USD\";}', 'a:1:{i:0;a:10:{s:9:\"item_name\";s:31:\"Salted Butter Caramel Ice Cream\";s:7:\"item_id\";s:2:\"41\";s:6:\"qty_no\";i:1;s:4:\"rate\";s:5:\"80.85\";s:11:\"offer_price\";s:0:\"\";s:8:\"order_id\";i:174;s:12:\"is_customize\";i:0;s:7:\"is_deal\";s:1:\"0\";s:8:\"subTotal\";d:80.849999999999994315658113919198513031005859375;s:9:\"itemTotal\";d:80.849999999999994315658113919198513031005859375;}}'),
(173, 175, 'a:0:{}', 'O:8:\"stdClass\":14:{s:4:\"name\";s:13:\"Doner & Gyros\";s:5:\"image\";s:47:\"restaurant/8162364a46c77c090de3f36706172d1b.jpg\";s:12:\"phone_number\";s:10:\"7878787878\";s:5:\"email\";s:19:\"doner12@yopmail.com\";s:11:\"amount_type\";N;s:6:\"amount\";N;s:7:\"address\";s:50:\"72 Street, WVRF+V4 San Tome, Anzoategui, Venezuela\";s:8:\"landmark\";s:10:\"Anzoategui\";s:7:\"zipcode\";s:6:\"123456\";s:4:\"city\";s:10:\"Anzoategui\";s:8:\"latitude\";s:17:\"8.943501703492087\";s:9:\"longitude\";s:18:\"-64.12680126190185\";s:15:\"currency_symbol\";s:1:\"$\";s:13:\"currency_code\";s:3:\"USD\";}', 'a:1:{i:0;a:10:{s:9:\"item_name\";s:31:\"Salted Butter Caramel Ice Cream\";s:7:\"item_id\";s:2:\"41\";s:6:\"qty_no\";i:2;s:4:\"rate\";s:5:\"80.85\";s:11:\"offer_price\";s:0:\"\";s:8:\"order_id\";i:175;s:12:\"is_customize\";i:0;s:7:\"is_deal\";s:1:\"0\";s:8:\"subTotal\";d:80.849999999999994315658113919198513031005859375;s:9:\"itemTotal\";d:161.69999999999998863131622783839702606201171875;}}'),
(174, 176, 'a:8:{s:10:\"first_name\";s:7:\"Surabhi\";s:9:\"last_name\";s:5:\"Tomer\";s:7:\"address\";s:56:\"VRV9+HF San José de Gaauanipa, Anzjfgoategui, Venezuela\";s:8:\"landmark\";s:8:\"Gaauanip\";s:7:\"zipcode\";s:5:\"12356\";s:4:\"city\";s:9:\"Gaauanipa\";s:8:\"latitude\";s:9:\"9.9280694\";s:9:\"longitude\";s:11:\"-84.0907246\";}', 'O:8:\"stdClass\":14:{s:4:\"name\";s:13:\"Doner & Gyros\";s:5:\"image\";s:47:\"restaurant/8162364a46c77c090de3f36706172d1b.jpg\";s:12:\"phone_number\";s:10:\"7878787878\";s:5:\"email\";s:19:\"doner12@yopmail.com\";s:11:\"amount_type\";N;s:6:\"amount\";N;s:7:\"address\";s:50:\"72 Street, WVRF+V4 San Tome, Anzoategui, Venezuela\";s:8:\"landmark\";s:10:\"Anzoategui\";s:7:\"zipcode\";s:6:\"123456\";s:4:\"city\";s:10:\"Anzoategui\";s:8:\"latitude\";s:17:\"8.943501703492087\";s:9:\"longitude\";s:18:\"-64.12680126190185\";s:15:\"currency_symbol\";s:1:\"$\";s:13:\"currency_code\";s:3:\"USD\";}', 'a:2:{i:0;a:10:{s:9:\"item_name\";s:21:\"Cremo Bueno Ice Cream\";s:7:\"item_id\";s:2:\"42\";s:6:\"qty_no\";i:1;s:4:\"rate\";s:6:\"100.00\";s:11:\"offer_price\";s:0:\"\";s:8:\"order_id\";i:176;s:12:\"is_customize\";i:0;s:7:\"is_deal\";s:1:\"0\";s:8:\"subTotal\";d:100;s:9:\"itemTotal\";d:100;}i:1;a:10:{s:9:\"item_name\";s:31:\"Salted Butter Caramel Ice Cream\";s:7:\"item_id\";s:2:\"41\";s:6:\"qty_no\";i:1;s:4:\"rate\";s:5:\"80.85\";s:11:\"offer_price\";s:0:\"\";s:8:\"order_id\";i:176;s:12:\"is_customize\";i:0;s:7:\"is_deal\";s:1:\"0\";s:8:\"subTotal\";d:80.849999999999994315658113919198513031005859375;s:9:\"itemTotal\";d:80.849999999999994315658113919198513031005859375;}}'),
(175, 177, 'a:0:{}', 'O:8:\"stdClass\":14:{s:4:\"name\";s:13:\"Doner & Gyros\";s:5:\"image\";s:47:\"restaurant/8162364a46c77c090de3f36706172d1b.jpg\";s:12:\"phone_number\";s:10:\"7878787878\";s:5:\"email\";s:19:\"doner12@yopmail.com\";s:11:\"amount_type\";N;s:6:\"amount\";N;s:7:\"address\";s:50:\"72 Street, WVRF+V4 San Tome, Anzoategui, Venezuela\";s:8:\"landmark\";s:10:\"Anzoategui\";s:7:\"zipcode\";s:6:\"123456\";s:4:\"city\";s:10:\"Anzoategui\";s:8:\"latitude\";s:17:\"8.943501703492087\";s:9:\"longitude\";s:18:\"-64.12680126190185\";s:15:\"currency_symbol\";s:1:\"$\";s:13:\"currency_code\";s:3:\"USD\";}', 'a:2:{i:0;a:10:{s:9:\"item_name\";s:21:\"Cremo Bueno Ice Cream\";s:7:\"item_id\";s:2:\"42\";s:6:\"qty_no\";i:1;s:4:\"rate\";s:6:\"100.00\";s:11:\"offer_price\";s:0:\"\";s:8:\"order_id\";i:177;s:12:\"is_customize\";i:0;s:7:\"is_deal\";s:1:\"0\";s:8:\"subTotal\";d:100;s:9:\"itemTotal\";d:100;}i:1;a:10:{s:9:\"item_name\";s:31:\"Salted Butter Caramel Ice Cream\";s:7:\"item_id\";s:2:\"41\";s:6:\"qty_no\";i:1;s:4:\"rate\";s:5:\"80.85\";s:11:\"offer_price\";s:0:\"\";s:8:\"order_id\";i:177;s:12:\"is_customize\";i:0;s:7:\"is_deal\";s:1:\"0\";s:8:\"subTotal\";d:80.849999999999994315658113919198513031005859375;s:9:\"itemTotal\";d:80.849999999999994315658113919198513031005859375;}}'),
(176, 178, 'a:8:{s:10:\"first_name\";s:7:\"Surabhi\";s:9:\"last_name\";s:5:\"Tomer\";s:7:\"address\";s:30:\"Vishwas City 1, Gujarat, India\";s:8:\"landmark\";s:4:\"Sola\";s:7:\"zipcode\";s:8:\"63897289\";s:4:\"city\";s:9:\"Ahmedabad\";s:8:\"latitude\";s:10:\"23.0751887\";s:9:\"longitude\";s:10:\"72.5256887\";}', 'O:8:\"stdClass\":14:{s:4:\"name\";s:13:\"Doner & Gyros\";s:5:\"image\";s:47:\"restaurant/8162364a46c77c090de3f36706172d1b.jpg\";s:12:\"phone_number\";s:10:\"7878787878\";s:5:\"email\";s:19:\"doner12@yopmail.com\";s:11:\"amount_type\";N;s:6:\"amount\";N;s:7:\"address\";s:50:\"72 Street, WVRF+V4 San Tome, Anzoategui, Venezuela\";s:8:\"landmark\";s:10:\"Anzoategui\";s:7:\"zipcode\";s:6:\"123456\";s:4:\"city\";s:10:\"Anzoategui\";s:8:\"latitude\";s:17:\"8.943501703492087\";s:9:\"longitude\";s:18:\"-64.12680126190185\";s:15:\"currency_symbol\";s:1:\"$\";s:13:\"currency_code\";s:3:\"USD\";}', 'a:1:{i:0;a:10:{s:9:\"item_name\";s:21:\"Cremo Bueno Ice Cream\";s:7:\"item_id\";s:2:\"42\";s:6:\"qty_no\";i:1;s:4:\"rate\";s:6:\"100.00\";s:11:\"offer_price\";s:0:\"\";s:8:\"order_id\";i:178;s:12:\"is_customize\";i:0;s:7:\"is_deal\";s:1:\"0\";s:8:\"subTotal\";d:100;s:9:\"itemTotal\";d:100;}}'),
(177, 179, 'a:8:{s:10:\"first_name\";s:11:\"Devikatest2\";s:9:\"last_name\";s:0:\"\";s:7:\"address\";s:83:\"Bhopal Bypass Road, Pushp Vihar Colony, Shanti Nagar, Bhopal, Madhya Pradesh, India\";s:8:\"landmark\";s:12:\"Shanti Nagar\";s:7:\"zipcode\";s:8:\"46464646\";s:4:\"city\";s:6:\"Bhopal\";s:8:\"latitude\";s:10:\"23.3363333\";s:9:\"longitude\";s:10:\"77.3840179\";}', 'O:8:\"stdClass\":14:{s:4:\"name\";s:13:\"Doner & Gyros\";s:5:\"image\";s:47:\"restaurant/8162364a46c77c090de3f36706172d1b.jpg\";s:12:\"phone_number\";s:10:\"7878787878\";s:5:\"email\";s:19:\"doner12@yopmail.com\";s:11:\"amount_type\";N;s:6:\"amount\";N;s:7:\"address\";s:50:\"72 Street, WVRF+V4 San Tome, Anzoategui, Venezuela\";s:8:\"landmark\";s:10:\"Anzoategui\";s:7:\"zipcode\";s:6:\"123456\";s:4:\"city\";s:10:\"Anzoategui\";s:8:\"latitude\";s:17:\"8.943501703492087\";s:9:\"longitude\";s:18:\"-64.12680126190185\";s:15:\"currency_symbol\";s:1:\"$\";s:13:\"currency_code\";s:3:\"USD\";}', 'a:1:{i:0;a:10:{s:9:\"item_name\";s:21:\"Cremo Bueno Ice Cream\";s:7:\"item_id\";s:2:\"42\";s:6:\"qty_no\";i:3;s:4:\"rate\";s:6:\"100.00\";s:11:\"offer_price\";s:0:\"\";s:8:\"order_id\";i:179;s:12:\"is_customize\";i:0;s:7:\"is_deal\";s:1:\"0\";s:8:\"subTotal\";d:100;s:9:\"itemTotal\";d:300;}}'),
(178, 180, 'a:8:{s:10:\"first_name\";s:11:\"Devikatest2\";s:9:\"last_name\";s:0:\"\";s:7:\"address\";s:83:\"Bhopal Bypass Road, Pushp Vihar Colony, Shanti Nagar, Bhopal, Madhya Pradesh, India\";s:8:\"landmark\";s:12:\"Shanti Nagar\";s:7:\"zipcode\";s:8:\"46464646\";s:4:\"city\";s:6:\"Bhopal\";s:8:\"latitude\";s:10:\"23.3363333\";s:9:\"longitude\";s:10:\"77.3840179\";}', 'O:8:\"stdClass\":14:{s:4:\"name\";s:13:\"Doner & Gyros\";s:5:\"image\";s:47:\"restaurant/8162364a46c77c090de3f36706172d1b.jpg\";s:12:\"phone_number\";s:10:\"7878787878\";s:5:\"email\";s:19:\"doner12@yopmail.com\";s:11:\"amount_type\";N;s:6:\"amount\";N;s:7:\"address\";s:50:\"72 Street, WVRF+V4 San Tome, Anzoategui, Venezuela\";s:8:\"landmark\";s:10:\"Anzoategui\";s:7:\"zipcode\";s:6:\"123456\";s:4:\"city\";s:10:\"Anzoategui\";s:8:\"latitude\";s:17:\"8.943501703492087\";s:9:\"longitude\";s:18:\"-64.12680126190185\";s:15:\"currency_symbol\";s:1:\"$\";s:13:\"currency_code\";s:3:\"USD\";}', 'a:1:{i:0;a:10:{s:9:\"item_name\";s:21:\"Cremo Bueno Ice Cream\";s:7:\"item_id\";s:2:\"42\";s:6:\"qty_no\";i:1;s:4:\"rate\";s:6:\"100.00\";s:11:\"offer_price\";s:0:\"\";s:8:\"order_id\";i:180;s:12:\"is_customize\";i:0;s:7:\"is_deal\";s:1:\"0\";s:8:\"subTotal\";d:100;s:9:\"itemTotal\";d:100;}}'),
(179, 181, 'a:8:{s:10:\"first_name\";s:7:\"Surabhi\";s:9:\"last_name\";s:5:\"Tomer\";s:7:\"address\";s:56:\"VRV9+HF San José de Gaauanipa, Anzjfgoategui, Venezuela\";s:8:\"landmark\";s:8:\"Gaauanip\";s:7:\"zipcode\";s:5:\"12356\";s:4:\"city\";s:9:\"Gaauanipa\";s:8:\"latitude\";s:9:\"9.9280694\";s:9:\"longitude\";s:11:\"-84.0907246\";}', 'O:8:\"stdClass\":14:{s:4:\"name\";s:13:\"Doner & Gyros\";s:5:\"image\";s:47:\"restaurant/8162364a46c77c090de3f36706172d1b.jpg\";s:12:\"phone_number\";s:10:\"7878787878\";s:5:\"email\";s:19:\"doner12@yopmail.com\";s:11:\"amount_type\";N;s:6:\"amount\";N;s:7:\"address\";s:50:\"72 Street, WVRF+V4 San Tome, Anzoategui, Venezuela\";s:8:\"landmark\";s:10:\"Anzoategui\";s:7:\"zipcode\";s:6:\"123456\";s:4:\"city\";s:10:\"Anzoategui\";s:8:\"latitude\";s:17:\"8.943501703492087\";s:9:\"longitude\";s:18:\"-64.12680126190185\";s:15:\"currency_symbol\";s:1:\"$\";s:13:\"currency_code\";s:3:\"USD\";}', 'a:1:{i:0;a:10:{s:9:\"item_name\";s:21:\"Cremo Bueno Ice Cream\";s:7:\"item_id\";s:2:\"42\";s:6:\"qty_no\";i:1;s:4:\"rate\";s:6:\"100.00\";s:11:\"offer_price\";s:0:\"\";s:8:\"order_id\";i:181;s:12:\"is_customize\";i:0;s:7:\"is_deal\";s:1:\"0\";s:8:\"subTotal\";d:100;s:9:\"itemTotal\";d:100;}}'),
(180, 182, 'a:8:{s:10:\"first_name\";s:7:\"Surabhi\";s:9:\"last_name\";s:5:\"Tomer\";s:7:\"address\";s:56:\"VRV9+HF San José de Gaauanipa, Anzjfgoategui, Venezuela\";s:8:\"landmark\";s:8:\"Gaauanip\";s:7:\"zipcode\";s:5:\"12356\";s:4:\"city\";s:9:\"Gaauanipa\";s:8:\"latitude\";s:9:\"9.9280694\";s:9:\"longitude\";s:11:\"-84.0907246\";}', 'O:8:\"stdClass\":14:{s:4:\"name\";s:22:\"Homewoodiee Restaurant\";s:5:\"image\";s:47:\"restaurant/f4f4820cd261cde4d2117bf955633129.jpg\";s:12:\"phone_number\";s:10:\"9465665999\";s:5:\"email\";s:22:\"homewood12@yopmail.com\";s:11:\"amount_type\";N;s:6:\"amount\";N;s:7:\"address\";s:56:\"VRV9+HF San José de Gaauanipa, Anzjfgoategui, Venezuela\";s:8:\"landmark\";s:8:\"Gaauanip\";s:7:\"zipcode\";s:5:\"12356\";s:4:\"city\";s:9:\"Gaauanipa\";s:8:\"latitude\";s:18:\"23.056392952426066\";s:9:\"longitude\";s:16:\"72.5600703491211\";s:15:\"currency_symbol\";s:1:\"$\";s:13:\"currency_code\";s:3:\"USD\";}', 'a:1:{i:0;a:10:{s:9:\"item_name\";s:28:\"Potato Burger & French Fries\";s:7:\"item_id\";s:2:\"40\";s:6:\"qty_no\";i:11;s:4:\"rate\";s:5:\"70.00\";s:11:\"offer_price\";s:0:\"\";s:8:\"order_id\";i:182;s:12:\"is_customize\";i:0;s:7:\"is_deal\";s:1:\"0\";s:8:\"subTotal\";d:70;s:9:\"itemTotal\";d:770;}}'),
(181, 183, 'a:8:{s:10:\"first_name\";s:7:\"Surabhi\";s:9:\"last_name\";s:5:\"Tomer\";s:7:\"address\";s:56:\"VRV9+HF San José de Gaauanipa, Anzjfgoategui, Venezuela\";s:8:\"landmark\";s:8:\"Gaauanip\";s:7:\"zipcode\";s:5:\"12356\";s:4:\"city\";s:9:\"Gaauanipa\";s:8:\"latitude\";s:9:\"9.9280694\";s:9:\"longitude\";s:11:\"-84.0907246\";}', 'O:8:\"stdClass\":14:{s:4:\"name\";s:14:\"The Restaur IN\";s:5:\"image\";s:47:\"restaurant/ad5e5b1abc85bb890a2f823ab1d7be8e.jpg\";s:12:\"phone_number\";s:10:\"9999999994\";s:5:\"email\";s:14:\"paul@evdpl.com\";s:11:\"amount_type\";N;s:6:\"amount\";N;s:7:\"address\";s:63:\"Park Avenue South,5th Floor, New York City, New York, 10016 USA\";s:8:\"landmark\";s:12:\"South Corner\";s:7:\"zipcode\";s:6:\"090909\";s:4:\"city\";s:4:\"CITY\";s:8:\"latitude\";s:10:\"23.0705655\";s:9:\"longitude\";s:17:\"72.52157609999999\";s:15:\"currency_symbol\";s:1:\"$\";s:13:\"currency_code\";s:3:\"CAD\";}', 'a:1:{i:0;a:10:{s:9:\"item_name\";s:38:\"All Veg Triple Decker Grilled Sandwich\";s:7:\"item_id\";s:2:\"19\";s:6:\"qty_no\";i:1;s:4:\"rate\";s:6:\"550.00\";s:11:\"offer_price\";s:0:\"\";s:8:\"order_id\";i:183;s:12:\"is_customize\";i:0;s:7:\"is_deal\";s:1:\"0\";s:8:\"subTotal\";d:550;s:9:\"itemTotal\";d:550;}}'),
(182, 184, 'a:8:{s:10:\"first_name\";s:11:\"Devikatest2\";s:9:\"last_name\";s:0:\"\";s:7:\"address\";s:83:\"Bhopal Bypass Road, Pushp Vihar Colony, Shanti Nagar, Bhopal, Madhya Pradesh, India\";s:8:\"landmark\";s:12:\"Shanti Nagar\";s:7:\"zipcode\";s:8:\"46464646\";s:4:\"city\";s:6:\"Bhopal\";s:8:\"latitude\";s:10:\"23.3363333\";s:9:\"longitude\";s:10:\"77.3840179\";}', 'O:8:\"stdClass\":14:{s:4:\"name\";s:13:\"Doner & Gyros\";s:5:\"image\";s:47:\"restaurant/8162364a46c77c090de3f36706172d1b.jpg\";s:12:\"phone_number\";s:10:\"7878787878\";s:5:\"email\";s:19:\"doner12@yopmail.com\";s:11:\"amount_type\";N;s:6:\"amount\";N;s:7:\"address\";s:50:\"72 Street, WVRF+V4 San Tome, Anzoategui, Venezuela\";s:8:\"landmark\";s:10:\"Anzoategui\";s:7:\"zipcode\";s:6:\"123456\";s:4:\"city\";s:10:\"Anzoategui\";s:8:\"latitude\";s:17:\"8.943501703492087\";s:9:\"longitude\";s:18:\"-64.12680126190185\";s:15:\"currency_symbol\";s:1:\"$\";s:13:\"currency_code\";s:3:\"USD\";}', 'a:1:{i:0;a:10:{s:9:\"item_name\";s:21:\"Cremo Bueno Ice Cream\";s:7:\"item_id\";s:2:\"42\";s:6:\"qty_no\";i:1;s:4:\"rate\";s:6:\"100.00\";s:11:\"offer_price\";s:0:\"\";s:8:\"order_id\";i:184;s:12:\"is_customize\";i:0;s:7:\"is_deal\";s:1:\"0\";s:8:\"subTotal\";d:100;s:9:\"itemTotal\";d:100;}}'),
(183, 185, 'a:8:{s:10:\"first_name\";s:7:\"Surabhi\";s:9:\"last_name\";s:5:\"Tomer\";s:7:\"address\";s:56:\"VRV9+HF San José de Gaauanipa, Anzjfgoategui, Venezuela\";s:8:\"landmark\";s:8:\"Gaauanip\";s:7:\"zipcode\";s:5:\"12356\";s:4:\"city\";s:9:\"Gaauanipa\";s:8:\"latitude\";s:9:\"9.9280694\";s:9:\"longitude\";s:11:\"-84.0907246\";}', 'O:8:\"stdClass\":14:{s:4:\"name\";s:13:\"Doner & Gyros\";s:5:\"image\";s:47:\"restaurant/8162364a46c77c090de3f36706172d1b.jpg\";s:12:\"phone_number\";s:10:\"7878787878\";s:5:\"email\";s:19:\"doner12@yopmail.com\";s:11:\"amount_type\";N;s:6:\"amount\";N;s:7:\"address\";s:50:\"72 Street, WVRF+V4 San Tome, Anzoategui, Venezuela\";s:8:\"landmark\";s:10:\"Anzoategui\";s:7:\"zipcode\";s:6:\"123456\";s:4:\"city\";s:10:\"Anzoategui\";s:8:\"latitude\";s:17:\"8.943501703492087\";s:9:\"longitude\";s:18:\"-64.12680126190185\";s:15:\"currency_symbol\";s:1:\"$\";s:13:\"currency_code\";s:3:\"USD\";}', 'a:2:{i:0;a:10:{s:9:\"item_name\";s:31:\"Salted Butter Caramel Ice Cream\";s:7:\"item_id\";s:2:\"41\";s:6:\"qty_no\";i:1;s:4:\"rate\";s:5:\"80.85\";s:11:\"offer_price\";s:0:\"\";s:8:\"order_id\";i:185;s:12:\"is_customize\";i:0;s:7:\"is_deal\";s:1:\"0\";s:8:\"subTotal\";d:80.849999999999994315658113919198513031005859375;s:9:\"itemTotal\";d:80.849999999999994315658113919198513031005859375;}i:1;a:10:{s:9:\"item_name\";s:21:\"Cremo Bueno Ice Cream\";s:7:\"item_id\";s:2:\"42\";s:6:\"qty_no\";i:1;s:4:\"rate\";s:6:\"100.00\";s:11:\"offer_price\";s:0:\"\";s:8:\"order_id\";i:185;s:12:\"is_customize\";i:0;s:7:\"is_deal\";s:1:\"0\";s:8:\"subTotal\";d:100;s:9:\"itemTotal\";d:100;}}'),
(184, 186, 'a:8:{s:10:\"first_name\";s:7:\"Surabhi\";s:9:\"last_name\";s:5:\"Tomer\";s:7:\"address\";s:56:\"VRV9+HF San José de Gaauanipa, Anzjfgoategui, Venezuela\";s:8:\"landmark\";s:8:\"Gaauanip\";s:7:\"zipcode\";s:5:\"12356\";s:4:\"city\";s:9:\"Gaauanipa\";s:8:\"latitude\";s:9:\"9.9280694\";s:9:\"longitude\";s:11:\"-84.0907246\";}', 'O:8:\"stdClass\":14:{s:4:\"name\";s:9:\"Pizza hut\";s:5:\"image\";s:47:\"restaurant/82338f711b23b368f383280df9a9c048.jpg\";s:12:\"phone_number\";s:7:\"4634775\";s:5:\"email\";s:18:\"pizzahut@gmail.com\";s:11:\"amount_type\";N;s:6:\"amount\";N;s:7:\"address\";s:28:\"Pizza Hut, Fairborn, OH, USA\";s:8:\"landmark\";s:24:\"Fairborn Municipal Court\";s:7:\"zipcode\";s:6:\"567868\";s:4:\"city\";s:2:\"OH\";s:8:\"latitude\";s:8:\"39.80529\";s:9:\"longitude\";s:9:\"-84.03116\";s:15:\"currency_symbol\";s:3:\"₹\";s:13:\"currency_code\";s:3:\"INR\";}', 'a:1:{i:0;a:11:{s:9:\"item_name\";s:5:\"Pizza\";s:7:\"item_id\";s:2:\"48\";s:6:\"qty_no\";i:1;s:4:\"rate\";s:0:\"\";s:11:\"offer_price\";s:0:\"\";s:8:\"order_id\";i:186;s:12:\"is_customize\";i:1;s:7:\"is_deal\";s:1:\"0\";s:8:\"subTotal\";d:235;s:9:\"itemTotal\";d:235;s:20:\"addons_category_list\";a:2:{i:0;a:3:{s:18:\"addons_category_id\";s:1:\"1\";s:15:\"addons_category\";s:5:\"Sauce\";s:11:\"addons_list\";a:2:{i:0;a:3:{s:10:\"add_ons_id\";s:3:\"124\";s:12:\"add_ons_name\";s:7:\"Ketchup\";s:13:\"add_ons_price\";s:6:\"200.00\";}i:1;a:3:{s:10:\"add_ons_id\";s:3:\"125\";s:12:\"add_ons_name\";s:12:\"Chilli Sauce\";s:13:\"add_ons_price\";s:5:\"20.00\";}}}i:1;a:3:{s:18:\"addons_category_id\";s:1:\"2\";s:15:\"addons_category\";s:6:\"Chatni\";s:11:\"addons_list\";a:1:{i:0;a:3:{s:10:\"add_ons_id\";s:3:\"126\";s:12:\"add_ons_name\";s:10:\"Soya Sauce\";s:13:\"add_ons_price\";s:5:\"15.00\";}}}}}}');
INSERT INTO `order_detail` (`entity_id`, `order_id`, `user_detail`, `restaurant_detail`, `item_detail`) VALUES
(185, 187, 'a:8:{s:10:\"first_name\";s:11:\"Devikatest2\";s:9:\"last_name\";s:0:\"\";s:7:\"address\";s:83:\"Bhopal Bypass Road, Pushp Vihar Colony, Shanti Nagar, Bhopal, Madhya Pradesh, India\";s:8:\"landmark\";s:12:\"Shanti Nagar\";s:7:\"zipcode\";s:8:\"46464646\";s:4:\"city\";s:6:\"Bhopal\";s:8:\"latitude\";s:10:\"23.3363333\";s:9:\"longitude\";s:10:\"77.3840179\";}', 'O:8:\"stdClass\":14:{s:4:\"name\";s:13:\"Doner & Gyros\";s:5:\"image\";s:47:\"restaurant/8162364a46c77c090de3f36706172d1b.jpg\";s:12:\"phone_number\";s:10:\"7878787878\";s:5:\"email\";s:19:\"doner12@yopmail.com\";s:11:\"amount_type\";N;s:6:\"amount\";N;s:7:\"address\";s:50:\"72 Street, WVRF+V4 San Tome, Anzoategui, Venezuela\";s:8:\"landmark\";s:10:\"Anzoategui\";s:7:\"zipcode\";s:6:\"123456\";s:4:\"city\";s:10:\"Anzoategui\";s:8:\"latitude\";s:17:\"8.943501703492087\";s:9:\"longitude\";s:18:\"-64.12680126190185\";s:15:\"currency_symbol\";s:1:\"$\";s:13:\"currency_code\";s:3:\"USD\";}', 'a:1:{i:0;a:10:{s:9:\"item_name\";s:21:\"Cremo Bueno Ice Cream\";s:7:\"item_id\";s:2:\"42\";s:6:\"qty_no\";i:1;s:4:\"rate\";s:6:\"100.00\";s:11:\"offer_price\";s:0:\"\";s:8:\"order_id\";i:187;s:12:\"is_customize\";i:0;s:7:\"is_deal\";s:1:\"0\";s:8:\"subTotal\";d:100;s:9:\"itemTotal\";d:100;}}'),
(186, 188, 'a:8:{s:10:\"first_name\";s:7:\"Surabhi\";s:9:\"last_name\";s:5:\"Tomer\";s:7:\"address\";s:56:\"VRV9+HF San José de Gaauanipa, Anzjfgoategui, Venezuela\";s:8:\"landmark\";s:8:\"Gaauanip\";s:7:\"zipcode\";s:5:\"12356\";s:4:\"city\";s:9:\"Gaauanipa\";s:8:\"latitude\";s:9:\"9.9280694\";s:9:\"longitude\";s:11:\"-84.0907246\";}', 'O:8:\"stdClass\":14:{s:4:\"name\";s:7:\"Dominos\";s:5:\"image\";s:47:\"restaurant/59fc0a105027a1497f8bf3e9acf1a5f6.jpg\";s:12:\"phone_number\";s:8:\"43687894\";s:5:\"email\";s:17:\"dominos@gmail.com\";s:11:\"amount_type\";N;s:6:\"amount\";N;s:7:\"address\";s:49:\"Dominos, Olive St, Los Angeles, CA, United States\";s:8:\"landmark\";s:17:\"World Food Market\";s:7:\"zipcode\";s:7:\"6477823\";s:4:\"city\";s:11:\"Los Angeles\";s:8:\"latitude\";s:9:\"23.109098\";s:9:\"longitude\";s:10:\"72.5849179\";s:15:\"currency_symbol\";s:1:\"$\";s:13:\"currency_code\";s:3:\"USD\";}', 'a:1:{i:0;a:11:{s:9:\"item_name\";s:14:\"starter test 4\";s:7:\"item_id\";s:2:\"61\";s:6:\"qty_no\";i:1;s:4:\"rate\";s:0:\"\";s:11:\"offer_price\";s:0:\"\";s:8:\"order_id\";i:188;s:12:\"is_customize\";i:1;s:7:\"is_deal\";s:1:\"0\";s:8:\"subTotal\";d:40;s:9:\"itemTotal\";d:40;s:20:\"addons_category_list\";a:1:{i:0;a:3:{s:18:\"addons_category_id\";s:1:\"2\";s:15:\"addons_category\";s:6:\"Chatni\";s:11:\"addons_list\";a:1:{i:0;a:3:{s:10:\"add_ons_id\";s:3:\"173\";s:12:\"add_ons_name\";s:6:\"Chatni\";s:13:\"add_ons_price\";s:5:\"40.00\";}}}}}}'),
(187, 189, 'a:8:{s:10:\"first_name\";s:7:\"Surabhi\";s:9:\"last_name\";s:5:\"Tomer\";s:7:\"address\";s:58:\"Rajpath Area, Central Secretariat, New Delhi, Delhi, India\";s:8:\"landmark\";s:9:\"New Delhi\";s:7:\"zipcode\";s:5:\"79893\";s:4:\"city\";s:9:\"New Delhi\";s:8:\"latitude\";s:10:\"28.6139391\";s:9:\"longitude\";s:10:\"77.2090212\";}', 'O:8:\"stdClass\":14:{s:4:\"name\";s:9:\"Pizza hut\";s:5:\"image\";s:47:\"restaurant/82338f711b23b368f383280df9a9c048.jpg\";s:12:\"phone_number\";s:7:\"4634775\";s:5:\"email\";s:18:\"pizzahut@gmail.com\";s:11:\"amount_type\";N;s:6:\"amount\";N;s:7:\"address\";s:28:\"Pizza Hut, Fairborn, OH, USA\";s:8:\"landmark\";s:24:\"Fairborn Municipal Court\";s:7:\"zipcode\";s:6:\"567868\";s:4:\"city\";s:2:\"OH\";s:8:\"latitude\";s:8:\"39.80529\";s:9:\"longitude\";s:9:\"-84.03116\";s:15:\"currency_symbol\";s:3:\"₹\";s:13:\"currency_code\";s:3:\"INR\";}', 'a:1:{i:0;a:11:{s:9:\"item_name\";s:5:\"Pizza\";s:7:\"item_id\";s:2:\"48\";s:6:\"qty_no\";i:1;s:4:\"rate\";s:0:\"\";s:11:\"offer_price\";s:0:\"\";s:8:\"order_id\";i:189;s:12:\"is_customize\";i:1;s:7:\"is_deal\";s:1:\"0\";s:8:\"subTotal\";d:200;s:9:\"itemTotal\";d:200;s:20:\"addons_category_list\";a:1:{i:0;a:3:{s:18:\"addons_category_id\";s:1:\"1\";s:15:\"addons_category\";s:5:\"Sauce\";s:11:\"addons_list\";a:1:{i:0;a:3:{s:10:\"add_ons_id\";s:3:\"124\";s:12:\"add_ons_name\";s:7:\"Ketchup\";s:13:\"add_ons_price\";s:6:\"200.00\";}}}}}}'),
(188, 190, 'a:8:{s:10:\"first_name\";s:7:\"Surabhi\";s:9:\"last_name\";s:5:\"Tomer\";s:7:\"address\";s:58:\"Rajpath Area, Central Secretariat, New Delhi, Delhi, India\";s:8:\"landmark\";s:9:\"New Delhi\";s:7:\"zipcode\";s:5:\"79893\";s:4:\"city\";s:9:\"New Delhi\";s:8:\"latitude\";s:10:\"28.6139391\";s:9:\"longitude\";s:10:\"77.2090212\";}', 'O:8:\"stdClass\":14:{s:4:\"name\";s:13:\"Doner & Gyros\";s:5:\"image\";s:47:\"restaurant/8162364a46c77c090de3f36706172d1b.jpg\";s:12:\"phone_number\";s:10:\"7878787878\";s:5:\"email\";s:19:\"doner12@yopmail.com\";s:11:\"amount_type\";N;s:6:\"amount\";N;s:7:\"address\";s:50:\"72 Street, WVRF+V4 San Tome, Anzoategui, Venezuela\";s:8:\"landmark\";s:10:\"Anzoategui\";s:7:\"zipcode\";s:6:\"123456\";s:4:\"city\";s:10:\"Anzoategui\";s:8:\"latitude\";s:17:\"8.943501703492087\";s:9:\"longitude\";s:18:\"-64.12680126190185\";s:15:\"currency_symbol\";s:1:\"$\";s:13:\"currency_code\";s:3:\"USD\";}', 'a:1:{i:0;a:10:{s:9:\"item_name\";s:21:\"Cremo Bueno Ice Cream\";s:7:\"item_id\";s:2:\"42\";s:6:\"qty_no\";i:1;s:4:\"rate\";s:6:\"100.00\";s:11:\"offer_price\";s:0:\"\";s:8:\"order_id\";i:190;s:12:\"is_customize\";i:0;s:7:\"is_deal\";s:1:\"0\";s:8:\"subTotal\";d:100;s:9:\"itemTotal\";d:100;}}'),
(189, 191, 'a:8:{s:10:\"first_name\";s:7:\"Surabhi\";s:9:\"last_name\";s:5:\"Tomer\";s:7:\"address\";s:58:\"Rajpath Area, Central Secretariat, New Delhi, Delhi, India\";s:8:\"landmark\";s:9:\"New Delhi\";s:7:\"zipcode\";s:5:\"79893\";s:4:\"city\";s:9:\"New Delhi\";s:8:\"latitude\";s:10:\"28.6139391\";s:9:\"longitude\";s:10:\"77.2090212\";}', 'O:8:\"stdClass\":14:{s:4:\"name\";s:13:\"Doner & Gyros\";s:5:\"image\";s:47:\"restaurant/8162364a46c77c090de3f36706172d1b.jpg\";s:12:\"phone_number\";s:10:\"7878787878\";s:5:\"email\";s:19:\"doner12@yopmail.com\";s:11:\"amount_type\";N;s:6:\"amount\";N;s:7:\"address\";s:50:\"72 Street, WVRF+V4 San Tome, Anzoategui, Venezuela\";s:8:\"landmark\";s:10:\"Anzoategui\";s:7:\"zipcode\";s:6:\"123456\";s:4:\"city\";s:10:\"Anzoategui\";s:8:\"latitude\";s:17:\"8.943501703492087\";s:9:\"longitude\";s:18:\"-64.12680126190185\";s:15:\"currency_symbol\";s:1:\"$\";s:13:\"currency_code\";s:3:\"USD\";}', 'a:1:{i:0;a:10:{s:9:\"item_name\";s:21:\"Cremo Bueno Ice Cream\";s:7:\"item_id\";s:2:\"42\";s:6:\"qty_no\";i:1;s:4:\"rate\";s:6:\"100.00\";s:11:\"offer_price\";s:0:\"\";s:8:\"order_id\";i:191;s:12:\"is_customize\";i:0;s:7:\"is_deal\";s:1:\"0\";s:8:\"subTotal\";d:100;s:9:\"itemTotal\";d:100;}}'),
(190, 192, 'a:8:{s:10:\"first_name\";s:7:\"Surabhi\";s:9:\"last_name\";s:5:\"Tomer\";s:7:\"address\";s:58:\"Rajpath Area, Central Secretariat, New Delhi, Delhi, India\";s:8:\"landmark\";s:9:\"New Delhi\";s:7:\"zipcode\";s:5:\"79893\";s:4:\"city\";s:9:\"New Delhi\";s:8:\"latitude\";s:10:\"28.6139391\";s:9:\"longitude\";s:10:\"77.2090212\";}', 'O:8:\"stdClass\":14:{s:4:\"name\";s:13:\"Doner & Gyros\";s:5:\"image\";s:47:\"restaurant/8162364a46c77c090de3f36706172d1b.jpg\";s:12:\"phone_number\";s:10:\"7878787878\";s:5:\"email\";s:19:\"doner12@yopmail.com\";s:11:\"amount_type\";N;s:6:\"amount\";N;s:7:\"address\";s:50:\"72 Street, WVRF+V4 San Tome, Anzoategui, Venezuela\";s:8:\"landmark\";s:10:\"Anzoategui\";s:7:\"zipcode\";s:6:\"123456\";s:4:\"city\";s:10:\"Anzoategui\";s:8:\"latitude\";s:17:\"8.943501703492087\";s:9:\"longitude\";s:18:\"-64.12680126190185\";s:15:\"currency_symbol\";s:1:\"$\";s:13:\"currency_code\";s:3:\"USD\";}', 'a:1:{i:0;a:10:{s:9:\"item_name\";s:21:\"Cremo Bueno Ice Cream\";s:7:\"item_id\";s:2:\"42\";s:6:\"qty_no\";i:1;s:4:\"rate\";s:6:\"100.00\";s:11:\"offer_price\";s:0:\"\";s:8:\"order_id\";i:192;s:12:\"is_customize\";i:0;s:7:\"is_deal\";s:1:\"0\";s:8:\"subTotal\";d:100;s:9:\"itemTotal\";d:100;}}'),
(191, 193, 'a:8:{s:10:\"first_name\";s:7:\"Surabhi\";s:9:\"last_name\";s:5:\"Tomer\";s:7:\"address\";s:58:\"Rajpath Area, Central Secretariat, New Delhi, Delhi, India\";s:8:\"landmark\";s:9:\"New Delhi\";s:7:\"zipcode\";s:5:\"79893\";s:4:\"city\";s:9:\"New Delhi\";s:8:\"latitude\";s:10:\"28.6139391\";s:9:\"longitude\";s:10:\"77.2090212\";}', 'O:8:\"stdClass\":14:{s:4:\"name\";s:13:\"Doner & Gyros\";s:5:\"image\";s:47:\"restaurant/8162364a46c77c090de3f36706172d1b.jpg\";s:12:\"phone_number\";s:10:\"7878787878\";s:5:\"email\";s:19:\"doner12@yopmail.com\";s:11:\"amount_type\";N;s:6:\"amount\";N;s:7:\"address\";s:50:\"72 Street, WVRF+V4 San Tome, Anzoategui, Venezuela\";s:8:\"landmark\";s:10:\"Anzoategui\";s:7:\"zipcode\";s:6:\"123456\";s:4:\"city\";s:10:\"Anzoategui\";s:8:\"latitude\";s:17:\"8.943501703492087\";s:9:\"longitude\";s:18:\"-64.12680126190185\";s:15:\"currency_symbol\";s:1:\"$\";s:13:\"currency_code\";s:3:\"USD\";}', 'a:1:{i:0;a:10:{s:9:\"item_name\";s:21:\"Cremo Bueno Ice Cream\";s:7:\"item_id\";s:2:\"42\";s:6:\"qty_no\";i:1;s:4:\"rate\";s:6:\"100.00\";s:11:\"offer_price\";s:0:\"\";s:8:\"order_id\";i:193;s:12:\"is_customize\";i:0;s:7:\"is_deal\";s:1:\"0\";s:8:\"subTotal\";d:100;s:9:\"itemTotal\";d:100;}}'),
(192, 194, 'a:8:{s:10:\"first_name\";s:7:\"Surabhi\";s:9:\"last_name\";s:5:\"Tomer\";s:7:\"address\";s:58:\"Rajpath Area, Central Secretariat, New Delhi, Delhi, India\";s:8:\"landmark\";s:9:\"New Delhi\";s:7:\"zipcode\";s:5:\"79893\";s:4:\"city\";s:9:\"New Delhi\";s:8:\"latitude\";s:10:\"28.6139391\";s:9:\"longitude\";s:10:\"77.2090212\";}', 'O:8:\"stdClass\":14:{s:4:\"name\";s:13:\"Doner & Gyros\";s:5:\"image\";s:47:\"restaurant/8162364a46c77c090de3f36706172d1b.jpg\";s:12:\"phone_number\";s:10:\"7878787878\";s:5:\"email\";s:19:\"doner12@yopmail.com\";s:11:\"amount_type\";N;s:6:\"amount\";N;s:7:\"address\";s:50:\"72 Street, WVRF+V4 San Tome, Anzoategui, Venezuela\";s:8:\"landmark\";s:10:\"Anzoategui\";s:7:\"zipcode\";s:6:\"123456\";s:4:\"city\";s:10:\"Anzoategui\";s:8:\"latitude\";s:17:\"8.943501703492087\";s:9:\"longitude\";s:18:\"-64.12680126190185\";s:15:\"currency_symbol\";s:1:\"$\";s:13:\"currency_code\";s:3:\"USD\";}', 'a:1:{i:0;a:10:{s:9:\"item_name\";s:21:\"Cremo Bueno Ice Cream\";s:7:\"item_id\";s:2:\"42\";s:6:\"qty_no\";i:1;s:4:\"rate\";s:6:\"100.00\";s:11:\"offer_price\";s:0:\"\";s:8:\"order_id\";i:194;s:12:\"is_customize\";i:0;s:7:\"is_deal\";s:1:\"0\";s:8:\"subTotal\";d:100;s:9:\"itemTotal\";d:100;}}'),
(193, 195, 'a:8:{s:10:\"first_name\";s:7:\"Surabhi\";s:9:\"last_name\";s:5:\"Tomer\";s:7:\"address\";s:58:\"Rajpath Area, Central Secretariat, New Delhi, Delhi, India\";s:8:\"landmark\";s:9:\"New Delhi\";s:7:\"zipcode\";s:5:\"79893\";s:4:\"city\";s:9:\"New Delhi\";s:8:\"latitude\";s:10:\"28.6139391\";s:9:\"longitude\";s:10:\"77.2090212\";}', 'O:8:\"stdClass\":14:{s:4:\"name\";s:13:\"Doner & Gyros\";s:5:\"image\";s:47:\"restaurant/8162364a46c77c090de3f36706172d1b.jpg\";s:12:\"phone_number\";s:10:\"7878787878\";s:5:\"email\";s:19:\"doner12@yopmail.com\";s:11:\"amount_type\";N;s:6:\"amount\";N;s:7:\"address\";s:50:\"72 Street, WVRF+V4 San Tome, Anzoategui, Venezuela\";s:8:\"landmark\";s:10:\"Anzoategui\";s:7:\"zipcode\";s:6:\"123456\";s:4:\"city\";s:10:\"Anzoategui\";s:8:\"latitude\";s:17:\"8.943501703492087\";s:9:\"longitude\";s:18:\"-64.12680126190185\";s:15:\"currency_symbol\";s:1:\"$\";s:13:\"currency_code\";s:3:\"USD\";}', 'a:1:{i:0;a:10:{s:9:\"item_name\";s:21:\"Cremo Bueno Ice Cream\";s:7:\"item_id\";s:2:\"42\";s:6:\"qty_no\";i:1;s:4:\"rate\";s:6:\"100.00\";s:11:\"offer_price\";s:0:\"\";s:8:\"order_id\";i:195;s:12:\"is_customize\";i:0;s:7:\"is_deal\";s:1:\"0\";s:8:\"subTotal\";d:100;s:9:\"itemTotal\";d:100;}}'),
(194, 196, 'a:8:{s:10:\"first_name\";s:7:\"Surabhi\";s:9:\"last_name\";s:5:\"Tomer\";s:7:\"address\";s:58:\"Rajpath Area, Central Secretariat, New Delhi, Delhi, India\";s:8:\"landmark\";s:9:\"New Delhi\";s:7:\"zipcode\";s:5:\"79893\";s:4:\"city\";s:9:\"New Delhi\";s:8:\"latitude\";s:10:\"28.6139391\";s:9:\"longitude\";s:10:\"77.2090212\";}', 'O:8:\"stdClass\":14:{s:4:\"name\";s:13:\"Doner & Gyros\";s:5:\"image\";s:47:\"restaurant/8162364a46c77c090de3f36706172d1b.jpg\";s:12:\"phone_number\";s:10:\"7878787878\";s:5:\"email\";s:19:\"doner12@yopmail.com\";s:11:\"amount_type\";N;s:6:\"amount\";N;s:7:\"address\";s:50:\"72 Street, WVRF+V4 San Tome, Anzoategui, Venezuela\";s:8:\"landmark\";s:10:\"Anzoategui\";s:7:\"zipcode\";s:6:\"123456\";s:4:\"city\";s:10:\"Anzoategui\";s:8:\"latitude\";s:17:\"8.943501703492087\";s:9:\"longitude\";s:18:\"-64.12680126190185\";s:15:\"currency_symbol\";s:1:\"$\";s:13:\"currency_code\";s:3:\"USD\";}', 'a:1:{i:0;a:10:{s:9:\"item_name\";s:21:\"Cremo Bueno Ice Cream\";s:7:\"item_id\";s:2:\"42\";s:6:\"qty_no\";i:1;s:4:\"rate\";s:6:\"100.00\";s:11:\"offer_price\";s:0:\"\";s:8:\"order_id\";i:196;s:12:\"is_customize\";i:0;s:7:\"is_deal\";s:1:\"0\";s:8:\"subTotal\";d:100;s:9:\"itemTotal\";d:100;}}'),
(195, 197, 'a:8:{s:10:\"first_name\";s:7:\"Surabhi\";s:9:\"last_name\";s:5:\"Tomer\";s:7:\"address\";s:58:\"Rajpath Area, Central Secretariat, New Delhi, Delhi, India\";s:8:\"landmark\";s:9:\"New Delhi\";s:7:\"zipcode\";s:5:\"79893\";s:4:\"city\";s:9:\"New Delhi\";s:8:\"latitude\";s:10:\"28.6139391\";s:9:\"longitude\";s:10:\"77.2090212\";}', 'O:8:\"stdClass\":14:{s:4:\"name\";s:13:\"Doner & Gyros\";s:5:\"image\";s:47:\"restaurant/8162364a46c77c090de3f36706172d1b.jpg\";s:12:\"phone_number\";s:10:\"7878787878\";s:5:\"email\";s:19:\"doner12@yopmail.com\";s:11:\"amount_type\";N;s:6:\"amount\";N;s:7:\"address\";s:50:\"72 Street, WVRF+V4 San Tome, Anzoategui, Venezuela\";s:8:\"landmark\";s:10:\"Anzoategui\";s:7:\"zipcode\";s:6:\"123456\";s:4:\"city\";s:10:\"Anzoategui\";s:8:\"latitude\";s:17:\"8.943501703492087\";s:9:\"longitude\";s:18:\"-64.12680126190185\";s:15:\"currency_symbol\";s:1:\"$\";s:13:\"currency_code\";s:3:\"USD\";}', 'a:1:{i:0;a:10:{s:9:\"item_name\";s:21:\"Cremo Bueno Ice Cream\";s:7:\"item_id\";s:2:\"42\";s:6:\"qty_no\";i:1;s:4:\"rate\";s:6:\"100.00\";s:11:\"offer_price\";s:0:\"\";s:8:\"order_id\";i:197;s:12:\"is_customize\";i:0;s:7:\"is_deal\";s:1:\"0\";s:8:\"subTotal\";d:100;s:9:\"itemTotal\";d:100;}}'),
(196, 198, 'a:8:{s:10:\"first_name\";s:7:\"Surabhi\";s:9:\"last_name\";s:5:\"Tomer\";s:7:\"address\";s:58:\"Rajpath Area, Central Secretariat, New Delhi, Delhi, India\";s:8:\"landmark\";s:9:\"New Delhi\";s:7:\"zipcode\";s:5:\"79893\";s:4:\"city\";s:9:\"New Delhi\";s:8:\"latitude\";s:10:\"28.6139391\";s:9:\"longitude\";s:10:\"77.2090212\";}', 'O:8:\"stdClass\":14:{s:4:\"name\";s:13:\"Doner & Gyros\";s:5:\"image\";s:47:\"restaurant/8162364a46c77c090de3f36706172d1b.jpg\";s:12:\"phone_number\";s:10:\"7878787878\";s:5:\"email\";s:19:\"doner12@yopmail.com\";s:11:\"amount_type\";N;s:6:\"amount\";N;s:7:\"address\";s:50:\"72 Street, WVRF+V4 San Tome, Anzoategui, Venezuela\";s:8:\"landmark\";s:10:\"Anzoategui\";s:7:\"zipcode\";s:6:\"123456\";s:4:\"city\";s:10:\"Anzoategui\";s:8:\"latitude\";s:17:\"8.943501703492087\";s:9:\"longitude\";s:18:\"-64.12680126190185\";s:15:\"currency_symbol\";s:1:\"$\";s:13:\"currency_code\";s:3:\"USD\";}', 'a:1:{i:0;a:10:{s:9:\"item_name\";s:21:\"Cremo Bueno Ice Cream\";s:7:\"item_id\";s:2:\"42\";s:6:\"qty_no\";i:1;s:4:\"rate\";s:6:\"100.00\";s:11:\"offer_price\";s:0:\"\";s:8:\"order_id\";i:198;s:12:\"is_customize\";i:0;s:7:\"is_deal\";s:1:\"0\";s:8:\"subTotal\";d:100;s:9:\"itemTotal\";d:100;}}'),
(197, 199, 'a:8:{s:10:\"first_name\";s:11:\"Devikatest2\";s:9:\"last_name\";s:0:\"\";s:7:\"address\";s:83:\"Bhopal Bypass Road, Pushp Vihar Colony, Shanti Nagar, Bhopal, Madhya Pradesh, India\";s:8:\"landmark\";s:12:\"Shanti Nagar\";s:7:\"zipcode\";s:8:\"46464646\";s:4:\"city\";s:6:\"Bhopal\";s:8:\"latitude\";s:10:\"23.3363333\";s:9:\"longitude\";s:10:\"77.3840179\";}', 'O:8:\"stdClass\":14:{s:4:\"name\";s:13:\"Cour de pizza\";s:5:\"image\";N;s:12:\"phone_number\";s:6:\"679879\";s:5:\"email\";s:21:\"pizzacourt1@gmail.com\";s:11:\"amount_type\";N;s:6:\"amount\";N;s:7:\"address\";s:53:\"Pizza Court, Olive St, Los Angeles, CA, United States\";s:8:\"landmark\";s:53:\"Pizza Court, Olive St, Los Angeles, CA, United States\";s:7:\"zipcode\";s:5:\"54644\";s:4:\"city\";s:3:\"dfh\";s:8:\"latitude\";s:18:\"23.076091771539428\";s:9:\"longitude\";s:17:\"72.53638107910157\";s:15:\"currency_symbol\";s:1:\"$\";s:13:\"currency_code\";s:3:\"USD\";}', 'a:1:{i:0;a:10:{s:9:\"item_name\";s:26:\"Crème glacée Cremo Bueno\";s:7:\"item_id\";s:2:\"56\";s:6:\"qty_no\";i:1;s:4:\"rate\";s:5:\"12.00\";s:11:\"offer_price\";s:0:\"\";s:8:\"order_id\";i:199;s:12:\"is_customize\";i:0;s:7:\"is_deal\";s:1:\"0\";s:8:\"subTotal\";d:12;s:9:\"itemTotal\";d:12;}}'),
(198, 200, 'a:8:{s:10:\"first_name\";s:11:\"Devikatest2\";s:9:\"last_name\";s:0:\"\";s:7:\"address\";s:83:\"Bhopal Bypass Road, Pushp Vihar Colony, Shanti Nagar, Bhopal, Madhya Pradesh, India\";s:8:\"landmark\";s:12:\"Shanti Nagar\";s:7:\"zipcode\";s:8:\"46464646\";s:4:\"city\";s:6:\"Bhopal\";s:8:\"latitude\";s:10:\"23.3363333\";s:9:\"longitude\";s:10:\"77.3840179\";}', 'O:8:\"stdClass\":14:{s:4:\"name\";s:13:\"Cour de pizza\";s:5:\"image\";N;s:12:\"phone_number\";s:6:\"679879\";s:5:\"email\";s:21:\"pizzacourt1@gmail.com\";s:11:\"amount_type\";N;s:6:\"amount\";N;s:7:\"address\";s:53:\"Pizza Court, Olive St, Los Angeles, CA, United States\";s:8:\"landmark\";s:53:\"Pizza Court, Olive St, Los Angeles, CA, United States\";s:7:\"zipcode\";s:5:\"54644\";s:4:\"city\";s:3:\"dfh\";s:8:\"latitude\";s:18:\"23.076091771539428\";s:9:\"longitude\";s:17:\"72.53638107910157\";s:15:\"currency_symbol\";s:1:\"$\";s:13:\"currency_code\";s:3:\"USD\";}', 'a:1:{i:0;a:10:{s:9:\"item_name\";s:26:\"Crème glacée Cremo Bueno\";s:7:\"item_id\";s:2:\"56\";s:6:\"qty_no\";i:7;s:4:\"rate\";s:5:\"12.00\";s:11:\"offer_price\";s:0:\"\";s:8:\"order_id\";i:200;s:12:\"is_customize\";i:0;s:7:\"is_deal\";s:1:\"0\";s:8:\"subTotal\";d:12;s:9:\"itemTotal\";d:84;}}'),
(199, 201, 'a:8:{s:10:\"first_name\";s:7:\"Ranajit\";s:9:\"last_name\";s:0:\"\";s:7:\"address\";s:4:\"Home\";s:8:\"landmark\";s:159:\"A-15, C. P. Nagar Part-1 Nr. Palash Hospital Nr Bhuyangdev Cross Road, Vardhmannagar Society, Ghatlodiya, Parul Nagar Society, Ahmedabad, Gujarat 380061, India\";s:7:\"zipcode\";s:6:\"380061\";s:4:\"city\";s:7:\"Gujarat\";s:8:\"latitude\";s:15:\"23.061746616442\";s:9:\"longitude\";s:15:\"72.537697814405\";}', 'O:8:\"stdClass\":14:{s:4:\"name\";s:14:\"The Restaur IN\";s:5:\"image\";s:47:\"restaurant/ad5e5b1abc85bb890a2f823ab1d7be8e.jpg\";s:12:\"phone_number\";s:10:\"9999999994\";s:5:\"email\";s:14:\"paul@evdpl.com\";s:11:\"amount_type\";N;s:6:\"amount\";N;s:7:\"address\";s:63:\"Park Avenue South,5th Floor, New York City, New York, 10016 USA\";s:8:\"landmark\";s:12:\"South Corner\";s:7:\"zipcode\";s:6:\"090909\";s:4:\"city\";s:4:\"CITY\";s:8:\"latitude\";s:10:\"23.0705655\";s:9:\"longitude\";s:17:\"72.52157609999999\";s:15:\"currency_symbol\";s:1:\"$\";s:13:\"currency_code\";s:3:\"CAD\";}', 'a:3:{i:0;a:9:{s:9:\"item_name\";s:7:\"Strudel\";s:7:\"item_id\";s:2:\"37\";s:6:\"qty_no\";i:1;s:4:\"rate\";s:5:\"35.00\";s:11:\"offer_price\";s:0:\"\";s:8:\"order_id\";i:201;s:12:\"is_customize\";i:0;s:9:\"itemTotal\";i:35;s:7:\"is_deal\";s:1:\"0\";}i:1;a:9:{s:9:\"item_name\";s:7:\"Strudel\";s:7:\"item_id\";s:2:\"38\";s:6:\"qty_no\";i:1;s:4:\"rate\";s:5:\"35.00\";s:11:\"offer_price\";s:0:\"\";s:8:\"order_id\";i:201;s:12:\"is_customize\";i:0;s:9:\"itemTotal\";i:35;s:7:\"is_deal\";s:1:\"0\";}i:2;a:9:{s:9:\"item_name\";s:7:\"Waffles\";s:7:\"item_id\";s:2:\"39\";s:6:\"qty_no\";i:1;s:4:\"rate\";s:5:\"45.00\";s:11:\"offer_price\";s:0:\"\";s:8:\"order_id\";i:201;s:12:\"is_customize\";i:0;s:9:\"itemTotal\";i:45;s:7:\"is_deal\";s:1:\"0\";}}'),
(200, 202, 'a:8:{s:10:\"first_name\";s:4:\"mira\";s:9:\"last_name\";s:0:\"\";s:7:\"address\";s:10:\"chandkheda\";s:8:\"landmark\";s:3:\"a53\";s:7:\"zipcode\";s:6:\"535353\";s:4:\"city\";s:7:\"gujarat\";s:8:\"latitude\";s:9:\"23.109098\";s:9:\"longitude\";s:10:\"72.5849179\";}', 'O:8:\"stdClass\":14:{s:4:\"name\";s:14:\"The Restaur IN\";s:5:\"image\";s:47:\"restaurant/ad5e5b1abc85bb890a2f823ab1d7be8e.jpg\";s:12:\"phone_number\";s:10:\"9999999994\";s:5:\"email\";s:14:\"paul@evdpl.com\";s:11:\"amount_type\";N;s:6:\"amount\";N;s:7:\"address\";s:63:\"Park Avenue South,5th Floor, New York City, New York, 10016 USA\";s:8:\"landmark\";s:12:\"South Corner\";s:7:\"zipcode\";s:6:\"090909\";s:4:\"city\";s:4:\"CITY\";s:8:\"latitude\";s:10:\"23.0705655\";s:9:\"longitude\";s:17:\"72.52157609999999\";s:15:\"currency_symbol\";s:1:\"$\";s:13:\"currency_code\";s:3:\"CAD\";}', 'a:2:{i:0;a:10:{s:9:\"item_name\";s:14:\"Mix Veg Pakora\";s:7:\"item_id\";s:2:\"32\";s:6:\"qty_no\";i:1;s:4:\"rate\";s:6:\"200.00\";s:11:\"offer_price\";s:0:\"\";s:8:\"order_id\";i:202;s:12:\"is_customize\";i:0;s:7:\"is_deal\";s:1:\"0\";s:8:\"subTotal\";d:200;s:9:\"itemTotal\";d:200;}i:1;a:10:{s:9:\"item_name\";s:38:\"All Veg Triple Decker Grilled Sandwich\";s:7:\"item_id\";s:2:\"19\";s:6:\"qty_no\";i:2;s:4:\"rate\";s:6:\"550.00\";s:11:\"offer_price\";s:0:\"\";s:8:\"order_id\";i:202;s:12:\"is_customize\";i:0;s:7:\"is_deal\";s:1:\"0\";s:8:\"subTotal\";d:550;s:9:\"itemTotal\";d:1100;}}'),
(201, 203, 'a:8:{s:10:\"first_name\";s:5:\"Satya\";s:9:\"last_name\";s:0:\"\";s:7:\"address\";s:3:\"Tef\";s:8:\"landmark\";s:95:\"D-706, Ganesh Meredian, Chanakyapuri Rd, Vishwas City 1, Sola, Ahmedabad, Gujarat 380061, India\";s:7:\"zipcode\";s:6:\"380061\";s:4:\"city\";s:7:\"Gujarat\";s:8:\"latitude\";s:10:\"23.0752042\";s:9:\"longitude\";s:10:\"72.5254969\";}', 'O:8:\"stdClass\":14:{s:4:\"name\";s:14:\"The Restaur IN\";s:5:\"image\";s:47:\"restaurant/ad5e5b1abc85bb890a2f823ab1d7be8e.jpg\";s:12:\"phone_number\";s:10:\"9999999994\";s:5:\"email\";s:14:\"paul@evdpl.com\";s:11:\"amount_type\";N;s:6:\"amount\";N;s:7:\"address\";s:63:\"Park Avenue South,5th Floor, New York City, New York, 10016 USA\";s:8:\"landmark\";s:12:\"South Corner\";s:7:\"zipcode\";s:6:\"090909\";s:4:\"city\";s:4:\"CITY\";s:8:\"latitude\";s:10:\"23.0705655\";s:9:\"longitude\";s:17:\"72.52157609999999\";s:15:\"currency_symbol\";s:1:\"$\";s:13:\"currency_code\";s:3:\"CAD\";}', 'a:1:{i:0;a:9:{s:9:\"item_name\";s:7:\"Waffles\";s:7:\"item_id\";s:2:\"39\";s:6:\"qty_no\";i:1;s:4:\"rate\";s:5:\"45.00\";s:11:\"offer_price\";s:0:\"\";s:8:\"order_id\";i:203;s:12:\"is_customize\";i:0;s:9:\"itemTotal\";i:45;s:7:\"is_deal\";s:1:\"0\";}}'),
(202, 204, 'a:8:{s:10:\"first_name\";s:7:\"Ranajit\";s:9:\"last_name\";s:0:\"\";s:7:\"address\";s:51:\"Ghatlodiya, Chanakyapuri, Ahmedabad, Gujarat, India\";s:8:\"landmark\";s:12:\"Chanakyapuri\";s:7:\"zipcode\";s:6:\"380060\";s:4:\"city\";s:9:\"Ahmedabad\";s:8:\"latitude\";s:17:\"39.15977549999999\";s:9:\"longitude\";s:11:\"-84.4483466\";}', 'O:8:\"stdClass\":14:{s:4:\"name\";s:13:\"Doner & Gyros\";s:5:\"image\";s:47:\"restaurant/8162364a46c77c090de3f36706172d1b.jpg\";s:12:\"phone_number\";s:10:\"7878787878\";s:5:\"email\";s:19:\"doner12@yopmail.com\";s:11:\"amount_type\";N;s:6:\"amount\";N;s:7:\"address\";s:50:\"72 Street, WVRF+V4 San Tome, Anzoategui, Venezuela\";s:8:\"landmark\";s:10:\"Anzoategui\";s:7:\"zipcode\";s:6:\"123456\";s:4:\"city\";s:10:\"Anzoategui\";s:8:\"latitude\";s:17:\"8.943501703492087\";s:9:\"longitude\";s:18:\"-64.12680126190185\";s:15:\"currency_symbol\";s:1:\"$\";s:13:\"currency_code\";s:3:\"USD\";}', 'a:2:{i:0;a:10:{s:9:\"item_name\";s:21:\"Cremo Bueno Ice Cream\";s:7:\"item_id\";s:2:\"42\";s:6:\"qty_no\";i:1;s:4:\"rate\";s:6:\"100.00\";s:11:\"offer_price\";s:0:\"\";s:8:\"order_id\";i:204;s:12:\"is_customize\";i:0;s:7:\"is_deal\";s:1:\"0\";s:8:\"subTotal\";d:100;s:9:\"itemTotal\";d:100;}i:1;a:10:{s:9:\"item_name\";s:31:\"Salted Butter Caramel Ice Cream\";s:7:\"item_id\";s:2:\"41\";s:6:\"qty_no\";i:1;s:4:\"rate\";s:5:\"80.85\";s:11:\"offer_price\";s:0:\"\";s:8:\"order_id\";i:204;s:12:\"is_customize\";i:0;s:7:\"is_deal\";s:1:\"0\";s:8:\"subTotal\";d:80.849999999999994315658113919198513031005859375;s:9:\"itemTotal\";d:80.849999999999994315658113919198513031005859375;}}'),
(203, 205, 'a:8:{s:10:\"first_name\";s:7:\"Ranajit\";s:9:\"last_name\";s:0:\"\";s:7:\"address\";s:51:\"Ghatlodiya, Chanakyapuri, Ahmedabad, Gujarat, India\";s:8:\"landmark\";s:12:\"Chanakyapuri\";s:7:\"zipcode\";s:6:\"380060\";s:4:\"city\";s:9:\"Ahmedabad\";s:8:\"latitude\";s:17:\"39.15977549999999\";s:9:\"longitude\";s:11:\"-84.4483466\";}', 'O:8:\"stdClass\":14:{s:4:\"name\";s:13:\"Doner & Gyros\";s:5:\"image\";s:47:\"restaurant/8162364a46c77c090de3f36706172d1b.jpg\";s:12:\"phone_number\";s:10:\"7878787878\";s:5:\"email\";s:19:\"doner12@yopmail.com\";s:11:\"amount_type\";N;s:6:\"amount\";N;s:7:\"address\";s:50:\"72 Street, WVRF+V4 San Tome, Anzoategui, Venezuela\";s:8:\"landmark\";s:10:\"Anzoategui\";s:7:\"zipcode\";s:6:\"123456\";s:4:\"city\";s:10:\"Anzoategui\";s:8:\"latitude\";s:17:\"8.943501703492087\";s:9:\"longitude\";s:18:\"-64.12680126190185\";s:15:\"currency_symbol\";s:1:\"$\";s:13:\"currency_code\";s:3:\"USD\";}', 'a:2:{i:0;a:10:{s:9:\"item_name\";s:21:\"Cremo Bueno Ice Cream\";s:7:\"item_id\";s:2:\"42\";s:6:\"qty_no\";i:1;s:4:\"rate\";s:6:\"100.00\";s:11:\"offer_price\";s:0:\"\";s:8:\"order_id\";i:205;s:12:\"is_customize\";i:0;s:7:\"is_deal\";s:1:\"0\";s:8:\"subTotal\";d:100;s:9:\"itemTotal\";d:100;}i:1;a:10:{s:9:\"item_name\";s:31:\"Salted Butter Caramel Ice Cream\";s:7:\"item_id\";s:2:\"41\";s:6:\"qty_no\";i:1;s:4:\"rate\";s:5:\"80.85\";s:11:\"offer_price\";s:0:\"\";s:8:\"order_id\";i:205;s:12:\"is_customize\";i:0;s:7:\"is_deal\";s:1:\"0\";s:8:\"subTotal\";d:80.849999999999994315658113919198513031005859375;s:9:\"itemTotal\";d:80.849999999999994315658113919198513031005859375;}}'),
(204, 206, 'a:8:{s:10:\"first_name\";s:7:\"Ranajit\";s:9:\"last_name\";s:0:\"\";s:7:\"address\";s:4:\"Test\";s:8:\"landmark\";s:49:\"109, Ghatlodiya, Ahmedabad, Gujarat 380061, India\";s:7:\"zipcode\";s:6:\"380061\";s:4:\"city\";s:7:\"Gujarat\";s:8:\"latitude\";s:10:\"23.0701837\";s:9:\"longitude\";s:10:\"72.5423998\";}', 'O:8:\"stdClass\":14:{s:4:\"name\";s:14:\"The Restaur IN\";s:5:\"image\";s:47:\"restaurant/ad5e5b1abc85bb890a2f823ab1d7be8e.jpg\";s:12:\"phone_number\";s:10:\"9999999994\";s:5:\"email\";s:14:\"paul@evdpl.com\";s:11:\"amount_type\";N;s:6:\"amount\";N;s:7:\"address\";s:63:\"Park Avenue South,5th Floor, New York City, New York, 10016 USA\";s:8:\"landmark\";s:12:\"South Corner\";s:7:\"zipcode\";s:6:\"090909\";s:4:\"city\";s:4:\"CITY\";s:8:\"latitude\";s:10:\"23.0705655\";s:9:\"longitude\";s:17:\"72.52157609999999\";s:15:\"currency_symbol\";s:1:\"$\";s:13:\"currency_code\";s:3:\"CAD\";}', 'a:5:{i:0;a:9:{s:9:\"item_name\";s:7:\"Strudel\";s:7:\"item_id\";s:2:\"37\";s:6:\"qty_no\";i:3;s:4:\"rate\";s:5:\"35.00\";s:11:\"offer_price\";s:0:\"\";s:8:\"order_id\";i:206;s:12:\"is_customize\";i:0;s:9:\"itemTotal\";i:105;s:7:\"is_deal\";s:1:\"0\";}i:1;a:9:{s:9:\"item_name\";s:7:\"Strudel\";s:7:\"item_id\";s:2:\"38\";s:6:\"qty_no\";i:2;s:4:\"rate\";s:5:\"35.00\";s:11:\"offer_price\";s:0:\"\";s:8:\"order_id\";i:206;s:12:\"is_customize\";i:0;s:9:\"itemTotal\";i:70;s:7:\"is_deal\";s:1:\"0\";}i:2;a:9:{s:9:\"item_name\";s:7:\"Waffles\";s:7:\"item_id\";s:2:\"39\";s:6:\"qty_no\";i:2;s:4:\"rate\";s:5:\"45.00\";s:11:\"offer_price\";s:0:\"\";s:8:\"order_id\";i:206;s:12:\"is_customize\";i:0;s:9:\"itemTotal\";i:90;s:7:\"is_deal\";s:1:\"0\";}i:3;a:9:{s:9:\"item_name\";s:18:\"Strawberry Limeade\";s:7:\"item_id\";s:2:\"31\";s:6:\"qty_no\";i:2;s:4:\"rate\";s:5:\"54.00\";s:11:\"offer_price\";s:0:\"\";s:8:\"order_id\";i:206;s:12:\"is_customize\";i:0;s:9:\"itemTotal\";i:108;s:7:\"is_deal\";s:1:\"0\";}i:4;a:9:{s:9:\"item_name\";s:38:\"All Veg Triple Decker Grilled Sandwich\";s:7:\"item_id\";s:2:\"19\";s:6:\"qty_no\";i:2;s:4:\"rate\";s:6:\"550.00\";s:11:\"offer_price\";s:0:\"\";s:8:\"order_id\";i:206;s:12:\"is_customize\";i:0;s:9:\"itemTotal\";i:1100;s:7:\"is_deal\";s:1:\"0\";}}'),
(205, 207, 'a:8:{s:10:\"first_name\";s:5:\"Satya\";s:9:\"last_name\";s:0:\"\";s:7:\"address\";s:4:\"Home\";s:8:\"landmark\";s:44:\"Dhoba Sahi St, Adaspur, Odisha 754011, India\";s:7:\"zipcode\";s:6:\"754011\";s:4:\"city\";s:6:\"Odisha\";s:8:\"latitude\";s:10:\"20.2172579\";s:9:\"longitude\";s:10:\"86.0190132\";}', 'O:8:\"stdClass\":14:{s:4:\"name\";s:13:\"Sam\'s Kitchen\";s:5:\"image\";s:47:\"restaurant/6f1e32f9a5526e8fce54b0842a4e4d70.jpg\";s:12:\"phone_number\";s:11:\"01817270456\";s:5:\"email\";s:21:\"samskitchen@gmail.com\";s:11:\"amount_type\";N;s:6:\"amount\";N;s:7:\"address\";s:20:\"739/A Mehedibag Road\";s:8:\"landmark\";s:14:\"Mehedibag Road\";s:7:\"zipcode\";s:4:\"4000\";s:4:\"city\";s:10:\"Chittagong\";s:8:\"latitude\";s:10:\"22.3568482\";s:9:\"longitude\";s:8:\"91.82471\";s:15:\"currency_symbol\";s:3:\"৳\";s:13:\"currency_code\";s:3:\"BDT\";}', 'a:2:{i:0;a:10:{s:9:\"item_name\";s:19:\"Sam\'s Special Pizza\";s:7:\"item_id\";s:2:\"63\";s:6:\"qty_no\";i:1;s:4:\"rate\";s:0:\"\";s:11:\"offer_price\";s:0:\"\";s:8:\"order_id\";i:207;s:12:\"is_customize\";i:1;s:7:\"is_deal\";s:1:\"0\";s:9:\"itemTotal\";i:550;s:20:\"addons_category_list\";a:1:{i:0;a:3:{s:18:\"addons_category_id\";s:1:\"7\";s:15:\"addons_category\";s:4:\"Size\";s:11:\"addons_list\";a:1:{i:0;a:3:{s:10:\"add_ons_id\";s:3:\"177\";s:12:\"add_ons_name\";s:2:\"8\"\";s:13:\"add_ons_price\";s:6:\"550.00\";}}}}}i:1;a:9:{s:9:\"item_name\";s:5:\"Pizza\";s:7:\"item_id\";s:2:\"64\";s:6:\"qty_no\";i:1;s:4:\"rate\";s:5:\"49.00\";s:11:\"offer_price\";s:0:\"\";s:8:\"order_id\";i:207;s:12:\"is_customize\";i:0;s:9:\"itemTotal\";i:49;s:7:\"is_deal\";s:1:\"0\";}}'),
(206, 208, 'a:8:{s:10:\"first_name\";s:7:\"Ranajit\";s:9:\"last_name\";s:0:\"\";s:7:\"address\";s:51:\"Ghatlodiya, Chanakyapuri, Ahmedabad, Gujarat, India\";s:8:\"landmark\";s:12:\"Chanakyapuri\";s:7:\"zipcode\";s:6:\"380060\";s:4:\"city\";s:9:\"Ahmedabad\";s:8:\"latitude\";s:17:\"39.15977549999999\";s:9:\"longitude\";s:11:\"-84.4483466\";}', 'O:8:\"stdClass\":14:{s:4:\"name\";s:13:\"Doner & Gyros\";s:5:\"image\";s:47:\"restaurant/8162364a46c77c090de3f36706172d1b.jpg\";s:12:\"phone_number\";s:10:\"7878787878\";s:5:\"email\";s:19:\"doner12@yopmail.com\";s:11:\"amount_type\";N;s:6:\"amount\";N;s:7:\"address\";s:50:\"72 Street, WVRF+V4 San Tome, Anzoategui, Venezuela\";s:8:\"landmark\";s:10:\"Anzoategui\";s:7:\"zipcode\";s:6:\"123456\";s:4:\"city\";s:10:\"Anzoategui\";s:8:\"latitude\";s:17:\"8.943501703492087\";s:9:\"longitude\";s:18:\"-64.12680126190185\";s:15:\"currency_symbol\";s:1:\"$\";s:13:\"currency_code\";s:3:\"USD\";}', 'a:1:{i:0;a:10:{s:9:\"item_name\";s:21:\"Cremo Bueno Ice Cream\";s:7:\"item_id\";s:2:\"42\";s:6:\"qty_no\";i:4;s:4:\"rate\";s:6:\"100.00\";s:11:\"offer_price\";s:0:\"\";s:8:\"order_id\";i:208;s:12:\"is_customize\";i:0;s:7:\"is_deal\";s:1:\"0\";s:8:\"subTotal\";d:100;s:9:\"itemTotal\";d:400;}}'),
(207, 209, 'a:8:{s:10:\"first_name\";s:7:\"Ranajit\";s:9:\"last_name\";s:0:\"\";s:7:\"address\";s:51:\"Ghatlodiya, Chanakyapuri, Ahmedabad, Gujarat, India\";s:8:\"landmark\";s:12:\"Chanakyapuri\";s:7:\"zipcode\";s:6:\"380060\";s:4:\"city\";s:9:\"Ahmedabad\";s:8:\"latitude\";s:17:\"39.15977549999999\";s:9:\"longitude\";s:11:\"-84.4483466\";}', 'O:8:\"stdClass\":14:{s:4:\"name\";s:13:\"Doner & Gyros\";s:5:\"image\";s:47:\"restaurant/8162364a46c77c090de3f36706172d1b.jpg\";s:12:\"phone_number\";s:10:\"7878787878\";s:5:\"email\";s:19:\"doner12@yopmail.com\";s:11:\"amount_type\";N;s:6:\"amount\";N;s:7:\"address\";s:50:\"72 Street, WVRF+V4 San Tome, Anzoategui, Venezuela\";s:8:\"landmark\";s:10:\"Anzoategui\";s:7:\"zipcode\";s:6:\"123456\";s:4:\"city\";s:10:\"Anzoategui\";s:8:\"latitude\";s:17:\"8.943501703492087\";s:9:\"longitude\";s:18:\"-64.12680126190185\";s:15:\"currency_symbol\";s:1:\"$\";s:13:\"currency_code\";s:3:\"USD\";}', 'a:1:{i:0;a:10:{s:9:\"item_name\";s:31:\"Salted Butter Caramel Ice Cream\";s:7:\"item_id\";s:2:\"41\";s:6:\"qty_no\";i:3;s:4:\"rate\";s:5:\"80.85\";s:11:\"offer_price\";s:0:\"\";s:8:\"order_id\";i:209;s:12:\"is_customize\";i:0;s:7:\"is_deal\";s:1:\"0\";s:8:\"subTotal\";d:80.849999999999994315658113919198513031005859375;s:9:\"itemTotal\";d:242.549999999999982946974341757595539093017578125;}}'),
(208, 210, 'a:8:{s:10:\"first_name\";s:11:\"Devikatest2\";s:9:\"last_name\";s:1:\"-\";s:7:\"address\";s:83:\"Bhopal Bypass Road, Pushp Vihar Colony, Shanti Nagar, Bhopal, Madhya Pradesh, India\";s:8:\"landmark\";s:12:\"Shanti Nagar\";s:7:\"zipcode\";s:8:\"46464646\";s:4:\"city\";s:6:\"Bhopal\";s:8:\"latitude\";s:10:\"23.3363333\";s:9:\"longitude\";s:10:\"77.3840179\";}', 'O:8:\"stdClass\":14:{s:4:\"name\";s:11:\"Pizza World\";s:5:\"image\";N;s:12:\"phone_number\";s:9:\"338299832\";s:5:\"email\";s:20:\"pizzaworld@gmail.com\";s:11:\"amount_type\";N;s:6:\"amount\";N;s:7:\"address\";s:30:\"Pizza World, Fairborn, OH, USA\";s:8:\"landmark\";s:19:\"Holiday Inn Express\";s:7:\"zipcode\";s:7:\"5548343\";s:4:\"city\";s:18:\"South Lambeth Road\";s:8:\"latitude\";s:8:\"39.80529\";s:9:\"longitude\";s:9:\"-84.03116\";s:15:\"currency_symbol\";s:2:\"£\";s:13:\"currency_code\";s:3:\"GBP\";}', 'a:1:{i:0;a:11:{s:9:\"item_name\";s:14:\"starter test 1\";s:7:\"item_id\";s:2:\"60\";s:6:\"qty_no\";i:2;s:4:\"rate\";s:0:\"\";s:11:\"offer_price\";s:0:\"\";s:8:\"order_id\";i:210;s:12:\"is_customize\";i:1;s:7:\"is_deal\";s:1:\"0\";s:8:\"subTotal\";d:10;s:9:\"itemTotal\";d:20;s:20:\"addons_category_list\";a:1:{i:0;a:3:{s:18:\"addons_category_id\";s:1:\"1\";s:15:\"addons_category\";s:5:\"Sauce\";s:11:\"addons_list\";a:1:{i:0;a:3:{s:10:\"add_ons_id\";s:3:\"174\";s:12:\"add_ons_name\";s:5:\"sauce\";s:13:\"add_ons_price\";s:5:\"10.00\";}}}}}}'),
(209, 211, 'a:8:{s:10:\"first_name\";s:11:\"Devikatest2\";s:9:\"last_name\";s:1:\"-\";s:7:\"address\";s:83:\"Bhopal Bypass Road, Pushp Vihar Colony, Shanti Nagar, Bhopal, Madhya Pradesh, India\";s:8:\"landmark\";s:12:\"Shanti Nagar\";s:7:\"zipcode\";s:8:\"46464646\";s:4:\"city\";s:6:\"Bhopal\";s:8:\"latitude\";s:10:\"23.3363333\";s:9:\"longitude\";s:10:\"77.3840179\";}', 'O:8:\"stdClass\":14:{s:4:\"name\";s:14:\"The Restaur IN\";s:5:\"image\";N;s:12:\"phone_number\";s:10:\"9999999994\";s:5:\"email\";s:14:\"paul@evdpl.com\";s:11:\"amount_type\";N;s:6:\"amount\";N;s:7:\"address\";s:63:\"Park Avenue South,5th Floor, New York City, New York, 10016 USA\";s:8:\"landmark\";s:12:\"South Corner\";s:7:\"zipcode\";s:6:\"090909\";s:4:\"city\";s:4:\"CITY\";s:8:\"latitude\";s:10:\"23.0705655\";s:9:\"longitude\";s:17:\"72.52157609999999\";s:15:\"currency_symbol\";s:1:\"$\";s:13:\"currency_code\";s:3:\"CAD\";}', 'a:1:{i:0;a:10:{s:9:\"item_name\";s:38:\"All Veg Triple Decker Grilled Sandwich\";s:7:\"item_id\";s:2:\"19\";s:6:\"qty_no\";i:1;s:4:\"rate\";s:6:\"550.00\";s:11:\"offer_price\";s:0:\"\";s:8:\"order_id\";i:211;s:12:\"is_customize\";i:0;s:7:\"is_deal\";s:1:\"0\";s:8:\"subTotal\";d:550;s:9:\"itemTotal\";d:550;}}'),
(210, 212, 'a:0:{}', 'O:8:\"stdClass\":14:{s:4:\"name\";s:13:\"Doner & Gyros\";s:5:\"image\";N;s:12:\"phone_number\";s:10:\"7878787878\";s:5:\"email\";s:19:\"doner12@yopmail.com\";s:11:\"amount_type\";N;s:6:\"amount\";N;s:7:\"address\";s:50:\"72 Street, WVRF+V4 San Tome, Anzoategui, Venezuela\";s:8:\"landmark\";s:10:\"Anzoategui\";s:7:\"zipcode\";s:6:\"123456\";s:4:\"city\";s:10:\"Anzoategui\";s:8:\"latitude\";s:17:\"8.943501703492087\";s:9:\"longitude\";s:18:\"-64.12680126190185\";s:15:\"currency_symbol\";s:1:\"$\";s:13:\"currency_code\";s:3:\"USD\";}', 'a:1:{i:0;a:10:{s:9:\"item_name\";s:21:\"Cremo Bueno Ice Cream\";s:7:\"item_id\";s:2:\"42\";s:6:\"qty_no\";i:1;s:4:\"rate\";s:6:\"100.00\";s:11:\"offer_price\";s:0:\"\";s:8:\"order_id\";i:212;s:12:\"is_customize\";i:0;s:7:\"is_deal\";s:1:\"0\";s:8:\"subTotal\";d:100;s:9:\"itemTotal\";d:100;}}'),
(211, 213, 'a:0:{}', 'O:8:\"stdClass\":14:{s:4:\"name\";s:14:\"The Restaur IN\";s:5:\"image\";N;s:12:\"phone_number\";s:10:\"9999999994\";s:5:\"email\";s:14:\"paul@evdpl.com\";s:11:\"amount_type\";N;s:6:\"amount\";N;s:7:\"address\";s:63:\"Park Avenue South,5th Floor, New York City, New York, 10016 USA\";s:8:\"landmark\";s:12:\"South Corner\";s:7:\"zipcode\";s:6:\"090909\";s:4:\"city\";s:4:\"CITY\";s:8:\"latitude\";s:10:\"23.0705655\";s:9:\"longitude\";s:17:\"72.52157609999999\";s:15:\"currency_symbol\";s:1:\"$\";s:13:\"currency_code\";s:3:\"CAD\";}', 'a:1:{i:0;a:10:{s:9:\"item_name\";s:38:\"All Veg Triple Decker Grilled Sandwich\";s:7:\"item_id\";s:2:\"19\";s:6:\"qty_no\";i:1;s:4:\"rate\";s:6:\"550.00\";s:11:\"offer_price\";s:0:\"\";s:8:\"order_id\";i:213;s:12:\"is_customize\";i:0;s:7:\"is_deal\";s:1:\"0\";s:8:\"subTotal\";d:550;s:9:\"itemTotal\";d:550;}}'),
(212, 214, 'a:0:{}', 'O:8:\"stdClass\":14:{s:4:\"name\";s:14:\"The Restaur IN\";s:5:\"image\";N;s:12:\"phone_number\";s:10:\"9999999994\";s:5:\"email\";s:14:\"paul@evdpl.com\";s:11:\"amount_type\";N;s:6:\"amount\";N;s:7:\"address\";s:63:\"Park Avenue South,5th Floor, New York City, New York, 10016 USA\";s:8:\"landmark\";s:12:\"South Corner\";s:7:\"zipcode\";s:6:\"090909\";s:4:\"city\";s:4:\"CITY\";s:8:\"latitude\";s:10:\"23.0705655\";s:9:\"longitude\";s:17:\"72.52157609999999\";s:15:\"currency_symbol\";s:1:\"$\";s:13:\"currency_code\";s:3:\"CAD\";}', 'a:1:{i:0;a:10:{s:9:\"item_name\";s:38:\"All Veg Triple Decker Grilled Sandwich\";s:7:\"item_id\";s:2:\"19\";s:6:\"qty_no\";i:1;s:4:\"rate\";s:6:\"550.00\";s:11:\"offer_price\";s:0:\"\";s:8:\"order_id\";i:214;s:12:\"is_customize\";i:0;s:7:\"is_deal\";s:1:\"0\";s:8:\"subTotal\";d:550;s:9:\"itemTotal\";d:550;}}'),
(213, 215, 'a:0:{}', 'O:8:\"stdClass\":14:{s:4:\"name\";s:13:\"Doner & Gyros\";s:5:\"image\";N;s:12:\"phone_number\";s:10:\"7878787878\";s:5:\"email\";s:19:\"doner12@yopmail.com\";s:11:\"amount_type\";N;s:6:\"amount\";N;s:7:\"address\";s:50:\"72 Street, WVRF+V4 San Tome, Anzoategui, Venezuela\";s:8:\"landmark\";s:10:\"Anzoategui\";s:7:\"zipcode\";s:6:\"123456\";s:4:\"city\";s:10:\"Anzoategui\";s:8:\"latitude\";s:17:\"8.943501703492087\";s:9:\"longitude\";s:18:\"-64.12680126190185\";s:15:\"currency_symbol\";s:1:\"$\";s:13:\"currency_code\";s:3:\"USD\";}', 'a:1:{i:0;a:10:{s:9:\"item_name\";s:21:\"Cremo Bueno Ice Cream\";s:7:\"item_id\";s:2:\"42\";s:6:\"qty_no\";i:1;s:4:\"rate\";s:6:\"100.00\";s:11:\"offer_price\";s:0:\"\";s:8:\"order_id\";i:215;s:12:\"is_customize\";i:0;s:7:\"is_deal\";s:1:\"0\";s:8:\"subTotal\";d:100;s:9:\"itemTotal\";d:100;}}'),
(214, 216, 'a:0:{}', 'O:8:\"stdClass\":14:{s:4:\"name\";s:22:\"Homewoodiee Restaurant\";s:5:\"image\";N;s:12:\"phone_number\";s:10:\"9465665999\";s:5:\"email\";s:22:\"homewood12@yopmail.com\";s:11:\"amount_type\";N;s:6:\"amount\";N;s:7:\"address\";s:56:\"VRV9+HF San José de Gaauanipa, Anzjfgoategui, Venezuela\";s:8:\"landmark\";s:8:\"Gaauanip\";s:7:\"zipcode\";s:5:\"12356\";s:4:\"city\";s:9:\"Gaauanipa\";s:8:\"latitude\";s:18:\"23.056392952426066\";s:9:\"longitude\";s:16:\"72.5600703491211\";s:15:\"currency_symbol\";s:1:\"$\";s:13:\"currency_code\";s:3:\"USD\";}', 'a:1:{i:0;a:10:{s:9:\"item_name\";s:28:\"Potato Burger & French Fries\";s:7:\"item_id\";s:2:\"40\";s:6:\"qty_no\";i:3;s:4:\"rate\";s:5:\"70.00\";s:11:\"offer_price\";s:0:\"\";s:8:\"order_id\";i:216;s:12:\"is_customize\";i:0;s:7:\"is_deal\";s:1:\"0\";s:8:\"subTotal\";d:70;s:9:\"itemTotal\";d:210;}}'),
(215, 217, 'a:0:{}', 'O:8:\"stdClass\":14:{s:4:\"name\";s:14:\"The Restaur IN\";s:5:\"image\";N;s:12:\"phone_number\";s:10:\"9999999994\";s:5:\"email\";s:14:\"paul@evdpl.com\";s:11:\"amount_type\";N;s:6:\"amount\";N;s:7:\"address\";s:63:\"Park Avenue South,5th Floor, New York City, New York, 10016 USA\";s:8:\"landmark\";s:12:\"South Corner\";s:7:\"zipcode\";s:6:\"090909\";s:4:\"city\";s:4:\"CITY\";s:8:\"latitude\";s:10:\"23.0705655\";s:9:\"longitude\";s:17:\"72.52157609999999\";s:15:\"currency_symbol\";s:1:\"$\";s:13:\"currency_code\";s:3:\"CAD\";}', 'a:1:{i:0;a:10:{s:9:\"item_name\";s:14:\"Mix Veg Pakora\";s:7:\"item_id\";s:2:\"32\";s:6:\"qty_no\";i:1;s:4:\"rate\";s:6:\"200.00\";s:11:\"offer_price\";s:0:\"\";s:8:\"order_id\";i:217;s:12:\"is_customize\";i:0;s:7:\"is_deal\";s:1:\"0\";s:8:\"subTotal\";d:200;s:9:\"itemTotal\";d:200;}}'),
(216, 218, 'a:0:{}', 'O:8:\"stdClass\":14:{s:4:\"name\";s:14:\"The Restaur IN\";s:5:\"image\";N;s:12:\"phone_number\";s:10:\"9999999994\";s:5:\"email\";s:14:\"paul@evdpl.com\";s:11:\"amount_type\";N;s:6:\"amount\";N;s:7:\"address\";s:63:\"Park Avenue South,5th Floor, New York City, New York, 10016 USA\";s:8:\"landmark\";s:12:\"South Corner\";s:7:\"zipcode\";s:6:\"090909\";s:4:\"city\";s:4:\"CITY\";s:8:\"latitude\";s:10:\"23.0705655\";s:9:\"longitude\";s:17:\"72.52157609999999\";s:15:\"currency_symbol\";s:1:\"$\";s:13:\"currency_code\";s:3:\"CAD\";}', 'a:1:{i:0;a:10:{s:9:\"item_name\";s:7:\"Strudel\";s:7:\"item_id\";s:2:\"37\";s:6:\"qty_no\";i:1;s:4:\"rate\";s:5:\"35.00\";s:11:\"offer_price\";s:0:\"\";s:8:\"order_id\";i:218;s:12:\"is_customize\";i:0;s:7:\"is_deal\";s:1:\"0\";s:8:\"subTotal\";d:35;s:9:\"itemTotal\";d:35;}}'),
(217, 219, 'a:0:{}', 'O:8:\"stdClass\":14:{s:4:\"name\";s:14:\"The Restaur IN\";s:5:\"image\";N;s:12:\"phone_number\";s:10:\"9999999994\";s:5:\"email\";s:14:\"paul@evdpl.com\";s:11:\"amount_type\";N;s:6:\"amount\";N;s:7:\"address\";s:63:\"Park Avenue South,5th Floor, New York City, New York, 10016 USA\";s:8:\"landmark\";s:12:\"South Corner\";s:7:\"zipcode\";s:6:\"090909\";s:4:\"city\";s:4:\"CITY\";s:8:\"latitude\";s:10:\"23.0705655\";s:9:\"longitude\";s:17:\"72.52157609999999\";s:15:\"currency_symbol\";s:1:\"$\";s:13:\"currency_code\";s:3:\"CAD\";}', 'a:1:{i:0;a:10:{s:9:\"item_name\";s:38:\"All Veg Triple Decker Grilled Sandwich\";s:7:\"item_id\";s:2:\"19\";s:6:\"qty_no\";i:1;s:4:\"rate\";s:6:\"550.00\";s:11:\"offer_price\";s:0:\"\";s:8:\"order_id\";i:219;s:12:\"is_customize\";i:0;s:7:\"is_deal\";s:1:\"0\";s:8:\"subTotal\";d:550;s:9:\"itemTotal\";d:550;}}'),
(218, 220, 'a:0:{}', 'O:8:\"stdClass\":14:{s:4:\"name\";s:14:\"The Restaur IN\";s:5:\"image\";N;s:12:\"phone_number\";s:10:\"9999999994\";s:5:\"email\";s:14:\"paul@evdpl.com\";s:11:\"amount_type\";N;s:6:\"amount\";N;s:7:\"address\";s:63:\"Park Avenue South,5th Floor, New York City, New York, 10016 USA\";s:8:\"landmark\";s:12:\"South Corner\";s:7:\"zipcode\";s:6:\"090909\";s:4:\"city\";s:4:\"CITY\";s:8:\"latitude\";s:10:\"23.0705655\";s:9:\"longitude\";s:17:\"72.52157609999999\";s:15:\"currency_symbol\";s:1:\"$\";s:13:\"currency_code\";s:3:\"CAD\";}', 'a:1:{i:0;a:10:{s:9:\"item_name\";s:38:\"All Veg Triple Decker Grilled Sandwich\";s:7:\"item_id\";s:2:\"19\";s:6:\"qty_no\";i:1;s:4:\"rate\";s:6:\"550.00\";s:11:\"offer_price\";s:0:\"\";s:8:\"order_id\";i:220;s:12:\"is_customize\";i:0;s:7:\"is_deal\";s:1:\"0\";s:8:\"subTotal\";d:550;s:9:\"itemTotal\";d:550;}}'),
(219, 221, 'a:0:{}', 'O:8:\"stdClass\":14:{s:4:\"name\";s:14:\"The Restaur IN\";s:5:\"image\";N;s:12:\"phone_number\";s:10:\"9999999994\";s:5:\"email\";s:14:\"paul@evdpl.com\";s:11:\"amount_type\";N;s:6:\"amount\";N;s:7:\"address\";s:63:\"Park Avenue South,5th Floor, New York City, New York, 10016 USA\";s:8:\"landmark\";s:12:\"South Corner\";s:7:\"zipcode\";s:6:\"090909\";s:4:\"city\";s:4:\"CITY\";s:8:\"latitude\";s:10:\"23.0705655\";s:9:\"longitude\";s:17:\"72.52157609999999\";s:15:\"currency_symbol\";s:1:\"$\";s:13:\"currency_code\";s:3:\"CAD\";}', 'a:1:{i:0;a:10:{s:9:\"item_name\";s:38:\"All Veg Triple Decker Grilled Sandwich\";s:7:\"item_id\";s:2:\"19\";s:6:\"qty_no\";i:1;s:4:\"rate\";s:6:\"550.00\";s:11:\"offer_price\";s:0:\"\";s:8:\"order_id\";i:221;s:12:\"is_customize\";i:0;s:7:\"is_deal\";s:1:\"0\";s:8:\"subTotal\";d:550;s:9:\"itemTotal\";d:550;}}'),
(220, 222, 'a:0:{}', 'O:8:\"stdClass\":14:{s:4:\"name\";s:14:\"The Restaur IN\";s:5:\"image\";N;s:12:\"phone_number\";s:10:\"9999999994\";s:5:\"email\";s:14:\"paul@evdpl.com\";s:11:\"amount_type\";N;s:6:\"amount\";N;s:7:\"address\";s:63:\"Park Avenue South,5th Floor, New York City, New York, 10016 USA\";s:8:\"landmark\";s:12:\"South Corner\";s:7:\"zipcode\";s:6:\"090909\";s:4:\"city\";s:4:\"CITY\";s:8:\"latitude\";s:10:\"23.0705655\";s:9:\"longitude\";s:17:\"72.52157609999999\";s:15:\"currency_symbol\";s:1:\"$\";s:13:\"currency_code\";s:3:\"CAD\";}', 'a:1:{i:0;a:10:{s:9:\"item_name\";s:14:\"Mix Veg Pakora\";s:7:\"item_id\";s:2:\"32\";s:6:\"qty_no\";i:1;s:4:\"rate\";s:6:\"200.00\";s:11:\"offer_price\";s:0:\"\";s:8:\"order_id\";i:222;s:12:\"is_customize\";i:0;s:7:\"is_deal\";s:1:\"0\";s:8:\"subTotal\";d:200;s:9:\"itemTotal\";d:200;}}'),
(221, 223, 'a:0:{}', 'O:8:\"stdClass\":14:{s:4:\"name\";s:14:\"The Restaur IN\";s:5:\"image\";N;s:12:\"phone_number\";s:10:\"9999999994\";s:5:\"email\";s:14:\"paul@evdpl.com\";s:11:\"amount_type\";N;s:6:\"amount\";N;s:7:\"address\";s:63:\"Park Avenue South,5th Floor, New York City, New York, 10016 USA\";s:8:\"landmark\";s:12:\"South Corner\";s:7:\"zipcode\";s:6:\"090909\";s:4:\"city\";s:4:\"CITY\";s:8:\"latitude\";s:10:\"23.0705655\";s:9:\"longitude\";s:17:\"72.52157609999999\";s:15:\"currency_symbol\";s:1:\"$\";s:13:\"currency_code\";s:3:\"CAD\";}', 'a:1:{i:0;a:10:{s:9:\"item_name\";s:38:\"All Veg Triple Decker Grilled Sandwich\";s:7:\"item_id\";s:2:\"19\";s:6:\"qty_no\";i:1;s:4:\"rate\";s:6:\"550.00\";s:11:\"offer_price\";s:0:\"\";s:8:\"order_id\";i:223;s:12:\"is_customize\";i:0;s:7:\"is_deal\";s:1:\"0\";s:8:\"subTotal\";d:550;s:9:\"itemTotal\";d:550;}}');

-- --------------------------------------------------------

--
-- Table structure for table `order_driver_map`
--

CREATE TABLE `order_driver_map` (
  `driver_map_id` int(11) NOT NULL,
  `order_id` int(11) NOT NULL,
  `driver_id` int(11) NOT NULL,
  `is_accept` tinyint(4) NOT NULL DEFAULT 0 COMMENT '1- accept',
  `commission` decimal(10,2) DEFAULT NULL,
  `driver_commission` decimal(10,2) DEFAULT NULL,
  `cancel_reason` text DEFAULT NULL,
  `commission_status` enum('Unpaid','Paid') NOT NULL,
  `distance` decimal(10,2) DEFAULT NULL,
  `date` datetime DEFAULT NULL
) ENGINE=InnoDB DEFAULT CHARSET=latin1;

--
-- Dumping data for table `order_driver_map`
--

INSERT INTO `order_driver_map` (`driver_map_id`, `order_id`, `driver_id`, `is_accept`, `commission`, `driver_commission`, `cancel_reason`, `commission_status`, `distance`, `date`) VALUES
(2, 8, 167, 1, '100.00', '100.00', NULL, 'Unpaid', '3.70', '2020-01-02 05:32:48'),
(4, 9, 167, 1, '100.00', '100.00', NULL, 'Unpaid', '3.58', '2020-01-02 05:40:32'),
(5, 10, 166, 0, NULL, NULL, NULL, 'Unpaid', '3.59', '2020-01-02 05:42:33'),
(6, 10, 167, 0, NULL, NULL, NULL, 'Unpaid', '3.59', '2020-01-02 05:42:33'),
(9, 23, 166, 0, NULL, NULL, NULL, 'Unpaid', '0.02', '2020-01-27 08:08:57'),
(10, 23, 167, 1, NULL, NULL, NULL, 'Unpaid', '0.06', '2020-01-27 08:08:57'),
(11, 24, 166, 0, NULL, NULL, NULL, 'Unpaid', '0.02', '2020-01-28 11:53:51'),
(12, 24, 167, 0, NULL, NULL, NULL, 'Unpaid', '0.00', '2020-01-28 11:53:51'),
(13, 24, 167, 0, NULL, NULL, NULL, 'Unpaid', '3.32', '2020-01-28 11:53:51'),
(14, 24, 167, 0, NULL, NULL, NULL, 'Unpaid', '1.02', '2020-01-28 11:53:52'),
(15, 24, 166, 0, NULL, NULL, NULL, 'Unpaid', '0.02', '2020-01-28 11:55:43'),
(16, 24, 167, 0, NULL, NULL, NULL, 'Unpaid', '0.00', '2020-01-28 11:55:43'),
(17, 24, 167, 0, NULL, NULL, NULL, 'Unpaid', '3.32', '2020-01-28 11:55:44'),
(18, 24, 167, 0, NULL, NULL, NULL, 'Unpaid', '1.02', '2020-01-28 11:55:44'),
(31, 73, 166, 0, NULL, NULL, NULL, 'Unpaid', '0.65', '2020-04-10 18:40:36'),
(32, 73, 167, 0, NULL, NULL, NULL, 'Unpaid', '0.66', '2020-04-10 18:40:36'),
(33, 73, 167, 0, NULL, NULL, NULL, 'Unpaid', '3.05', '2020-04-10 18:40:36'),
(34, 73, 167, 0, NULL, NULL, NULL, 'Unpaid', '0.44', '2020-04-10 18:40:36'),
(35, 83, 166, 0, NULL, NULL, NULL, 'Unpaid', '14106.93', '2020-04-20 12:27:21'),
(36, 83, 167, 0, NULL, NULL, NULL, 'Unpaid', '14106.94', '2020-04-20 12:27:21'),
(37, 83, 167, 0, NULL, NULL, NULL, 'Unpaid', '14103.88', '2020-04-20 12:27:21'),
(38, 83, 167, 0, NULL, NULL, NULL, 'Unpaid', '14106.52', '2020-04-20 12:27:22'),
(79, 124, 166, 0, NULL, NULL, NULL, 'Paid', '14106.93', '2020-05-13 10:16:05'),
(80, 124, 167, 0, NULL, NULL, NULL, 'Unpaid', '14106.94', '2020-05-13 10:16:06'),
(81, 124, 167, 0, NULL, NULL, NULL, 'Unpaid', '14103.88', '2020-05-13 10:16:06'),
(82, 124, 167, 0, NULL, NULL, NULL, 'Unpaid', '14106.52', '2020-05-13 10:16:06'),
(83, 135, 167, 0, NULL, NULL, NULL, 'Unpaid', '14106.94', '2020-05-14 14:19:30'),
(84, 135, 167, 0, NULL, NULL, NULL, 'Unpaid', '14103.88', '2020-05-14 14:19:31'),
(85, 135, 167, 0, NULL, NULL, NULL, 'Unpaid', '14106.52', '2020-05-14 14:19:31'),
(86, 138, 167, 0, NULL, NULL, NULL, 'Unpaid', '0.66', '2020-05-14 17:17:30'),
(87, 138, 167, 0, NULL, NULL, NULL, 'Unpaid', '3.05', '2020-05-14 17:17:31'),
(88, 138, 167, 0, NULL, NULL, NULL, 'Unpaid', '0.44', '2020-05-14 17:17:31'),
(89, 143, 227, 0, NULL, NULL, NULL, 'Unpaid', '7130.65', '2020-05-19 15:00:43'),
(90, 143, 167, 0, NULL, NULL, NULL, 'Unpaid', '13392.41', '2020-05-19 15:00:44'),
(92, 146, 167, 1, NULL, NULL, 'Bike stolen', 'Unpaid', '14108.68', '2020-05-20 15:26:40'),
(93, 151, 166, 0, NULL, NULL, NULL, 'Unpaid', '0.65', '2020-05-22 13:39:55'),
(94, 151, 167, 0, NULL, NULL, NULL, 'Unpaid', '2.13', '2020-05-22 13:39:55'),
(95, 151, 227, 0, NULL, NULL, NULL, 'Unpaid', '1429.79', '2020-05-22 13:39:55'),
(96, 151, 214, 1, '25.00', '25.00', NULL, 'Unpaid', '0.63', NULL),
(97, 178, 166, 0, NULL, NULL, NULL, 'Unpaid', '14106.93', '2020-06-03 14:45:27'),
(98, 178, 167, 0, NULL, NULL, NULL, 'Unpaid', '14108.68', '2020-06-03 14:45:28'),
(99, 178, 227, 0, NULL, NULL, NULL, 'Unpaid', '15412.70', '2020-06-03 14:45:28'),
(100, 201, 166, 0, NULL, NULL, NULL, 'Unpaid', '0.65', '2020-06-08 11:48:34'),
(101, 201, 167, 0, NULL, NULL, NULL, 'Unpaid', '2.13', '2020-06-08 11:48:34'),
(102, 201, 227, 0, NULL, NULL, NULL, 'Unpaid', '1429.79', '2020-06-08 11:48:34'),
(104, 206, 167, 1, NULL, NULL, NULL, 'Unpaid', '2.13', '2020-06-12 16:04:03');

-- --------------------------------------------------------

--
-- Table structure for table `order_master`
--

CREATE TABLE `order_master` (
  `entity_id` int(11) NOT NULL,
  `transaction_id` varchar(255) DEFAULT NULL,
  `user_id` int(11) NOT NULL,
  `restaurant_id` int(11) NOT NULL,
  `address_id` int(11) NOT NULL,
  `coupon_id` int(11) DEFAULT NULL,
  `total_rate` decimal(20,2) DEFAULT NULL,
  `subtotal` decimal(20,2) DEFAULT NULL,
  `tax_rate` decimal(20,2) DEFAULT NULL,
  `tax_type` enum('Percentage','Amount') DEFAULT NULL,
  `coupon_discount` decimal(20,2) DEFAULT NULL,
  `coupon_name` varchar(30) CHARACTER SET utf8 DEFAULT NULL,
  `coupon_amount` decimal(20,2) DEFAULT NULL,
  `coupon_type` enum('Percentage','Amount') DEFAULT NULL,
  `order_delivery` enum('Delivery','PickUp') NOT NULL,
  `payment_option` varchar(255) NOT NULL,
  `order_status` enum('placed','delivered','onGoing','cancel','preparing','pending','complete') DEFAULT NULL,
  `accept_order_time` datetime DEFAULT NULL,
  `order_date` datetime DEFAULT NULL,
  `status` int(11) DEFAULT NULL,
  `order_no` int(11) DEFAULT NULL,
  `delivery_charge` decimal(20,2) DEFAULT NULL,
  `extra_comment` text CHARACTER SET utf8 DEFAULT NULL,
  `created_by` int(11) DEFAULT NULL,
  `created_date` datetime DEFAULT current_timestamp(),
  `updated_by` int(11) DEFAULT NULL,
  `updated_date` datetime DEFAULT NULL
) ENGINE=InnoDB DEFAULT CHARSET=latin1;

--
-- Dumping data for table `order_master`
--

INSERT INTO `order_master` (`entity_id`, `transaction_id`, `user_id`, `restaurant_id`, `address_id`, `coupon_id`, `total_rate`, `subtotal`, `tax_rate`, `tax_type`, `coupon_discount`, `coupon_name`, `coupon_amount`, `coupon_type`, `order_delivery`, `payment_option`, `order_status`, `accept_order_time`, `order_date`, `status`, `order_no`, `delivery_charge`, `extra_comment`, `created_by`, `created_date`, `updated_by`, `updated_date`) VALUES
(1, NULL, 187, 1, 55, 0, '67786.00', '67786.00', NULL, NULL, '0.00', '', '0.00', '', 'PickUp', '', 'delivered', NULL, '2020-01-01 19:29:00', 1, NULL, '0.00', '', NULL, '2020-01-01 09:00:21', NULL, NULL),
(2, NULL, 187, 1, 55, 0, '67786.00', '67786.00', NULL, NULL, '0.00', '', '0.00', '', 'PickUp', '', 'placed', NULL, '2020-01-01 19:29:00', 0, NULL, '0.00', '', NULL, '2020-01-01 09:00:51', NULL, NULL),
(3, NULL, 187, 1, 57, 0, '67786.00', '67786.00', NULL, NULL, '0.00', '', '0.00', '', 'PickUp', '', 'placed', NULL, '2020-01-01 20:12:00', 0, NULL, '0.00', '', NULL, '2020-01-01 09:42:14', NULL, NULL),
(4, NULL, 187, 1, 57, 0, '67786.00', '67786.00', NULL, NULL, '0.00', '', '0.00', '', 'PickUp', '', 'placed', NULL, '2020-01-01 20:12:00', 0, NULL, '0.00', '', NULL, '2020-01-01 09:42:43', NULL, NULL),
(5, NULL, 187, 12, 57, 0, '350.00', '300.00', NULL, NULL, '0.00', '', '0.00', '', 'Delivery', '', 'placed', NULL, '2020-01-01 20:17:00', 0, NULL, '50.00', '', NULL, '2020-01-01 09:47:04', NULL, NULL),
(6, NULL, 189, 1, 58, 0, '6015765.00', '6015765.00', NULL, NULL, '0.00', '', '0.00', '', 'PickUp', '', 'placed', NULL, '2020-01-01 21:09:00', 0, NULL, '0.00', '', NULL, '2020-01-01 10:39:15', NULL, NULL),
(7, NULL, 187, 1, 59, 0, '67786.00', '67786.00', NULL, NULL, '0.00', '', '0.00', '', 'PickUp', '', 'placed', NULL, '2020-01-02 10:55:00', 0, NULL, '0.00', '', NULL, '2020-01-02 00:25:34', NULL, NULL),
(8, NULL, 182, 12, 59, 0, '350.00', '300.00', NULL, NULL, '0.00', '', '0.00', '', 'Delivery', '', 'delivered', NULL, '2020-01-02 11:02:00', 1, NULL, '50.00', '', NULL, '2020-01-02 00:32:08', NULL, NULL),
(9, NULL, 187, 12, 59, 0, '350.00', '300.00', NULL, NULL, '0.00', '', '0.00', '', 'Delivery', '', 'delivered', NULL, '2020-01-02 11:10:00', 1, NULL, '50.00', '', NULL, '2020-01-02 00:40:19', NULL, NULL),
(10, NULL, 187, 12, 59, 0, '350.00', '300.00', NULL, NULL, '0.00', '', '0.00', '', 'Delivery', '', 'placed', NULL, '2020-01-02 11:12:00', 1, NULL, '50.00', '', NULL, '2020-01-02 00:42:19', NULL, NULL),
(11, NULL, 187, 12, 57, 0, '350.00', '300.00', NULL, NULL, '0.00', '', '0.00', '', 'Delivery', '', 'placed', NULL, '2020-01-02 11:24:00', 0, NULL, '50.00', '', NULL, '2020-01-02 00:54:05', NULL, NULL),
(12, NULL, 182, 9, 0, NULL, '1300.00', '0.00', NULL, NULL, NULL, NULL, NULL, NULL, 'PickUp', '', 'placed', NULL, '2020-01-22 12:05:41', 0, NULL, '0.00', '', NULL, '2020-01-22 16:35:41', NULL, NULL),
(13, NULL, 182, 9, 0, NULL, '1300.00', '0.00', NULL, NULL, NULL, NULL, NULL, NULL, 'PickUp', '', 'placed', NULL, '2020-01-22 12:06:36', 0, NULL, '0.00', '', NULL, '2020-01-22 16:36:36', NULL, NULL),
(14, NULL, 182, 9, 0, NULL, '1300.00', '0.00', NULL, NULL, NULL, NULL, NULL, NULL, 'PickUp', '', 'placed', NULL, '2020-01-22 12:06:59', 0, NULL, '0.00', '', NULL, '2020-01-22 16:36:59', NULL, NULL),
(15, NULL, 182, 9, 0, NULL, '1300.00', '0.00', NULL, NULL, NULL, NULL, NULL, NULL, 'PickUp', '', 'placed', NULL, '2020-01-22 12:21:09', 0, NULL, '0.00', '', NULL, '2020-01-22 16:51:09', NULL, NULL),
(16, NULL, 182, 9, 0, 3, '1300.00', '0.00', NULL, NULL, '30.00', 'FREE DELIVERY', '0.00', 'Percentage', 'PickUp', '', 'placed', NULL, '2020-01-22 12:28:20', 0, NULL, '30.00', '', NULL, '2020-01-22 16:58:20', NULL, NULL),
(17, NULL, 182, 9, 0, NULL, '1300.00', '0.00', NULL, NULL, NULL, NULL, NULL, NULL, 'PickUp', '', 'placed', NULL, '2020-01-22 12:34:58', 0, NULL, '0.00', '', NULL, '2020-01-22 17:04:58', NULL, NULL),
(18, NULL, 182, 9, 0, NULL, '100.00', '0.00', NULL, NULL, NULL, NULL, NULL, NULL, 'PickUp', '', 'placed', NULL, '2020-01-22 12:46:00', 0, NULL, '0.00', '', NULL, '2020-01-22 17:16:00', NULL, NULL),
(22, NULL, 182, 9, 0, NULL, '100.00', '100.00', NULL, NULL, NULL, NULL, NULL, NULL, 'Delivery', '', 'complete', NULL, '2020-01-24 11:27:41', 0, NULL, '0.00', '', NULL, '2020-01-24 15:57:41', NULL, NULL),
(23, NULL, 182, 9, 0, NULL, '330.00', '300.00', NULL, NULL, NULL, NULL, NULL, NULL, 'Delivery', '', 'complete', NULL, '2020-01-25 11:05:10', 1, NULL, '30.00', '', NULL, '2020-01-25 15:35:10', NULL, NULL),
(24, NULL, 182, 9, 5, NULL, '580.00', '550.00', NULL, NULL, NULL, NULL, NULL, NULL, 'Delivery', '', 'onGoing', NULL, '2020-01-28 11:38:34', 1, NULL, '30.00', '', NULL, '2020-01-28 16:08:34', NULL, NULL),
(43, NULL, 182, 1, 38, NULL, '150.00', '150.00', NULL, NULL, NULL, NULL, NULL, NULL, 'PickUp', 'cod', 'placed', NULL, '2020-02-07 06:44:10', 0, NULL, '0.00', '', NULL, '2020-02-07 11:14:10', NULL, NULL),
(47, NULL, 182, 9, 5, NULL, '180.00', '150.00', NULL, NULL, NULL, NULL, NULL, NULL, 'Delivery', 'cod', 'placed', NULL, '2020-02-07 07:44:21', 0, NULL, '30.00', '', NULL, '2020-02-07 12:14:21', NULL, NULL),
(69, NULL, 206, 1, 0, NULL, '35.00', '35.00', NULL, NULL, NULL, NULL, NULL, NULL, 'PickUp', 'cod', 'delivered', NULL, '2020-04-09 14:23:51', 1, NULL, '0.00', '', NULL, '2020-04-09 19:53:51', NULL, NULL),
(70, NULL, 205, 1, 0, NULL, '550.00', '550.00', NULL, NULL, NULL, NULL, NULL, NULL, 'PickUp', 'cod', 'placed', NULL, '2020-04-09 14:24:06', 0, NULL, '0.00', 'futu', NULL, '2020-04-09 19:54:06', NULL, NULL),
(71, NULL, 205, 1, 0, 18, '450.00', '550.00', NULL, NULL, '100.00', '30%OFF', '100.00', 'Amount', 'Delivery', 'cod', 'placed', NULL, '2020-04-09 14:55:56', 0, NULL, '0.00', '', NULL, '2020-04-09 20:25:56', NULL, NULL),
(72, NULL, 192, 1, 0, 18, '472.00', '550.00', NULL, NULL, '100.00', '30%OFF', '100.00', 'Amount', 'Delivery', 'cod', 'placed', NULL, '2020-04-09 15:10:10', 0, NULL, '22.00', '', NULL, '2020-04-09 20:40:10', NULL, NULL),
(73, NULL, 192, 1, 79, 18, '37.00', '115.00', NULL, NULL, '100.00', '30%OFF', '100.00', 'Amount', 'Delivery', 'cod', 'placed', NULL, '2020-04-09 15:13:29', 1, NULL, '22.00', 'gj', NULL, '2020-04-09 20:43:29', NULL, NULL),
(74, NULL, 185, 1, 75, 18, '472.00', '550.00', NULL, NULL, '100.00', '30%OFF', '100.00', 'Amount', 'Delivery', 'cod', 'placed', NULL, '2020-04-10 06:51:30', 0, NULL, '22.00', '', NULL, '2020-04-10 12:21:30', NULL, NULL),
(76, NULL, 185, 28, 76, NULL, '230.00', '210.00', NULL, NULL, NULL, NULL, NULL, NULL, 'Delivery', 'cod', 'placed', NULL, '2020-04-11 02:54:25', 0, NULL, '20.00', '', NULL, '2020-04-11 08:24:25', NULL, NULL),
(77, NULL, 185, 1, 75, 18, '472.00', '550.00', NULL, NULL, '100.00', '30%OFF', '100.00', 'Amount', 'Delivery', 'cod', 'placed', NULL, '2020-04-11 07:09:34', 0, NULL, '22.00', '', NULL, '2020-04-11 12:39:34', NULL, NULL),
(79, NULL, 185, 1, 75, NULL, '67.00', '45.00', NULL, NULL, NULL, NULL, NULL, NULL, 'Delivery', 'cod', 'placed', NULL, '2020-04-14 13:12:43', 0, NULL, '22.00', '', NULL, '2020-04-14 18:42:43', NULL, NULL),
(80, NULL, 210, 1, 0, 18, '450.00', '550.00', NULL, NULL, '100.00', '30%OFF', '100.00', 'Amount', 'Delivery', 'cod', 'placed', NULL, '2020-04-15 05:24:45', 0, NULL, '0.00', '', NULL, '2020-04-15 10:54:45', NULL, NULL),
(81, NULL, 212, 27, 0, 20, '211.40', '423.40', NULL, NULL, '212.00', '50%OFF', '50.00', 'Percentage', 'Delivery', 'cod', 'placed', NULL, '2020-04-15 06:09:47', 0, NULL, '0.00', '987168976976176176', NULL, '2020-04-15 11:39:47', NULL, NULL),
(82, NULL, 205, 27, 78, NULL, '200.85', '180.85', NULL, NULL, NULL, NULL, NULL, NULL, 'Delivery', 'cod', 'placed', NULL, '2020-04-17 13:27:06', 0, NULL, '20.00', 'eh', NULL, '2020-04-17 18:57:06', NULL, NULL),
(83, NULL, 205, 27, 78, NULL, '427.00', '407.00', NULL, NULL, NULL, NULL, NULL, NULL, 'Delivery', 'cod', 'placed', NULL, '2020-04-17 13:48:53', 1, NULL, '20.00', 'fhrfdxhthrt tth trt', NULL, '2020-04-17 19:18:53', NULL, NULL),
(84, NULL, 205, 27, 83, NULL, '919.85', '899.85', NULL, NULL, NULL, NULL, NULL, NULL, 'Delivery', 'cod', 'placed', NULL, '2020-04-18 00:54:52', 0, NULL, '20.00', '', NULL, '2020-04-18 00:54:52', NULL, NULL),
(100, NULL, 215, 34, 0, NULL, '235.00', '235.00', NULL, NULL, NULL, NULL, NULL, NULL, 'Delivery', 'cod', 'placed', NULL, '2020-04-21 18:01:54', 0, NULL, '0.00', '', NULL, '2020-04-21 18:01:54', NULL, NULL),
(120, NULL, 207, 27, 80, NULL, '180.85', '180.85', NULL, NULL, NULL, NULL, NULL, NULL, 'PickUp', 'cod', 'cancel', '2020-05-21 16:02:40', '2020-04-24 16:43:29', 1, NULL, '0.00', '', NULL, '2020-04-24 16:43:29', NULL, NULL),
(122, NULL, 207, 27, 90, NULL, '288.85', '288.85', NULL, NULL, NULL, NULL, NULL, NULL, 'PickUp', 'cod', 'cancel', '2020-05-21 16:01:10', '2020-04-25 17:52:21', 1, NULL, '0.00', '', NULL, '2020-04-25 17:52:21', NULL, NULL),
(123, NULL, 186, 1, 43, NULL, '57.00', '35.00', NULL, NULL, NULL, NULL, NULL, NULL, 'Delivery', 'cod', 'placed', NULL, '2020-05-05 18:11:22', 0, NULL, '22.00', '', NULL, '2020-05-05 18:11:22', NULL, NULL),
(124, NULL, 217, 27, 0, NULL, '120.00', '100.00', NULL, NULL, NULL, NULL, NULL, NULL, 'Delivery', 'cod', 'delivered', NULL, '2020-05-12 13:52:03', 1, NULL, '20.00', '', NULL, '2020-05-12 13:52:03', NULL, NULL),
(125, NULL, 218, 28, 0, NULL, '300.00', '280.00', NULL, NULL, NULL, NULL, NULL, NULL, 'Delivery', 'cod', 'placed', NULL, '2020-05-12 17:27:10', 0, NULL, '20.00', 'testtt Test Test', NULL, '2020-05-12 17:27:10', NULL, NULL),
(126, NULL, 218, 27, 0, NULL, '300.00', '300.00', NULL, NULL, NULL, NULL, NULL, NULL, 'PickUp', 'cod', 'placed', NULL, '2020-05-12 17:56:27', 0, NULL, '0.00', 'testtt Test Test', NULL, '2020-05-12 17:56:27', NULL, NULL),
(127, NULL, 218, 1, 94, NULL, '719.00', '719.00', NULL, NULL, NULL, NULL, NULL, NULL, 'PickUp', 'cod', 'placed', NULL, '2020-05-12 18:23:39', 0, NULL, '0.00', '', NULL, '2020-05-12 18:23:39', NULL, NULL),
(128, NULL, 218, 31, 94, NULL, '440.00', '440.00', NULL, NULL, NULL, NULL, NULL, NULL, 'PickUp', 'cod', 'placed', NULL, '2020-05-12 18:30:53', 0, NULL, '0.00', '', NULL, '2020-05-12 18:30:53', NULL, NULL),
(129, NULL, 218, 1, 93, NULL, '1530.00', '1508.00', NULL, NULL, NULL, NULL, NULL, NULL, 'Delivery', 'cod', 'placed', NULL, '2020-05-12 19:30:00', 0, NULL, '22.00', 'testtt Test Test', NULL, '2020-05-12 19:30:00', NULL, NULL),
(130, NULL, 219, 27, 0, NULL, '120.00', '100.00', NULL, NULL, NULL, NULL, NULL, NULL, 'Delivery', 'cod', 'placed', NULL, '2020-05-13 16:37:09', 1, NULL, '20.00', '', NULL, '2020-05-13 16:37:09', NULL, NULL),
(131, NULL, 218, 27, 93, NULL, '120.00', '100.00', NULL, NULL, NULL, NULL, NULL, NULL, 'Delivery', 'cod', 'placed', NULL, '2020-05-13 17:19:50', 0, NULL, '20.00', '', NULL, '2020-05-13 17:19:50', NULL, NULL),
(132, NULL, 205, 1, 83, NULL, '550.00', '550.00', NULL, NULL, NULL, NULL, NULL, NULL, 'PickUp', 'cod', 'delivered', '2020-05-14 12:26:12', '2020-05-13 17:22:28', 1, NULL, '0.00', '', NULL, '2020-05-13 17:22:28', NULL, NULL),
(133, NULL, 219, 1, 96, NULL, '607.00', '585.00', NULL, NULL, NULL, NULL, NULL, NULL, 'Delivery', 'cod', 'preparing', NULL, '2020-05-13 18:35:21', 1, NULL, '22.00', '', NULL, '2020-05-13 18:35:21', NULL, NULL),
(134, NULL, 220, 27, 0, NULL, '400.00', '400.00', NULL, NULL, NULL, NULL, NULL, NULL, 'PickUp', 'cod', 'delivered', '2020-05-14 13:10:14', '2020-05-14 13:09:43', 1, NULL, '0.00', '', NULL, '2020-05-14 13:09:43', NULL, NULL),
(135, NULL, 220, 27, 0, NULL, '200.85', '180.85', NULL, NULL, NULL, NULL, NULL, NULL, 'Delivery', 'cod', 'cancel', '2020-05-14 14:19:30', '2020-05-14 13:53:23', 1, NULL, '20.00', '', NULL, '2020-05-14 13:53:23', NULL, NULL),
(136, NULL, 220, 27, 0, NULL, '200.00', '200.00', NULL, NULL, NULL, NULL, NULL, NULL, 'PickUp', 'cod', 'placed', NULL, '2020-05-14 15:58:23', 0, NULL, '0.00', '', NULL, '2020-05-14 15:58:23', NULL, NULL),
(137, NULL, 218, 27, 94, NULL, '261.70', '261.70', NULL, NULL, NULL, NULL, NULL, NULL, 'PickUp', 'cod', 'delivered', '2020-05-14 16:48:54', '2020-05-14 16:46:06', 1, NULL, '0.00', '', NULL, '2020-05-14 16:46:06', NULL, NULL),
(138, NULL, 217, 1, 91, NULL, '741.00', '719.00', NULL, NULL, NULL, NULL, NULL, NULL, 'Delivery', 'cod', 'delivered', '2020-05-14 17:17:30', '2020-05-14 17:15:37', 1, NULL, '22.00', '', NULL, '2020-05-14 17:15:37', NULL, NULL),
(139, NULL, 220, 1, 0, NULL, '1100.00', '1100.00', NULL, NULL, NULL, NULL, NULL, NULL, 'PickUp', 'cod', 'placed', NULL, '2020-05-14 17:43:55', 0, NULL, '0.00', '', NULL, '2020-05-14 17:43:55', NULL, NULL),
(140, NULL, 234, 38, 100, 0, '1278.00', '1278.00', NULL, NULL, '0.00', '', '0.00', '', 'PickUp', '', 'placed', NULL, '2020-05-18 10:44:00', 0, NULL, '0.00', '', NULL, '2020-05-18 10:44:32', NULL, NULL),
(141, NULL, 238, 1, 101, 21, '59.00', '99.00', NULL, NULL, '40.00', '40%OFF', '40.00', 'Percentage', 'PickUp', '', 'placed', '2020-05-19 12:30:59', '2020-05-19 12:29:00', 1, NULL, '0.00', 'Test', NULL, '2020-05-19 12:29:40', NULL, NULL),
(142, NULL, 239, 27, 0, NULL, '300.85', '280.85', NULL, NULL, NULL, NULL, NULL, NULL, 'Delivery', 'cod', 'placed', NULL, '2020-05-19 13:37:24', 0, NULL, '20.00', '', NULL, '2020-05-19 13:37:24', NULL, NULL),
(143, NULL, 239, 28, 102, NULL, '90.00', '70.00', NULL, NULL, NULL, NULL, NULL, NULL, 'Delivery', 'cod', 'placed', '2020-05-19 15:00:43', '2020-05-19 14:56:37', 1, NULL, '20.00', '', NULL, '2020-05-19 14:56:37', NULL, NULL),
(144, NULL, 239, 34, 0, NULL, '35.00', '35.00', NULL, NULL, NULL, NULL, NULL, NULL, 'PickUp', 'cod', 'placed', NULL, '2020-05-19 15:27:59', 0, NULL, '0.00', 'test', NULL, '2020-05-19 15:27:59', NULL, NULL),
(145, NULL, 239, 27, 102, NULL, '220.00', '200.00', NULL, NULL, NULL, NULL, NULL, NULL, 'Delivery', 'cod', 'placed', NULL, '2020-05-19 17:36:19', 0, NULL, '20.00', '', NULL, '2020-05-19 17:36:19', NULL, NULL),
(146, NULL, 243, 27, 0, NULL, '281.70', '261.70', NULL, NULL, NULL, NULL, NULL, NULL, 'Delivery', 'cod', 'cancel', '2020-05-20 15:26:40', '2020-05-20 14:56:18', 1, NULL, '20.00', 'Add spicy', NULL, '2020-05-20 14:56:18', NULL, NULL),
(147, NULL, 243, 1, 104, 18, '1658.00', '1758.00', NULL, NULL, '100.00', '30%OFF', '100.00', 'Amount', 'PickUp', '', 'placed', '2020-05-20 15:21:52', '2020-05-20 15:20:00', 1, NULL, '0.00', '', NULL, '2020-05-20 15:20:41', NULL, NULL),
(148, NULL, 243, 27, 104, NULL, '200.85', '180.85', NULL, NULL, NULL, NULL, NULL, NULL, 'Delivery', 'cod', 'placed', NULL, '2020-05-20 16:29:41', 0, NULL, '20.00', '', NULL, '2020-05-20 16:29:41', NULL, NULL),
(149, NULL, 243, 28, 106, NULL, '90.00', '70.00', NULL, NULL, NULL, NULL, NULL, NULL, 'Delivery', 'cod', 'placed', NULL, '2020-05-20 16:33:08', 0, NULL, '20.00', '', NULL, '2020-05-20 16:33:08', NULL, NULL),
(150, NULL, 243, 27, 107, 21, '216.70', '361.70', NULL, NULL, '145.00', '40%OFF', '40.00', 'Percentage', 'PickUp', '', 'placed', NULL, '2020-05-20 18:02:00', 0, NULL, '0.00', '', NULL, '2020-05-20 18:02:38', NULL, NULL),
(151, NULL, 187, 1, 59, 0, '572.00', '550.00', NULL, NULL, '0.00', '', '0.00', '', 'Delivery', '', 'delivered', '2020-05-22 13:39:54', '2020-05-21 10:22:00', 1, NULL, '22.00', '', NULL, '2020-05-21 10:22:21', NULL, NULL),
(152, NULL, 187, 27, 57, 0, '80.85', '80.85', NULL, NULL, '0.00', '', '0.00', '', 'PickUp', '', 'delivered', '2020-05-21 10:55:55', '2020-05-21 10:33:00', 1, NULL, '0.00', '', NULL, '2020-05-21 10:33:01', NULL, NULL),
(153, NULL, 187, 27, 59, 21, '48.85', '80.85', NULL, NULL, '32.00', '40%OFF', '40.00', 'Percentage', 'PickUp', '', 'delivered', '2020-05-21 10:36:18', '2020-05-21 10:35:00', 1, NULL, '0.00', '', NULL, '2020-05-21 10:35:17', NULL, NULL),
(154, NULL, 207, 27, 90, 23, '143.55', '242.55', NULL, NULL, '99.00', 'COMBO@199', '99.00', 'Amount', 'PickUp', '', 'delivered', '2020-05-21 16:03:52', '2020-05-21 16:00:00', 1, NULL, '0.00', '', NULL, '2020-05-21 16:00:21', NULL, NULL),
(155, NULL, 220, 27, 0, 18, '100.00', '200.00', NULL, NULL, '100.00', '30%OFF', '100.00', 'Amount', 'PickUp', 'cod', 'delivered', '2020-05-22 11:03:47', '2020-05-22 11:03:19', 1, NULL, '0.00', '', NULL, '2020-05-22 11:03:19', NULL, NULL),
(156, NULL, 220, 34, 0, NULL, '270.00', '235.00', NULL, NULL, NULL, NULL, NULL, NULL, 'PickUp', 'cod', 'placed', NULL, '2020-05-22 11:07:31', 0, NULL, '0.00', '', NULL, '2020-05-22 11:07:31', NULL, NULL),
(157, NULL, 220, 34, 0, NULL, '600.00', '620.00', NULL, NULL, NULL, NULL, NULL, NULL, 'PickUp', 'cod', 'placed', NULL, '2020-05-22 13:01:06', 0, NULL, '0.00', '', NULL, '2020-05-22 13:01:06', NULL, NULL),
(158, NULL, 243, 34, 104, NULL, '830.00', '415.00', NULL, NULL, NULL, NULL, NULL, NULL, 'PickUp', 'cod', 'preparing', '2020-05-22 13:24:26', '2020-05-22 13:06:29', 1, NULL, '0.00', 'jn', NULL, '2020-05-22 13:06:29', NULL, NULL),
(159, NULL, 207, 27, 108, 21, '242.25', '404.25', NULL, NULL, '162.00', '40%OFF', '40.00', 'Percentage', 'PickUp', '', 'cancel', '2020-05-22 16:06:10', '2020-05-22 16:04:00', 1, NULL, '0.00', 'Amazing product ', NULL, '2020-05-22 16:04:54', NULL, NULL),
(160, NULL, 220, 27, 99, NULL, '200.85', '180.85', NULL, NULL, NULL, NULL, NULL, NULL, 'Delivery', 'cod', 'placed', NULL, '2020-05-22 16:48:46', 0, NULL, '20.00', '', NULL, '2020-05-22 16:48:46', NULL, NULL),
(161, NULL, 243, 35, 104, NULL, '1050.00', '700.00', NULL, NULL, NULL, NULL, NULL, NULL, 'PickUp', 'cod', 'placed', NULL, '2020-05-22 17:46:15', 0, NULL, '0.00', 'fjm', NULL, '2020-05-22 17:46:15', NULL, NULL),
(162, NULL, 220, 27, 99, NULL, '100.85', '80.85', NULL, NULL, NULL, NULL, NULL, NULL, 'Delivery', 'cod', 'placed', NULL, '2020-05-22 17:55:11', 0, NULL, '20.00', '', NULL, '2020-05-22 17:55:11', NULL, NULL),
(163, NULL, 207, 27, 80, 21, '145.55', '242.55', NULL, NULL, '97.00', '40%OFF', '40.00', 'Percentage', 'PickUp', '', 'delivered', '2020-05-22 18:16:28', '2020-05-22 18:15:00', 1, NULL, '0.00', '', NULL, '2020-05-22 18:15:56', NULL, NULL),
(164, NULL, 207, 27, 108, 0, '80.85', '80.85', NULL, NULL, '0.00', '', '0.00', '', 'PickUp', '', 'cancel', NULL, '2020-05-22 18:56:00', 0, NULL, '0.00', '', NULL, '2020-05-22 18:56:49', NULL, NULL),
(165, NULL, 220, 27, 0, 23, '1.00', '100.00', NULL, NULL, '99.00', 'COMBO@199', '99.00', 'Amount', 'PickUp', 'cod', 'preparing', '2020-05-23 15:05:58', '2020-05-23 15:01:42', 1, NULL, '0.00', '', NULL, '2020-05-23 15:01:42', NULL, NULL),
(166, NULL, 205, 1, 83, 0, '54.00', '54.00', NULL, NULL, '0.00', '', '0.00', '', 'Delivery', '', 'placed', NULL, '1970-01-01 05:30:00', 0, NULL, '50.00', '', NULL, '2020-05-23 15:47:27', NULL, NULL),
(167, NULL, 205, 1, 83, 0, '54.00', '54.00', NULL, NULL, '0.00', '', '0.00', '', 'Delivery', '', 'placed', NULL, '2020-05-23 00:00:00', 0, NULL, '50.00', '', NULL, '2020-05-23 15:55:47', NULL, NULL),
(168, NULL, 220, 46, 0, NULL, '12.00', '12.00', NULL, NULL, NULL, NULL, NULL, NULL, 'PickUp', 'cod', 'placed', NULL, '2020-05-23 16:04:59', 0, NULL, '0.00', '', NULL, '2020-05-23 16:04:59', NULL, NULL),
(169, NULL, 248, 41, 0, NULL, '50.00', '50.00', NULL, NULL, NULL, NULL, NULL, NULL, 'PickUp', 'cod', 'delivered', '2020-05-23 19:02:49', '2020-05-23 18:56:03', 1, NULL, '0.00', '', NULL, '2020-05-23 18:56:03', NULL, NULL),
(170, NULL, 248, 27, 0, NULL, '180.85', '180.85', NULL, NULL, NULL, NULL, NULL, NULL, 'PickUp', 'cod', 'placed', NULL, '2020-05-25 18:44:38', 0, NULL, '0.00', '', NULL, '2020-05-25 18:44:38', NULL, NULL),
(171, NULL, 185, 34, 75, NULL, '200.00', '200.00', NULL, NULL, NULL, NULL, NULL, NULL, 'PickUp', 'cod', 'delivered', '2020-05-25 21:25:17', '2020-05-25 20:59:18', 1, NULL, '0.00', '', NULL, '2020-05-25 20:59:18', NULL, NULL),
(172, NULL, 185, 35, 75, NULL, '350.00', '350.00', NULL, NULL, NULL, NULL, NULL, NULL, 'PickUp', 'cod', 'placed', '2020-05-25 21:25:04', '2020-05-25 21:21:53', 1, NULL, '0.00', '', NULL, '2020-05-25 21:21:53', NULL, NULL),
(173, NULL, 185, 1, 75, NULL, '67.00', '45.00', NULL, NULL, NULL, NULL, NULL, NULL, 'Delivery', 'cod', 'placed', NULL, '2020-05-25 22:22:52', 0, NULL, '22.00', '', NULL, '2020-05-25 22:22:52', NULL, NULL),
(174, NULL, 205, 27, 83, 21, '48.85', '80.85', NULL, NULL, '32.00', '40%OFF', '40.00', 'Percentage', 'PickUp', 'cod', 'placed', '2020-05-26 16:11:42', '2020-05-26 15:04:16', 1, NULL, '0.00', 'Wow, great coupon applied. thank you', NULL, '2020-05-26 15:04:16', NULL, NULL),
(175, NULL, 242, 27, 0, 18, '61.70', '161.70', NULL, NULL, '100.00', '30%OFF', '100.00', 'Amount', 'PickUp', 'cod', 'onGoing', '2020-05-26 15:10:50', '2020-05-26 15:09:59', 1, NULL, '0.00', 'ygoug', NULL, '2020-05-26 15:09:59', NULL, NULL),
(176, NULL, 207, 27, 90, NULL, '180.85', '180.85', NULL, NULL, NULL, NULL, NULL, NULL, 'PickUp', 'cod', 'delivered', '2020-06-03 14:45:50', '2020-05-26 16:08:53', 1, NULL, '0.00', '', NULL, '2020-05-26 16:08:53', NULL, NULL),
(177, NULL, 242, 27, 0, 21, '108.51', '180.85', NULL, NULL, '72.34', '40%OFF', '40.00', 'Percentage', 'PickUp', 'cod', 'placed', NULL, '2020-05-26 16:22:00', 0, NULL, '0.00', '', NULL, '2020-05-26 16:22:00', NULL, NULL),
(178, NULL, 207, 27, 80, NULL, '120.00', '100.00', NULL, NULL, NULL, NULL, NULL, NULL, 'Delivery', 'cod', 'delivered', '2020-06-03 14:45:27', '2020-05-28 10:52:21', 1, NULL, '20.00', '', NULL, '2020-05-28 10:52:21', NULL, NULL),
(179, NULL, 248, 27, 0, NULL, '320.00', '100.00', NULL, NULL, NULL, NULL, NULL, NULL, 'Delivery', 'cod', 'placed', NULL, '2020-05-29 12:06:43', 0, NULL, '20.00', '', NULL, '2020-05-29 12:06:43', NULL, NULL),
(180, NULL, 248, 27, 111, 23, '1.00', '442.55', NULL, NULL, '99.00', 'COMBO@199', '99.00', 'Amount', 'PickUp', 'cod', 'placed', NULL, '2020-06-01 11:20:12', 0, NULL, '0.00', '', NULL, '2020-06-01 11:20:12', NULL, NULL),
(181, NULL, 207, 27, 90, 21, '60.00', '100.00', NULL, NULL, '40.00', '40%OFF', '40.00', 'Percentage', 'PickUp', 'cod', 'delivered', '2020-06-03 14:45:05', '2020-06-01 14:58:52', 1, NULL, '0.00', '', NULL, '2020-06-01 14:58:52', NULL, NULL),
(182, NULL, 207, 28, 90, NULL, '770.00', '770.00', NULL, NULL, NULL, NULL, NULL, NULL, 'PickUp', 'cod', 'delivered', '2020-06-03 14:42:17', '2020-06-01 17:09:22', 1, NULL, '0.00', '', NULL, '2020-06-01 17:09:22', NULL, NULL),
(183, NULL, 207, 1, 90, NULL, '550.00', '550.00', NULL, NULL, NULL, NULL, NULL, NULL, 'PickUp', 'cod', 'cancel', NULL, '2020-06-01 17:16:14', 0, NULL, '0.00', '', NULL, '2020-06-01 17:16:14', NULL, NULL),
(184, NULL, 248, 27, 111, 21, '60.00', '100.00', NULL, NULL, '40.00', '40%OFF', '40.00', 'Percentage', 'PickUp', 'cod', 'placed', NULL, '2020-06-03 11:55:40', 0, NULL, '0.00', '', NULL, '2020-06-03 11:55:40', NULL, NULL),
(185, NULL, 207, 27, 90, 23, '81.85', '180.85', NULL, NULL, '99.00', 'COMBO@199', '99.00', 'Amount', 'PickUp', 'cod', 'delivered', '2020-06-03 14:41:45', '2020-06-03 13:24:58', 1, NULL, '0.00', '', NULL, '2020-06-03 13:24:58', NULL, NULL),
(186, NULL, 207, 34, 90, NULL, '235.00', '235.00', NULL, NULL, NULL, NULL, NULL, NULL, 'PickUp', 'cod', 'cancel', '2020-06-03 15:49:35', '2020-06-03 15:03:45', 1, NULL, '0.00', '', NULL, '2020-06-03 15:03:45', NULL, NULL),
(187, NULL, 248, 27, 111, NULL, '100.00', '100.00', NULL, NULL, NULL, NULL, NULL, NULL, 'PickUp', 'cod', 'placed', NULL, '2020-06-03 15:24:46', 0, NULL, '0.00', '', NULL, '2020-06-03 15:24:46', NULL, NULL),
(188, NULL, 207, 38, 90, NULL, '40.00', '40.00', NULL, NULL, NULL, NULL, NULL, NULL, 'PickUp', 'cod', 'placed', '2020-06-03 19:02:09', '2020-06-03 19:01:36', 1, NULL, '0.00', '', NULL, '2020-06-03 19:01:36', NULL, NULL),
(189, NULL, 207, 34, 80, NULL, '200.00', '200.00', NULL, NULL, NULL, NULL, NULL, NULL, 'PickUp', 'cod', 'placed', NULL, '2020-06-04 10:33:02', 0, NULL, '0.00', '', NULL, '2020-06-04 10:33:02', NULL, NULL),
(190, NULL, 207, 27, 80, NULL, '100.00', '100.00', NULL, NULL, NULL, NULL, NULL, NULL, 'PickUp', 'cod', 'placed', NULL, '2020-06-04 10:35:45', 0, NULL, '0.00', '', NULL, '2020-06-04 10:35:45', NULL, NULL),
(191, NULL, 207, 27, 80, NULL, '100.00', '100.00', NULL, NULL, NULL, NULL, NULL, NULL, 'PickUp', 'cod', 'placed', NULL, '2020-06-04 10:36:42', 0, NULL, '0.00', '', NULL, '2020-06-04 10:36:42', NULL, NULL),
(192, NULL, 207, 27, 80, NULL, '100.00', '100.00', NULL, NULL, NULL, NULL, NULL, NULL, 'PickUp', 'cod', 'placed', NULL, '2020-06-04 10:37:09', 0, NULL, '0.00', '', NULL, '2020-06-04 10:37:09', NULL, NULL),
(193, NULL, 207, 27, 80, NULL, '100.00', '100.00', NULL, NULL, NULL, NULL, NULL, NULL, 'PickUp', 'cod', 'placed', NULL, '2020-06-04 10:37:38', 0, NULL, '0.00', '', NULL, '2020-06-04 10:37:38', NULL, NULL),
(194, NULL, 207, 27, 80, NULL, '100.00', '100.00', NULL, NULL, NULL, NULL, NULL, NULL, 'PickUp', 'cod', 'placed', NULL, '2020-06-04 10:38:32', 0, NULL, '0.00', '', NULL, '2020-06-04 10:38:32', NULL, NULL),
(195, NULL, 207, 27, 80, NULL, '100.00', '100.00', NULL, NULL, NULL, NULL, NULL, NULL, 'PickUp', 'cod', 'placed', NULL, '2020-06-04 10:39:59', 0, NULL, '0.00', '', NULL, '2020-06-04 10:39:59', NULL, NULL),
(196, NULL, 207, 27, 80, NULL, '100.00', '100.00', NULL, NULL, NULL, NULL, NULL, NULL, 'PickUp', 'cod', 'placed', NULL, '2020-06-04 10:40:34', 0, NULL, '0.00', '', NULL, '2020-06-04 10:40:34', NULL, NULL),
(197, NULL, 207, 27, 80, NULL, '100.00', '100.00', NULL, NULL, NULL, NULL, NULL, NULL, 'PickUp', 'cod', 'placed', NULL, '2020-06-04 10:43:08', 0, NULL, '0.00', '', NULL, '2020-06-04 10:43:08', NULL, NULL),
(198, NULL, 207, 27, 80, 21, '60.00', '100.00', NULL, NULL, '40.00', '40%OFF', '40.00', 'Percentage', 'PickUp', 'cod', 'placed', NULL, '2020-06-04 14:18:12', 0, NULL, '0.00', '', NULL, '2020-06-04 14:18:12', NULL, NULL),
(199, NULL, 248, 46, 111, NULL, '12.00', '12.00', NULL, NULL, NULL, NULL, NULL, NULL, 'PickUp', 'cod', 'placed', NULL, '2020-06-04 18:25:54', 0, NULL, '0.00', '', NULL, '2020-06-04 18:25:54', NULL, NULL),
(200, NULL, 248, 46, 111, NULL, '84.00', '12.00', NULL, NULL, NULL, NULL, NULL, NULL, 'PickUp', 'cod', 'cancel', NULL, '2020-06-04 18:34:59', 0, NULL, '0.00', '', NULL, '2020-06-04 18:34:59', NULL, NULL),
(201, NULL, 253, 1, 113, 0, '137.00', '115.00', NULL, NULL, '0.00', '', '0.00', '', 'Delivery', '', 'placed', '2020-06-08 11:48:33', '2020-06-06 13:30:00', 1, NULL, '22.00', '', NULL, '2020-06-06 13:30:04', NULL, NULL),
(202, NULL, 260, 1, 0, NULL, '1322.00', '1300.00', NULL, NULL, NULL, NULL, NULL, NULL, 'Delivery', 'cod', 'placed', NULL, '2020-06-10 20:34:53', 0, NULL, '22.00', '', NULL, '2020-06-10 20:34:53', NULL, NULL),
(203, NULL, 187, 1, 56, 0, '45.00', '45.00', NULL, NULL, '0.00', '', '0.00', '', 'PickUp', '', 'delivered', '2020-06-11 17:13:05', '2020-06-11 17:05:00', 1, NULL, '0.00', '', NULL, '2020-06-11 17:05:50', NULL, NULL),
(204, NULL, 243, 27, 104, NULL, '200.85', '180.85', NULL, NULL, NULL, NULL, NULL, NULL, 'Delivery', 'cod', 'placed', NULL, '2020-06-12 11:19:01', 0, NULL, '20.00', 'ihk', NULL, '2020-06-12 11:19:01', NULL, NULL),
(205, NULL, 243, 27, 104, 21, '108.51', '180.85', NULL, NULL, '72.34', '40%OFF', '40.00', 'Percentage', 'PickUp', 'cod', 'onGoing', '2020-06-16 22:52:10', '2020-06-12 11:20:31', 1, NULL, '0.00', '', NULL, '2020-06-12 11:20:31', NULL, NULL),
(206, NULL, 243, 1, 106, 23, '1396.00', '1473.00', NULL, NULL, '99.00', 'COMBO@199', '99.00', 'Amount', 'Delivery', '', 'preparing', '2020-06-12 16:04:02', '2020-06-12 15:33:00', 1, NULL, '22.00', 'Test', NULL, '2020-06-12 15:33:31', NULL, NULL),
(207, NULL, 187, 49, 115, 0, '599.00', '599.00', NULL, NULL, '0.00', '', '0.00', '', 'PickUp', '', 'delivered', '2020-06-12 19:21:48', '2020-06-12 19:04:00', 1, NULL, '0.00', '', NULL, '2020-06-12 19:04:52', NULL, NULL),
(208, NULL, 243, 27, 104, NULL, '420.00', '400.00', NULL, NULL, NULL, NULL, NULL, NULL, 'Delivery', 'cod', 'placed', NULL, '2020-06-15 11:30:47', 0, NULL, '20.00', '', NULL, '2020-06-15 11:30:47', NULL, NULL),
(209, NULL, 243, 27, 104, 21, '145.53', '242.55', NULL, NULL, '97.02', '40%OFF', '40.00', 'Percentage', 'PickUp', 'cod', 'preparing', '2020-06-16 14:43:50', '2020-06-15 19:05:59', 1, NULL, '0.00', '', NULL, '2020-06-15 19:05:59', NULL, NULL),
(210, NULL, 248, 41, 111, NULL, '20.00', '10.00', NULL, NULL, NULL, NULL, NULL, NULL, 'PickUp', 'cod', 'cancel', NULL, '2020-06-18 17:12:55', 0, NULL, '0.00', '', NULL, '2020-06-18 17:12:55', NULL, NULL),
(211, NULL, 248, 1, 111, NULL, '550.00', '550.00', NULL, NULL, NULL, NULL, NULL, NULL, 'PickUp', 'cod', 'delivered', '2020-06-18 18:42:09', '2020-06-18 18:41:10', 1, NULL, '0.00', '', NULL, '2020-06-18 18:41:10', NULL, NULL),
(212, NULL, 220, 27, 0, 23, '1.00', '100.00', NULL, NULL, '99.00', 'COMBO@199', '99.00', 'Amount', 'PickUp', 'cod', 'placed', '2020-06-18 18:49:13', '2020-06-18 18:47:58', 1, NULL, '0.00', '', NULL, '2020-06-18 18:47:58', NULL, NULL),
(213, NULL, 268, 1, 0, 21, '330.00', '550.00', NULL, NULL, '220.00', '40%OFF', '40.00', 'Percentage', 'PickUp', 'cod', 'delivered', '2020-06-18 19:02:59', '2020-06-18 19:02:00', 1, NULL, '0.00', '', NULL, '2020-06-18 19:02:00', NULL, NULL),
(214, NULL, 268, 1, 0, 21, '330.00', '550.00', NULL, NULL, '220.00', '40%OFF', '40.00', 'Percentage', 'PickUp', 'cod', 'delivered', '2020-06-18 19:27:02', '2020-06-18 19:25:51', 1, NULL, '0.00', '', NULL, '2020-06-18 19:25:51', NULL, NULL),
(215, NULL, 268, 27, 0, NULL, '100.00', '100.00', NULL, NULL, NULL, NULL, NULL, NULL, 'PickUp', 'cod', 'delivered', '2020-06-18 20:20:42', '2020-06-18 19:54:22', 1, NULL, '0.00', '', NULL, '2020-06-18 19:54:22', NULL, NULL),
(216, NULL, 268, 28, 0, NULL, '210.00', '210.00', NULL, NULL, NULL, NULL, NULL, NULL, 'PickUp', 'cod', 'delivered', '2020-06-18 20:20:08', '2020-06-18 19:54:58', 1, NULL, '0.00', '', NULL, '2020-06-18 19:54:58', NULL, NULL),
(217, NULL, 268, 1, 0, NULL, '200.00', '200.00', NULL, NULL, NULL, NULL, NULL, NULL, 'PickUp', 'cod', 'delivered', '2020-06-18 20:20:04', '2020-06-18 19:55:59', 1, NULL, '0.00', '', NULL, '2020-06-18 19:55:59', NULL, NULL),
(218, NULL, 268, 1, 0, NULL, '35.00', '35.00', NULL, NULL, NULL, NULL, NULL, NULL, 'PickUp', 'cod', 'delivered', '2020-06-18 20:20:00', '2020-06-18 19:56:19', 1, NULL, '0.00', '', NULL, '2020-06-18 19:56:19', NULL, NULL),
(219, NULL, 268, 1, 0, NULL, '550.00', '550.00', NULL, NULL, NULL, NULL, NULL, NULL, 'PickUp', 'cod', 'delivered', '2020-06-18 20:19:57', '2020-06-18 19:56:38', 1, NULL, '0.00', '', NULL, '2020-06-18 19:56:38', NULL, NULL),
(220, NULL, 268, 1, 0, NULL, '550.00', '550.00', NULL, NULL, NULL, NULL, NULL, NULL, 'PickUp', 'cod', 'delivered', '2020-06-18 20:19:47', '2020-06-18 19:56:59', 1, NULL, '0.00', '', NULL, '2020-06-18 19:56:59', NULL, NULL),
(221, NULL, 268, 1, 0, NULL, '550.00', '550.00', NULL, NULL, NULL, NULL, NULL, NULL, 'PickUp', 'cod', 'delivered', '2020-06-18 20:19:30', '2020-06-18 19:57:17', 1, NULL, '0.00', '', NULL, '2020-06-18 19:57:17', NULL, NULL),
(222, NULL, 268, 1, 0, NULL, '200.00', '200.00', NULL, NULL, NULL, NULL, NULL, NULL, 'PickUp', 'cod', 'delivered', '2020-06-18 20:19:27', '2020-06-18 19:57:35', 1, NULL, '0.00', '', NULL, '2020-06-18 19:57:35', NULL, NULL),
(223, NULL, 268, 1, 0, 21, '330.00', '550.00', NULL, NULL, '220.00', '40%OFF', '40.00', 'Percentage', 'PickUp', 'cod', 'delivered', '2020-06-18 20:19:17', '2020-06-18 20:18:02', 1, NULL, '0.00', '', NULL, '2020-06-18 20:18:02', NULL, NULL);

-- --------------------------------------------------------

--
-- Table structure for table `order_notification`
--

CREATE TABLE `order_notification` (
  `notification_id` int(11) NOT NULL,
  `last_order_id` int(11) NOT NULL,
  `admin_id` int(11) DEFAULT NULL,
  `order_count` int(11) NOT NULL,
  `view_status` tinyint(4) NOT NULL,
  `date` date DEFAULT NULL
) ENGINE=InnoDB DEFAULT CHARSET=latin1;

--
-- Dumping data for table `order_notification`
--

INSERT INTO `order_notification` (`notification_id`, `last_order_id`, `admin_id`, `order_count`, `view_status`, `date`) VALUES
(1, 223, 1, 11, 0, '2020-06-18'),
(2, 175, NULL, 2, 0, '2020-05-26');

-- --------------------------------------------------------

--
-- Table structure for table `order_status`
--

CREATE TABLE `order_status` (
  `status_id` int(11) NOT NULL,
  `order_id` int(11) NOT NULL,
  `order_status` enum('placed','preparing','delivered','onGoing','cancel','complete','accepted_by_restaurant') DEFAULT NULL,
  `time` datetime DEFAULT NULL,
  `status_created_by` varchar(255) DEFAULT NULL
) ENGINE=InnoDB DEFAULT CHARSET=latin1;

--
-- Dumping data for table `order_status`
--

INSERT INTO `order_status` (`status_id`, `order_id`, `order_status`, `time`, `status_created_by`) VALUES
(1, 1, 'delivered', '2020-01-01 14:00:37', 'Admin'),
(2, 8, 'preparing', '2020-01-02 05:38:33', 'Driver'),
(3, 8, 'onGoing', '2020-01-02 05:38:55', 'Admin'),
(4, 8, 'delivered', '2020-01-02 05:39:20', 'Driver'),
(5, 8, 'delivered', '2020-01-02 05:39:39', 'Admin'),
(6, 9, 'preparing', '2020-01-02 05:40:39', 'Driver'),
(7, 9, 'delivered', '2020-01-02 05:41:27', 'Driver'),
(8, 23, 'preparing', '2020-01-02 05:38:33', 'Driver'),
(9, 23, 'onGoing', '2020-01-02 05:38:55', 'Admin'),
(10, 24, 'preparing', '2020-01-29 10:10:25', 'Admin'),
(11, 24, 'onGoing', '2020-01-29 10:15:27', 'Admin'),
(12, 24, 'delivered', '2020-01-29 10:15:53', 'Admin'),
(13, 24, 'complete', '2020-01-29 10:25:18', 'Admin'),
(14, 23, 'delivered', '2020-01-29 10:27:23', 'Admin'),
(15, 23, 'complete', '2020-01-29 10:27:27', 'Admin'),
(16, 22, 'delivered', '2020-01-29 10:27:35', 'Admin'),
(17, 22, 'complete', '2020-01-29 10:34:07', 'Admin'),
(18, 23, 'delivered', '2020-01-29 10:38:08', 'Admin'),
(19, 24, 'preparing', '2020-01-29 10:38:25', 'Admin'),
(20, 24, 'delivered', '2020-01-29 10:38:32', 'Admin'),
(21, 23, 'complete', '2020-01-29 10:38:54', 'Admin'),
(22, 24, 'complete', '2020-01-29 10:56:12', 'Admin'),
(34, 69, 'accepted_by_restaurant', '2020-04-09 14:27:56', 'Admin'),
(35, 69, 'delivered', '2020-04-09 14:28:23', 'Admin'),
(41, 73, 'accepted_by_restaurant', '2020-04-10 18:40:36', 'Admin'),
(42, 24, 'onGoing', '2020-04-10 18:54:19', 'Admin'),
(45, 83, 'accepted_by_restaurant', '2020-04-20 12:27:22', 'Admin'),
(73, 124, 'accepted_by_restaurant', '2020-05-13 10:16:07', 'Admin'),
(74, 124, 'preparing', '2020-05-13 10:16:54', 'Admin'),
(75, 124, 'onGoing', '2020-05-13 10:17:11', 'Admin'),
(76, 124, 'delivered', '2020-05-13 10:17:26', 'Admin'),
(77, 133, 'preparing', '2020-05-13 18:47:57', 'Admin'),
(78, 132, 'accepted_by_restaurant', '2020-05-14 12:26:12', 'Admin'),
(79, 132, 'delivered', '2020-05-14 12:26:20', 'Admin'),
(80, 134, 'accepted_by_restaurant', '2020-05-14 13:10:14', 'Admin'),
(81, 134, 'delivered', '2020-05-14 13:10:23', 'Admin'),
(82, 135, 'accepted_by_restaurant', '2020-05-14 14:19:31', 'Admin'),
(83, 135, 'cancel', '2020-05-14 14:24:10', 'Admin'),
(84, 137, 'accepted_by_restaurant', '2020-05-14 16:48:54', 'Admin'),
(85, 137, 'preparing', '2020-05-14 16:49:18', 'Admin'),
(86, 137, 'onGoing', '2020-05-14 16:49:29', 'Admin'),
(87, 137, 'delivered', '2020-05-14 16:49:57', 'Admin'),
(88, 138, 'accepted_by_restaurant', '2020-05-14 17:17:31', 'Admin'),
(89, 138, 'preparing', '2020-05-14 17:18:48', 'Admin'),
(90, 138, 'onGoing', '2020-05-14 17:19:23', 'Admin'),
(91, 138, 'delivered', '2020-05-14 17:21:23', 'Admin'),
(92, 141, 'accepted_by_restaurant', '2020-05-19 12:30:59', 'Admin'),
(93, 143, 'accepted_by_restaurant', '2020-05-19 15:00:44', 'Admin'),
(94, 147, 'accepted_by_restaurant', '2020-05-20 15:21:52', 'Admin'),
(95, 146, 'accepted_by_restaurant', '2020-05-20 15:26:41', 'Admin'),
(96, 146, 'preparing', '2020-05-20 15:29:31', 'Driver'),
(97, 146, 'preparing', '2020-05-20 15:29:35', 'Driver'),
(98, 146, 'cancel', '2020-05-20 15:40:08', 'Driver'),
(99, 153, 'accepted_by_restaurant', '2020-05-21 10:36:18', 'Admin'),
(100, 153, 'delivered', '2020-05-21 10:36:28', 'Admin'),
(101, 152, 'accepted_by_restaurant', '2020-05-21 10:55:55', 'Admin'),
(102, 152, 'delivered', '2020-05-21 10:56:02', 'Admin'),
(103, 122, 'accepted_by_restaurant', '2020-05-21 16:01:11', 'Admin'),
(104, 122, 'cancel', '2020-05-21 16:02:00', 'Admin'),
(105, 120, 'accepted_by_restaurant', '2020-05-21 16:02:40', 'Admin'),
(106, 120, 'cancel', '2020-05-21 16:03:06', 'Admin'),
(107, 154, 'accepted_by_restaurant', '2020-05-21 16:03:52', 'Admin'),
(108, 154, 'preparing', '2020-05-21 16:06:06', 'Admin'),
(109, 154, 'onGoing', '2020-05-21 16:06:25', 'Admin'),
(110, 154, 'delivered', '2020-05-21 16:07:02', 'Admin'),
(111, 155, 'accepted_by_restaurant', '2020-05-22 11:03:47', 'Admin'),
(112, 155, 'delivered', '2020-05-22 11:03:55', 'Admin'),
(113, 158, 'accepted_by_restaurant', '2020-05-22 13:24:26', 'Admin'),
(114, 158, 'preparing', '2020-05-22 13:39:30', 'Admin'),
(115, 151, 'accepted_by_restaurant', '2020-05-22 13:39:56', 'Admin'),
(116, 151, 'preparing', '2020-05-22 13:40:04', 'Admin'),
(117, 159, 'accepted_by_restaurant', '2020-05-22 16:06:10', 'Admin'),
(118, 159, 'cancel', '2020-05-22 16:07:29', 'Admin'),
(119, 163, 'accepted_by_restaurant', '2020-05-22 18:16:28', 'Admin'),
(120, 163, 'delivered', '2020-05-22 18:16:38', 'Admin'),
(121, 165, 'accepted_by_restaurant', '2020-05-23 15:06:00', 'Admin'),
(122, 165, 'preparing', '2020-05-23 15:07:38', 'Admin'),
(123, 169, 'accepted_by_restaurant', '2020-05-23 19:02:50', 'Admin'),
(124, 169, 'delivered', '2020-05-23 19:03:02', 'Admin'),
(125, 172, 'accepted_by_restaurant', '2020-05-25 21:25:04', 'Admin'),
(126, 171, 'accepted_by_restaurant', '2020-05-25 21:25:17', 'Admin'),
(127, 171, 'preparing', '2020-05-25 21:25:50', 'Admin'),
(128, 171, 'delivered', '2020-05-25 21:26:38', 'Admin'),
(129, 164, 'cancel', '2020-05-26 10:06:20', 'Admin'),
(130, 175, 'accepted_by_restaurant', '2020-05-26 15:10:50', 'Admin'),
(131, 175, 'onGoing', '2020-05-26 15:10:58', 'Admin'),
(132, 174, 'accepted_by_restaurant', '2020-05-26 16:11:42', 'Admin'),
(133, 183, 'cancel', '2020-06-02 19:00:17', 'Admin'),
(134, 185, 'accepted_by_restaurant', '2020-06-03 14:41:45', 'Admin'),
(135, 185, 'delivered', '2020-06-03 14:42:05', 'Admin'),
(136, 182, 'accepted_by_restaurant', '2020-06-03 14:42:17', 'Admin'),
(137, 182, 'delivered', '2020-06-03 14:44:56', 'Admin'),
(138, 181, 'accepted_by_restaurant', '2020-06-03 14:45:06', 'Admin'),
(139, 181, 'delivered', '2020-06-03 14:45:18', 'Admin'),
(140, 181, 'delivered', '2020-06-03 14:45:19', 'Admin'),
(141, 178, 'accepted_by_restaurant', '2020-06-03 14:45:28', 'Admin'),
(142, 178, 'delivered', '2020-06-03 14:45:42', 'Admin'),
(143, 176, 'accepted_by_restaurant', '2020-06-03 14:45:51', 'Admin'),
(144, 176, 'delivered', '2020-06-03 14:46:05', 'Admin'),
(145, 186, 'accepted_by_restaurant', '2020-06-03 15:49:37', 'Admin'),
(146, 186, 'cancel', '2020-06-03 15:49:53', 'Admin'),
(147, 188, 'accepted_by_restaurant', '2020-06-03 19:02:05', 'Admin'),
(148, 188, 'accepted_by_restaurant', '2020-06-03 19:02:09', 'Admin'),
(149, 200, 'cancel', '2020-06-04 18:51:09', 'Admin'),
(150, 201, 'accepted_by_restaurant', '2020-06-08 11:48:34', 'Admin'),
(151, 203, 'accepted_by_restaurant', '2020-06-11 17:13:05', 'Admin'),
(152, 206, 'accepted_by_restaurant', '2020-06-12 16:04:03', 'Admin'),
(153, 206, 'preparing', '2020-06-12 16:04:49', 'Driver'),
(154, 207, 'accepted_by_restaurant', '2020-06-12 19:21:49', 'Admin'),
(155, 207, 'delivered', '2020-06-12 19:21:58', 'Admin'),
(156, 207, 'delivered', '2020-06-12 19:21:59', 'Admin'),
(157, 203, 'preparing', '2020-06-13 11:48:14', 'Admin'),
(158, 203, 'onGoing', '2020-06-13 11:48:34', 'Admin'),
(159, 203, 'delivered', '2020-06-13 11:50:23', 'Admin'),
(160, 151, 'delivered', '2020-06-13 12:23:13', 'Admin'),
(161, 209, 'accepted_by_restaurant', '2020-06-16 14:43:50', 'Admin'),
(162, 205, 'accepted_by_restaurant', '2020-06-16 22:52:11', 'Admin'),
(163, 205, 'onGoing', '2020-06-16 22:53:07', 'Admin'),
(164, 209, 'preparing', '2020-06-16 22:53:39', 'Admin'),
(165, 210, 'cancel', '2020-06-18 18:35:17', 'Admin'),
(166, 211, 'accepted_by_restaurant', '2020-06-18 18:42:09', 'Admin'),
(167, 211, 'delivered', '2020-06-18 18:42:17', 'Admin'),
(168, 212, 'accepted_by_restaurant', '2020-06-18 18:49:14', 'Admin'),
(169, 213, 'accepted_by_restaurant', '2020-06-18 19:02:59', 'Admin'),
(170, 213, 'onGoing', '2020-06-18 19:03:08', 'Admin'),
(171, 214, 'accepted_by_restaurant', '2020-06-18 19:27:03', 'Admin'),
(172, 223, 'accepted_by_restaurant', '2020-06-18 20:19:17', 'Admin'),
(173, 223, 'delivered', '2020-06-18 20:19:23', 'Admin'),
(174, 222, 'accepted_by_restaurant', '2020-06-18 20:19:27', 'Admin'),
(175, 221, 'accepted_by_restaurant', '2020-06-18 20:19:30', 'Admin'),
(176, 222, 'delivered', '2020-06-18 20:19:35', 'Admin'),
(177, 221, 'delivered', '2020-06-18 20:19:41', 'Admin'),
(178, 220, 'accepted_by_restaurant', '2020-06-18 20:19:47', 'Admin'),
(179, 220, 'delivered', '2020-06-18 20:19:53', 'Admin'),
(180, 219, 'accepted_by_restaurant', '2020-06-18 20:19:57', 'Admin'),
(181, 218, 'accepted_by_restaurant', '2020-06-18 20:20:00', 'Admin'),
(182, 217, 'accepted_by_restaurant', '2020-06-18 20:20:04', 'Admin'),
(183, 216, 'accepted_by_restaurant', '2020-06-18 20:20:08', 'Admin'),
(184, 219, 'delivered', '2020-06-18 20:20:15', 'Admin'),
(185, 218, 'delivered', '2020-06-18 20:20:20', 'Admin'),
(186, 217, 'delivered', '2020-06-18 20:20:29', 'Admin'),
(187, 216, 'delivered', '2020-06-18 20:20:37', 'Admin'),
(188, 215, 'accepted_by_restaurant', '2020-06-18 20:20:42', 'Admin'),
(189, 215, 'delivered', '2020-06-18 20:20:48', 'Admin'),
(190, 214, 'delivered', '2020-06-18 20:20:56', 'Admin'),
(191, 213, 'delivered', '2020-06-18 20:21:17', 'Admin');

-- --------------------------------------------------------

--
-- Table structure for table `restaurant`
--

CREATE TABLE `restaurant` (
  `entity_id` int(11) NOT NULL,
  `branch_entity_id` int(11) DEFAULT 0,
  `currency_id` int(11) NOT NULL,
  `name` varchar(255) CHARACTER SET utf8 NOT NULL,
  `restaurant_slug` varchar(255) NOT NULL,
  `phone_number` varchar(20) CHARACTER SET utf8 DEFAULT NULL,
  `email` varchar(100) CHARACTER SET utf8 DEFAULT NULL,
  `capacity` varchar(100) CHARACTER SET utf8 DEFAULT NULL,
  `no_of_table` varchar(100) CHARACTER SET utf8 DEFAULT NULL,
  `no_of_hall` varchar(100) CHARACTER SET utf8 DEFAULT NULL,
  `hall_capacity` varchar(100) CHARACTER SET utf8 DEFAULT NULL,
  `amount_type` enum('Percentage','Amount') DEFAULT NULL,
  `amount` decimal(20,2) DEFAULT NULL,
  `enable_hours` tinyint(4) NOT NULL,
  `timings` text CHARACTER SET utf8 NOT NULL,
  `image` varchar(255) CHARACTER SET utf8 DEFAULT NULL,
  `is_veg` tinyint(4) DEFAULT NULL,
  `driver_commission` decimal(20,2) DEFAULT NULL,
  `content_id` int(11) DEFAULT NULL,
  `language_slug` varchar(5) DEFAULT NULL,
  `status` tinyint(4) NOT NULL COMMENT '1- active',
  `created_by` int(11) DEFAULT NULL,
  `created_date` timestamp NULL DEFAULT current_timestamp(),
  `updated_by` int(11) DEFAULT NULL,
  `updated_date` datetime DEFAULT NULL
) ENGINE=InnoDB DEFAULT CHARSET=latin1;

--
-- Dumping data for table `restaurant`
--

INSERT INTO `restaurant` (`entity_id`, `branch_entity_id`, `currency_id`, `name`, `restaurant_slug`, `phone_number`, `email`, `capacity`, `no_of_table`, `no_of_hall`, `hall_capacity`, `amount_type`, `amount`, `enable_hours`, `timings`, `image`, `is_veg`, `driver_commission`, `content_id`, `language_slug`, `status`, `created_by`, `created_date`, `updated_by`, `updated_date`) VALUES
(1, 0, 38, 'The Restaur IN', 'restaurant', '9999999994', 'paul@evdpl.com', '34', '20', '', '', NULL, NULL, 1, 'a:7:{s:6:\"monday\";a:3:{s:4:\"open\";s:5:\"17:00\";s:5:\"close\";s:5:\"22:00\";s:3:\"off\";s:1:\"1\";}s:7:\"tuesday\";a:3:{s:4:\"open\";s:5:\"17:00\";s:5:\"close\";s:5:\"22:00\";s:3:\"off\";s:1:\"1\";}s:9:\"wednesday\";a:3:{s:4:\"open\";s:5:\"17:00\";s:5:\"close\";s:5:\"22:00\";s:3:\"off\";s:1:\"1\";}s:8:\"thursday\";a:3:{s:4:\"open\";s:5:\"17:00\";s:5:\"close\";s:5:\"22:00\";s:3:\"off\";s:1:\"1\";}s:6:\"friday\";a:3:{s:4:\"open\";s:5:\"17:00\";s:5:\"close\";s:5:\"22:00\";s:3:\"off\";s:1:\"1\";}s:8:\"saturday\";a:3:{s:4:\"open\";s:5:\"17:00\";s:5:\"close\";s:5:\"22:00\";s:3:\"off\";s:1:\"1\";}s:6:\"sunday\";a:3:{s:4:\"open\";s:5:\"17:00\";s:5:\"close\";s:5:\"22:00\";s:3:\"off\";s:1:\"1\";}}', NULL, NULL, NULL, 126, 'en', 1, 1, '2019-12-02 12:56:59', 1, '2020-05-21 11:14:51'),
(27, 0, 231, 'Doner & Gyros', 'doner-gyros', '7878787878', 'doner12@yopmail.com', '23', '11', '', '', NULL, NULL, 1, 'a:7:{s:6:\"monday\";a:3:{s:4:\"open\";s:5:\"00:05\";s:5:\"close\";s:5:\"23:55\";s:3:\"off\";s:1:\"1\";}s:7:\"tuesday\";a:3:{s:4:\"open\";s:5:\"00:05\";s:5:\"close\";s:5:\"23:55\";s:3:\"off\";s:1:\"1\";}s:9:\"wednesday\";a:3:{s:4:\"open\";s:5:\"00:05\";s:5:\"close\";s:5:\"23:55\";s:3:\"off\";s:1:\"1\";}s:8:\"thursday\";a:3:{s:4:\"open\";s:5:\"00:05\";s:5:\"close\";s:5:\"23:55\";s:3:\"off\";s:1:\"1\";}s:6:\"friday\";a:3:{s:4:\"open\";s:5:\"00:05\";s:5:\"close\";s:5:\"23:55\";s:3:\"off\";s:1:\"1\";}s:8:\"saturday\";a:3:{s:4:\"open\";s:5:\"00:05\";s:5:\"close\";s:5:\"23:55\";s:3:\"off\";s:1:\"1\";}s:6:\"sunday\";a:3:{s:4:\"open\";s:5:\"00:05\";s:5:\"close\";s:5:\"23:55\";s:3:\"off\";s:1:\"1\";}}', NULL, NULL, NULL, 221, 'en', 1, 1, '2020-04-09 19:33:45', 1, '2020-04-10 07:24:32'),
(28, 0, 231, 'Homewoodiee Restaurant', 'homewoodiee-restaurant', '9465665999', 'homewood12@yopmail.com', '12', '12', '', '', NULL, NULL, 1, 'a:7:{s:6:\"monday\";a:3:{s:4:\"open\";s:5:\"00:05\";s:5:\"close\";s:5:\"23:55\";s:3:\"off\";s:1:\"1\";}s:7:\"tuesday\";a:3:{s:4:\"open\";s:5:\"00:05\";s:5:\"close\";s:5:\"23:55\";s:3:\"off\";s:1:\"1\";}s:9:\"wednesday\";a:3:{s:4:\"open\";s:5:\"00:05\";s:5:\"close\";s:5:\"23:55\";s:3:\"off\";s:1:\"1\";}s:8:\"thursday\";a:3:{s:4:\"open\";s:5:\"00:05\";s:5:\"close\";s:5:\"23:55\";s:3:\"off\";s:1:\"1\";}s:6:\"friday\";a:3:{s:4:\"open\";s:5:\"00:05\";s:5:\"close\";s:5:\"23:55\";s:3:\"off\";s:1:\"1\";}s:8:\"saturday\";a:3:{s:4:\"open\";s:5:\"00:05\";s:5:\"close\";s:5:\"23:55\";s:3:\"off\";s:1:\"1\";}s:6:\"sunday\";a:3:{s:4:\"open\";s:5:\"00:05\";s:5:\"close\";s:5:\"23:55\";s:3:\"off\";s:1:\"1\";}}', NULL, NULL, NULL, 222, 'en', 1, 1, '2020-04-09 19:39:01', 1, '2020-05-20 16:10:59'),
(30, 0, 231, 'Veretto Restaurant', 'food-bb', '123567888', 'veretto23@yopmail.com', '20', '10', '', '', NULL, NULL, 1, 'a:7:{s:6:\"monday\";a:3:{s:4:\"open\";s:5:\"09:00\";s:5:\"close\";s:5:\"23:55\";s:3:\"off\";s:1:\"1\";}s:7:\"tuesday\";a:3:{s:4:\"open\";s:5:\"09:00\";s:5:\"close\";s:5:\"23:55\";s:3:\"off\";s:1:\"1\";}s:9:\"wednesday\";a:3:{s:4:\"open\";s:5:\"09:00\";s:5:\"close\";s:5:\"23:55\";s:3:\"off\";s:1:\"1\";}s:8:\"thursday\";a:3:{s:4:\"open\";s:5:\"09:00\";s:5:\"close\";s:5:\"23:55\";s:3:\"off\";s:1:\"1\";}s:6:\"friday\";a:3:{s:4:\"open\";s:5:\"09:00\";s:5:\"close\";s:5:\"23:55\";s:3:\"off\";s:1:\"1\";}s:8:\"saturday\";a:3:{s:4:\"open\";s:5:\"09:00\";s:5:\"close\";s:5:\"23:55\";s:3:\"off\";s:1:\"1\";}s:6:\"sunday\";a:3:{s:4:\"open\";s:5:\"09:00\";s:5:\"close\";s:5:\"23:55\";s:3:\"off\";s:1:\"1\";}}', NULL, NULL, NULL, 212, 'en', 1, 1, '2020-04-12 12:20:36', NULL, NULL),
(31, 0, 231, 'Ballroom Restaurant', 'ballroom-restaurant', '789561233', 'ballroom12@gmail.com', '23', '10', '', '', NULL, NULL, 1, 'a:7:{s:6:\"monday\";a:3:{s:4:\"open\";s:5:\"09:00\";s:5:\"close\";s:5:\"23:55\";s:3:\"off\";s:1:\"1\";}s:7:\"tuesday\";a:3:{s:4:\"open\";s:5:\"09:00\";s:5:\"close\";s:5:\"23:55\";s:3:\"off\";s:1:\"1\";}s:9:\"wednesday\";a:3:{s:4:\"open\";s:5:\"09:00\";s:5:\"close\";s:5:\"23:55\";s:3:\"off\";s:1:\"1\";}s:8:\"thursday\";a:3:{s:4:\"open\";s:5:\"09:00\";s:5:\"close\";s:5:\"23:55\";s:3:\"off\";s:1:\"1\";}s:6:\"friday\";a:3:{s:4:\"open\";s:5:\"09:00\";s:5:\"close\";s:5:\"23:55\";s:3:\"off\";s:1:\"1\";}s:8:\"saturday\";a:3:{s:4:\"open\";s:5:\"09:00\";s:5:\"close\";s:5:\"23:55\";s:3:\"off\";s:1:\"1\";}s:6:\"sunday\";a:3:{s:4:\"open\";s:5:\"09:00\";s:5:\"close\";s:5:\"23:55\";s:3:\"off\";s:1:\"1\";}}', NULL, NULL, NULL, 229, 'en', 1, 1, '2020-04-12 12:30:00', 1, '2020-04-13 07:11:45'),
(34, 0, 101, 'Pizza hut', 'pizza', '4634775', 'pizzahut@gmail.com', '35', '7', '', '', NULL, NULL, 1, 'a:7:{s:6:\"monday\";a:3:{s:4:\"open\";s:5:\"09:00\";s:5:\"close\";s:5:\"22:00\";s:3:\"off\";s:1:\"1\";}s:7:\"tuesday\";a:3:{s:4:\"open\";s:5:\"09:00\";s:5:\"close\";s:5:\"22:00\";s:3:\"off\";s:1:\"1\";}s:9:\"wednesday\";a:3:{s:4:\"open\";s:5:\"09:00\";s:5:\"close\";s:5:\"22:00\";s:3:\"off\";s:1:\"1\";}s:8:\"thursday\";a:3:{s:4:\"open\";s:5:\"00:00\";s:5:\"close\";s:5:\"22:00\";s:3:\"off\";s:1:\"1\";}s:6:\"friday\";a:3:{s:4:\"open\";s:5:\"09:00\";s:5:\"close\";s:5:\"22:00\";s:3:\"off\";s:1:\"1\";}s:8:\"saturday\";a:3:{s:4:\"open\";s:5:\"09:00\";s:5:\"close\";s:5:\"22:00\";s:3:\"off\";s:1:\"1\";}s:6:\"sunday\";a:3:{s:4:\"open\";s:5:\"09:00\";s:5:\"close\";s:5:\"22:00\";s:3:\"off\";s:1:\"1\";}}', NULL, NULL, NULL, 235, 'en', 1, 1, '2020-04-13 07:25:12', 1, '2020-04-21 12:53:03'),
(35, 34, 231, 'Pizza Palace', 'pizza-palace', '6879722', 'pizzapalace@gmail.com', '14', '7', '', '', 'Amount', '10.00', 1, 'a:7:{s:6:\"monday\";a:3:{s:4:\"open\";s:8:\"12:00 AM\";s:5:\"close\";s:8:\"11:55 PM\";s:3:\"off\";s:1:\"1\";}s:7:\"tuesday\";a:3:{s:4:\"open\";s:8:\"12:00 AM\";s:5:\"close\";s:8:\"11:55 PM\";s:3:\"off\";s:1:\"1\";}s:9:\"wednesday\";a:3:{s:4:\"open\";s:8:\"12:00 AM\";s:5:\"close\";s:8:\"11:55 PM\";s:3:\"off\";s:1:\"1\";}s:8:\"thursday\";a:3:{s:4:\"open\";s:8:\"12:00 AM\";s:5:\"close\";s:8:\"11:55 PM\";s:3:\"off\";s:1:\"1\";}s:6:\"friday\";a:3:{s:4:\"open\";s:8:\"12:00 AM\";s:5:\"close\";s:8:\"11:55 PM\";s:3:\"off\";s:1:\"1\";}s:8:\"saturday\";a:3:{s:4:\"open\";s:8:\"12:00 AM\";s:5:\"close\";s:8:\"11:55 PM\";s:3:\"off\";s:1:\"1\";}s:6:\"sunday\";a:3:{s:4:\"open\";s:8:\"12:00 AM\";s:5:\"close\";s:8:\"11:55 PM\";s:3:\"off\";s:1:\"1\";}}', NULL, NULL, NULL, 240, 'en', 1, 1, '2020-04-20 06:48:44', NULL, NULL),
(38, 0, 231, 'Dominos', 'dominos', '43687894', 'dominos@gmail.com', '20', '5', '', '', NULL, NULL, 1, 'a:7:{s:6:\"monday\";a:3:{s:4:\"open\";s:5:\"10:00\";s:5:\"close\";s:5:\"23:55\";s:3:\"off\";s:1:\"1\";}s:7:\"tuesday\";a:3:{s:4:\"open\";s:5:\"10:00\";s:5:\"close\";s:5:\"23:55\";s:3:\"off\";s:1:\"1\";}s:9:\"wednesday\";a:3:{s:4:\"open\";s:5:\"10:00\";s:5:\"close\";s:5:\"23:55\";s:3:\"off\";s:1:\"1\";}s:8:\"thursday\";a:3:{s:4:\"open\";s:5:\"10:00\";s:5:\"close\";s:5:\"23:55\";s:3:\"off\";s:1:\"1\";}s:6:\"friday\";a:3:{s:4:\"open\";s:5:\"10:00\";s:5:\"close\";s:5:\"23:55\";s:3:\"off\";s:1:\"1\";}s:8:\"saturday\";a:3:{s:4:\"open\";s:5:\"10:00\";s:5:\"close\";s:5:\"23:55\";s:3:\"off\";s:1:\"1\";}s:6:\"sunday\";a:3:{s:4:\"open\";s:5:\"10:00\";s:5:\"close\";s:5:\"23:55\";s:3:\"off\";s:1:\"1\";}}', NULL, NULL, NULL, 244, 'en', 1, 1, '2020-04-20 10:19:28', 1, '2020-05-19 16:38:13'),
(41, 0, 230, 'Pizza World', 'pizza-world', '338299832', 'pizzaworld@gmail.com', '30', '10', '', '', NULL, NULL, 1, 'a:7:{s:6:\"monday\";a:3:{s:4:\"open\";s:5:\"10:00\";s:5:\"close\";s:5:\"23:55\";s:3:\"off\";s:1:\"1\";}s:7:\"tuesday\";a:3:{s:4:\"open\";s:5:\"10:00\";s:5:\"close\";s:5:\"23:55\";s:3:\"off\";s:1:\"1\";}s:9:\"wednesday\";a:3:{s:4:\"open\";s:5:\"10:00\";s:5:\"close\";s:5:\"23:55\";s:3:\"off\";s:1:\"1\";}s:8:\"thursday\";a:3:{s:4:\"open\";s:5:\"10:00\";s:5:\"close\";s:5:\"23:55\";s:3:\"off\";s:1:\"1\";}s:6:\"friday\";a:3:{s:4:\"open\";s:5:\"10:00\";s:5:\"close\";s:5:\"23:55\";s:3:\"off\";s:1:\"1\";}s:8:\"saturday\";a:3:{s:4:\"open\";s:5:\"10:00\";s:5:\"close\";s:5:\"23:55\";s:3:\"off\";s:1:\"1\";}s:6:\"sunday\";a:3:{s:4:\"open\";s:5:\"10:00\";s:5:\"close\";s:5:\"23:55\";s:3:\"off\";s:1:\"1\";}}', NULL, NULL, NULL, 255, 'en', 1, 1, '2020-04-23 07:29:48', 1, '2020-04-23 16:31:24'),
(44, 0, 231, 'Pizza Court', 'pizza-court', '679879', 'pizzacourt1@gmail.com', '30', '10', '', '', NULL, NULL, 1, 'a:7:{s:6:\"monday\";a:3:{s:4:\"open\";s:5:\"10:00\";s:5:\"close\";s:5:\"23:55\";s:3:\"off\";s:1:\"1\";}s:7:\"tuesday\";a:3:{s:4:\"open\";s:5:\"10:00\";s:5:\"close\";s:5:\"23:55\";s:3:\"off\";s:1:\"1\";}s:9:\"wednesday\";a:3:{s:4:\"open\";s:5:\"10:00\";s:5:\"close\";s:5:\"23:55\";s:3:\"off\";s:1:\"1\";}s:8:\"thursday\";a:3:{s:4:\"open\";s:5:\"10:00\";s:5:\"close\";s:5:\"23:55\";s:3:\"off\";s:1:\"1\";}s:6:\"friday\";a:3:{s:4:\"open\";s:5:\"10:00\";s:5:\"close\";s:5:\"23:55\";s:3:\"off\";s:1:\"1\";}s:8:\"saturday\";a:3:{s:4:\"open\";s:5:\"10:00\";s:5:\"close\";s:5:\"23:55\";s:3:\"off\";s:1:\"1\";}s:6:\"sunday\";a:3:{s:4:\"open\";s:5:\"10:00\";s:5:\"close\";s:5:\"23:55\";s:3:\"off\";s:1:\"1\";}}', NULL, NULL, NULL, 258, 'en', 1, 1, '2020-04-23 10:47:54', 1, '2020-05-20 17:22:39'),
(46, 0, 231, 'Cour de pizza', 'pizza-court', '679879', 'pizzacourt1@gmail.com', '22', '22', '', '', NULL, NULL, 1, 'a:7:{s:6:\"monday\";a:3:{s:4:\"open\";s:5:\"00:05\";s:5:\"close\";s:5:\"23:55\";s:3:\"off\";s:1:\"1\";}s:7:\"tuesday\";a:3:{s:4:\"open\";s:5:\"00:05\";s:5:\"close\";s:5:\"23:55\";s:3:\"off\";s:1:\"1\";}s:9:\"wednesday\";a:3:{s:4:\"open\";s:5:\"00:05\";s:5:\"close\";s:5:\"23:55\";s:3:\"off\";s:1:\"1\";}s:8:\"thursday\";a:3:{s:4:\"open\";s:5:\"00:05\";s:5:\"close\";s:5:\"23:55\";s:3:\"off\";s:1:\"1\";}s:6:\"friday\";a:3:{s:4:\"open\";s:5:\"00:05\";s:5:\"close\";s:5:\"23:55\";s:3:\"off\";s:1:\"1\";}s:8:\"saturday\";a:3:{s:4:\"open\";s:5:\"00:05\";s:5:\"close\";s:5:\"23:55\";s:3:\"off\";s:1:\"1\";}s:6:\"sunday\";a:3:{s:4:\"open\";s:5:\"00:05\";s:5:\"close\";s:5:\"23:55\";s:3:\"off\";s:1:\"1\";}}', NULL, NULL, NULL, 258, 'fr', 1, 1, '2020-05-20 11:51:42', NULL, NULL),
(49, 0, 18, 'Sam\'s Kitchen', 'sam-s-kitchen-1', '01817270456', 'samskitchen@gmail.com', '120', '20', '1', '20', NULL, NULL, 1, 'a:7:{s:6:\"monday\";a:3:{s:4:\"open\";s:5:\"00:05\";s:5:\"close\";s:5:\"23:55\";s:3:\"off\";s:1:\"1\";}s:7:\"tuesday\";a:3:{s:4:\"open\";s:5:\"00:05\";s:5:\"close\";s:5:\"23:55\";s:3:\"off\";s:1:\"1\";}s:9:\"wednesday\";a:3:{s:4:\"open\";s:5:\"00:05\";s:5:\"close\";s:5:\"23:55\";s:3:\"off\";s:1:\"1\";}s:8:\"thursday\";a:3:{s:4:\"open\";s:5:\"00:05\";s:5:\"close\";s:5:\"23:55\";s:3:\"off\";s:1:\"1\";}s:6:\"friday\";a:3:{s:4:\"open\";s:5:\"00:05\";s:5:\"close\";s:5:\"23:55\";s:3:\"off\";s:1:\"1\";}s:8:\"saturday\";a:3:{s:4:\"open\";s:5:\"00:05\";s:5:\"close\";s:5:\"23:55\";s:3:\"off\";s:1:\"1\";}s:6:\"sunday\";a:3:{s:4:\"open\";s:5:\"00:05\";s:5:\"close\";s:5:\"23:55\";s:3:\"off\";s:1:\"1\";}}', NULL, NULL, NULL, 275, 'en', 1, 1, '2020-06-09 04:55:06', 1, '2020-06-16 18:08:09'),
(50, 27, 4, 'ghdj', 'ghdj', '6464564654', 'dj@yopmail.com', '11', '11', '', '', NULL, NULL, 1, 'a:7:{s:6:\"monday\";a:3:{s:4:\"open\";s:8:\"12:20 AM\";s:5:\"close\";s:8:\"11:55 PM\";s:3:\"off\";s:1:\"1\";}s:7:\"tuesday\";a:3:{s:4:\"open\";s:8:\"12:20 AM\";s:5:\"close\";s:8:\"11:55 PM\";s:3:\"off\";s:1:\"1\";}s:9:\"wednesday\";a:3:{s:4:\"open\";s:8:\"12:20 AM\";s:5:\"close\";s:8:\"11:55 PM\";s:3:\"off\";s:1:\"1\";}s:8:\"thursday\";a:3:{s:4:\"open\";s:8:\"12:20 AM\";s:5:\"close\";s:8:\"11:55 PM\";s:3:\"off\";s:1:\"1\";}s:6:\"friday\";a:3:{s:4:\"open\";s:8:\"12:20 AM\";s:5:\"close\";s:8:\"11:55 PM\";s:3:\"off\";s:1:\"1\";}s:8:\"saturday\";a:3:{s:4:\"open\";s:8:\"12:20 AM\";s:5:\"close\";s:8:\"11:55 PM\";s:3:\"off\";s:1:\"1\";}s:6:\"sunday\";a:3:{s:4:\"open\";s:8:\"12:20 AM\";s:5:\"close\";s:8:\"11:55 PM\";s:3:\"off\";s:1:\"1\";}}', NULL, 1, NULL, 279, 'en', 1, 1, '2020-06-11 13:06:11', NULL, NULL),
(51, 0, 101, 'Indian Restaurant', 'indian-restaurant', '60606060', 'satyaranjan.evince@gmail.com', '12', '12', '12', '12', NULL, NULL, 1, 'a:7:{s:6:\"monday\";a:3:{s:4:\"open\";s:5:\"10:00\";s:5:\"close\";s:5:\"22:00\";s:3:\"off\";s:1:\"1\";}s:7:\"tuesday\";a:3:{s:4:\"open\";s:5:\"10:00\";s:5:\"close\";s:5:\"22:00\";s:3:\"off\";s:1:\"1\";}s:9:\"wednesday\";a:3:{s:4:\"open\";s:5:\"10:00\";s:5:\"close\";s:5:\"22:00\";s:3:\"off\";s:1:\"1\";}s:8:\"thursday\";a:3:{s:4:\"open\";s:5:\"10:00\";s:5:\"close\";s:5:\"22:00\";s:3:\"off\";s:1:\"1\";}s:6:\"friday\";a:3:{s:4:\"open\";s:5:\"10:00\";s:5:\"close\";s:5:\"22:00\";s:3:\"off\";s:1:\"1\";}s:8:\"saturday\";a:3:{s:4:\"open\";s:5:\"10:00\";s:5:\"close\";s:5:\"22:00\";s:3:\"off\";s:1:\"1\";}s:6:\"sunday\";a:3:{s:4:\"open\";s:5:\"10:00\";s:5:\"close\";s:5:\"22:00\";s:3:\"off\";s:1:\"1\";}}', NULL, NULL, NULL, 280, 'en', 1, 1, '2020-06-12 12:41:42', 1, '2020-06-12 18:15:54'),
(52, 0, 99, 'Burger King', 'burger-king', '+3620202020', 'contact@burgerking.hu', '50', '12', '', '', NULL, NULL, 1, 'a:7:{s:6:\"monday\";a:3:{s:4:\"open\";s:5:\"08:00\";s:5:\"close\";s:5:\"23:00\";s:3:\"off\";s:1:\"1\";}s:7:\"tuesday\";a:3:{s:4:\"open\";s:5:\"08:00\";s:5:\"close\";s:5:\"23:00\";s:3:\"off\";s:1:\"1\";}s:9:\"wednesday\";a:3:{s:4:\"open\";s:5:\"08:00\";s:5:\"close\";s:5:\"23:00\";s:3:\"off\";s:1:\"1\";}s:8:\"thursday\";a:3:{s:4:\"open\";s:5:\"08:00\";s:5:\"close\";s:5:\"23:00\";s:3:\"off\";s:1:\"1\";}s:6:\"friday\";a:3:{s:4:\"open\";s:5:\"08:00\";s:5:\"close\";s:5:\"23:00\";s:3:\"off\";s:1:\"1\";}s:8:\"saturday\";a:3:{s:4:\"open\";s:5:\"08:00\";s:5:\"close\";s:5:\"23:00\";s:3:\"off\";s:1:\"1\";}s:6:\"sunday\";a:3:{s:4:\"open\";s:5:\"08:00\";s:5:\"close\";s:5:\"23:00\";s:3:\"off\";s:1:\"1\";}}', NULL, NULL, NULL, 282, 'en', 1, 1, '2020-06-16 12:36:50', NULL, NULL);

-- --------------------------------------------------------

--
-- Table structure for table `restaurant_address`
--

CREATE TABLE `restaurant_address` (
  `entity_id` int(11) NOT NULL,
  `resto_entity_id` int(11) NOT NULL,
  `address` text CHARACTER SET utf8 DEFAULT NULL,
  `landmark` text CHARACTER SET utf8 DEFAULT NULL,
  `latitude` varchar(50) CHARACTER SET utf8 DEFAULT NULL,
  `longitude` varchar(50) CHARACTER SET utf8 DEFAULT NULL,
  `zipcode` varchar(10) CHARACTER SET utf8 DEFAULT NULL,
  `country` varchar(50) CHARACTER SET utf8 DEFAULT NULL,
  `state` varchar(50) CHARACTER SET utf8 DEFAULT NULL,
  `city` varchar(50) CHARACTER SET utf8 DEFAULT NULL,
  `content_id` int(11) DEFAULT NULL,
  `language_slug` varchar(5) DEFAULT NULL
) ENGINE=InnoDB DEFAULT CHARSET=latin1;

--
-- Dumping data for table `restaurant_address`
--

INSERT INTO `restaurant_address` (`entity_id`, `resto_entity_id`, `address`, `landmark`, `latitude`, `longitude`, `zipcode`, `country`, `state`, `city`, `content_id`, `language_slug`) VALUES
(1, 1, 'Park Avenue South,5th Floor, New York City, New York, 10016 USA', 'South Corner', '23.0705655', '72.52157609999999', '090909', 'Country', 'State', 'CITY', 126, 'en'),
(27, 27, '72 Street, WVRF+V4 San Tome, Anzoategui, Venezuela', 'Anzoategui', '8.943501703492087', '-64.12680126190185', '123456', 'Anzoategui', 'Anzoategui', 'Anzoategui', 221, 'en'),
(28, 28, 'VRV9+HF San José de Gaauanipa, Anzjfgoategui, Venezuela', 'Gaauanip', '23.056392952426066', '72.5600703491211', '12356', 'Anzjfgoategui', 'Gaauanipa', 'Gaauanipa', 222, 'en'),
(30, 30, '025 SPG Livingston Street, Brooklyn, NY 1183301, United States', 'Brooklyn', '40.679057143012265', '-73.93926555075684', '56555', 'United States', 'New York', 'Brooklyn', 212, 'en'),
(31, 31, '1803 Rhode Island Ave NE, Washington, DC 20018, United States', 'Washington', '38.9278681', '-76.97792', '15562', 'United State\'s', 'Washington', 'Washington', 229, 'en'),
(34, 34, 'Pizza Hut, Fairborn, OH, USA', 'Fairborn Municipal Court', '39.80529', '-84.03116', '567868', 'USA', 'OH', 'OH', 235, 'en'),
(35, 35, 'Pizza Place London, UK', 'Covent Garden', '51.51456899999999', '-0.1264329', '675787', 'UK', 'London', 'London', 240, 'en'),
(38, 38, 'Dominos, Olive St, Los Angeles, CA, United States', 'World Food Market', '23.109098', '72.5849179', '6477823', 'United States', 'CA', 'Los Angeles', 244, 'en'),
(41, 41, 'Pizza World, Fairborn, OH, USA', 'Holiday Inn Express', '39.80529', '-84.03116', '5548343', 'UK', 'London', 'South Lambeth Road', 255, 'en'),
(44, 44, 'Pizza Court, Olive St, Los Angeles, CA, United States', 'Whole Food Market', '34.0456591', '-118.2561879', '453487', 'USA', 'CA', 'CA', 258, 'en'),
(46, 46, 'Pizza Court, Olive St, Los Angeles, CA, United States', 'Pizza Court, Olive St, Los Angeles, CA, United States', '23.076091771539428', '72.53638107910157', '54644', 'gdfh', 'fd', 'dfh', 258, 'fr'),
(49, 49, '739/A Mehedibag Road', 'Mehedibag Road', '47.507197', '19.0621004', '4000', 'Bangladesh', 'Chittagong', 'Chittagong', 275, 'en'),
(50, 50, 'sdfuy', 'etf', '23.025948698529817', '72.56607055664062', '626566', 'eh', 'reth', 'treh', 279, 'en'),
(51, 51, 'Adaspur', 'Adaspur', '20.2192754', '86.016043', '754011', 'India', 'Odisha', 'Cuttack', 280, 'en'),
(52, 52, 'Csengery utca 58', 'Street', '47.507197', '19.0621004', '1067', 'Hungary', 'Budapest', 'Budapest', 282, 'en');

-- --------------------------------------------------------

--
-- Table structure for table `restaurant_menu_item`
--

CREATE TABLE `restaurant_menu_item` (
  `entity_id` int(11) NOT NULL,
  `restaurant_id` int(11) NOT NULL,
  `category_id` int(11) DEFAULT NULL,
  `name` varchar(255) CHARACTER SET utf8 DEFAULT NULL,
  `item_slug` varchar(255) CHARACTER SET utf8 NOT NULL,
  `price` decimal(20,2) DEFAULT NULL,
  `menu_detail` text CHARACTER SET utf8 DEFAULT NULL,
  `image` varchar(255) CHARACTER SET utf8 DEFAULT NULL,
  `ingredients` longtext CHARACTER SET utf8 NOT NULL,
  `recipe_detail` longtext CHARACTER SET utf8 DEFAULT NULL,
  `recipe_time` int(11) DEFAULT NULL,
  `availability` varchar(50) CHARACTER SET utf8 DEFAULT NULL,
  `is_veg` tinyint(4) DEFAULT NULL,
  `status` tinyint(4) DEFAULT NULL COMMENT '1 -active',
  `content_id` int(11) DEFAULT NULL,
  `language_slug` varchar(5) DEFAULT NULL,
  `check_add_ons` tinyint(4) NOT NULL DEFAULT 0,
  `is_deal` tinyint(4) NOT NULL DEFAULT 0,
  `popular_item` tinyint(4) NOT NULL DEFAULT 0,
  `created_by` int(11) DEFAULT NULL,
  `created_date` timestamp NULL DEFAULT current_timestamp(),
  `updated_by` int(11) DEFAULT NULL,
  `updated_date` datetime DEFAULT NULL
) ENGINE=InnoDB DEFAULT CHARSET=latin1;

--
-- Dumping data for table `restaurant_menu_item`
--

INSERT INTO `restaurant_menu_item` (`entity_id`, `restaurant_id`, `category_id`, `name`, `item_slug`, `price`, `menu_detail`, `image`, `ingredients`, `recipe_detail`, `recipe_time`, `availability`, `is_veg`, `status`, `content_id`, `language_slug`, `check_add_ons`, `is_deal`, `popular_item`, `created_by`, `created_date`, `updated_by`, `updated_date`) VALUES
(19, 1, 2, 'All Veg Triple Decker Grilled Sandwich', 'all-veg-triple-decker-grilled-sandwich', '550.00', 'Lorem Ipsum is simply dummy text of the printing and typesetting industry.', NULL, '<p>Lorem Ipsum is simply dummy text of the printing and typesetting industry.&nbsp;Lorem Ipsum is simply dummy text of the printing and typesetting industry.</p>\r\n', '<p>Lorem Ipsum is simply dummy text of the printing and typesetting industry.Lorem Ipsum is simply dummy text of the printing and typesetting industry.Lorem Ipsum is simply dummy text of the printing and typesetting industry.Lorem Ipsum is simply dummy text of the printing and typesetting industry.Lorem Ipsum is simply dummy text of the printing and typesetting industry.Lorem Ipsum is simply dummy text of the printing and typesetting industry.Lorem Ipsum is simply dummy text of the printing and typesetting industry.</p>', 23, 'Morning,Lunch,Dinner', 1, 1, 171, 'en', 0, 0, 1, 1, '2019-12-31 11:01:33', 1, '2020-02-21 09:25:14'),
(31, 1, 2, 'Strawberry Limeade', 'rfgsdfg', '54.00', 'Lorem Ipsum is simply dummy text of the printing and typesetting industry.Lorem Ipsum is simply dummy text of the printing and typesetting industry.', NULL, '<p>Lorem Ipsum is simply dummy text of the printing and typesetting industry.Lorem Ipsum is simply dummy text of the printing and typesetting industry.Lorem Ipsum is simply dummy text of the printing and typesetting industry.Lorem Ipsum is simply dummy text of the printing and typesetting industry.Lorem Ipsum is simply dummy text of the printing and typesetting industry.Lorem Ipsum is simply dummy text of the printing and typesetting industry.</p>\r\n', '<p>Lorem Ipsum is simply dummy text of the printing and typesetting industry.Lorem Ipsum is simply dummy text of the printing and typesetting industry.Lorem Ipsum is simply dummy text of the printing and typesetting industry.Lorem Ipsum is simply dummy text of the printing and typesetting industry.Lorem Ipsum is simply dummy text of the printing and typesetting industry.Lorem Ipsum is simply dummy text of the printing and typesetting industry.Lorem Ipsum is simply dummy text of the printing and typesetting industry.</p>', 45, 'Morning', 1, 1, 202, 'en', 0, 0, 0, 1, '2020-01-29 07:29:14', 1, '2020-02-21 09:23:11'),
(32, 1, 11, 'Mix Veg Pakora', 'punjabi-thali', '200.00', 'Lorem Ipsum is simply dummy text of the printing and typesetting industry.', NULL, '<p>Lorem Ipsum is simply dummy text of the printing and typesetting industry.Lorem Ipsum is simply dummy text of the printing and typesetting industry.Lorem Ipsum is simply dummy text of the printing and typesetting industry.Lorem Ipsum is simply dummy text of the printing and typesetting industry.Lorem Ipsum is simply dummy text of the printing and typesetting industry.Lorem Ipsum is simply dummy text of the printing and typesetting industry.Lorem Ipsum is simply dummy text of the printing and typesetting industry.</p>\r\n', '<p>Lorem Ipsum is simply dummy text of the printing and typesetting industry.Lorem Ipsum is simply dummy text of the printing and typesetting industry.Lorem Ipsum is simply dummy text of the printing and typesetting industry.Lorem Ipsum is simply dummy text of the printing and typesetting industry.Lorem Ipsum is simply dummy text of the printing and typesetting industry.Lorem Ipsum is simply dummy text of the printing and typesetting industry.Lorem Ipsum is simply dummy text of the printing and typesetting industry.Lorem Ipsum is simply dummy text of the printing and typesetting industry.</p>', 25, 'Morning,Lunch,Dinner', 1, 1, 203, 'en', 0, 0, 1, 1, '2020-01-29 08:57:29', 1, '2020-04-09 05:55:39'),
(37, 1, 1, 'Strudel', 'strudel', '35.00', 'Strudel', NULL, '<p>It is made of crisp dough with delicate layers.</p>\r\n', '<p>This have many different kinds of fillings. But the apple variety, which also often includes raisins, is by far the most beloved in USA.</p>', 45, 'Morning,Lunch,Dinner', 1, 1, 218, 'en', 0, 0, 1, 1, '2020-04-09 13:55:05', NULL, NULL),
(38, 1, 1, 'Strudel', 'strudel-1', '35.00', 'Strudel', NULL, '<p>It is made of crisp dough with delicate layers.</p>\r\n', '<p>This have many different kinds of fillings. But the apple variety, which also often includes raisins, is by far the most beloved in USA.</p>', 35, 'Morning,Lunch,Dinner', 1, 1, 219, 'en', 0, 0, 1, 1, '2020-04-09 13:57:18', NULL, NULL),
(39, 1, 1, 'Waffles', 'waffles', '45.00', 'Waffles', NULL, '<p>The Belgian waffle is often massive and drowning in syrup, the traditional version is actually a small street food.</p>\r\n\r\n<p>&nbsp;</p>\r\n', '<p>Eat this treat like it&#39;s meant to be enjoyed &mdash; sans forks, either plain or with a small helping of whipped cream and sliced berries on top.</p>', 45, 'Morning,Lunch,Dinner', 1, 1, 220, 'en', 0, 0, 1, 1, '2020-04-09 13:59:15', NULL, NULL),
(40, 28, 16, 'Potato Burger & French Fries', 'potato-burger-french-fries', '70.00', 'Lorem Ipsum is simply dummy text of the printing and typesetting industry', NULL, '<p>Lorem Ipsum is simply dummy text of the printing and typesetting industryLorem Ipsum is simply dummy text of the printing and typesetting industry</p>\r\n', '<p>Lorem Ipsum is simply dummy text of the printing and typesetting industryLorem Ipsum is simply dummy text of the printing and typesetting industryLorem Ipsum is simply dummy text of the printing and typesetting industryLorem Ipsum is simply dummy text of the printing and typesetting industryLorem Ipsum is simply dummy text of the printing and typesetting industryLorem Ipsum is simply dummy text of the printing and typesetting industryLorem Ipsum is simply dummy text of the printing and typesetting industryLorem Ipsum is simply dummy text of the printing and typesetting industryLorem Ipsum is simply dummy text of the printing and typesetting industryLorem Ipsum is simply dummy text of the printing and typesetting industryLorem Ipsum is simply dummy text of the printing and typesetting industryLorem Ipsum is simply dummy text of the printing and typesetting industryLorem Ipsum is simply dummy text of the printing and typesetting industryLorem Ipsum is simply dummy text of the printing and typesetting industryLorem Ipsum is simply dummy text of the printing and typesetting industryLorem Ipsum is simply dummy text of the printing and typesetting industryLorem Ipsum is simply dummy text of the printing and typesetting industryLorem Ipsum is simply dummy text of the printing and typesetting industryLorem Ipsum is simply dummy text of the printing and typesetting industryLorem Ipsum is simply dummy text of the printing and typesetting industryLorem Ipsum is simply dummy text of the printing and typesetting industry</p>', 30, 'Morning', 1, 1, 224, 'en', 0, 0, 1, 1, '2020-04-09 20:05:24', NULL, NULL),
(41, 27, 2, 'Salted Butter Caramel Ice Cream', 'salted-butter-caramel-ice-cream', '80.85', 'Lorem Ipsum is simply dummy text of the printing and typesetting industry', NULL, '<p>Lorem Ipsum is simply dummy text of the printing and typesetting industry&nbsp;Lorem Ipsum is simply dummy text of the printing and typesetting industry&nbsp;</p>\r\n', '<p>Lorem Ipsum is simply dummy text of the printing and typesetting industry&nbsp;Lorem Ipsum is simply dummy text of the printing and typesetting industry&nbsp;Lorem Ipsum is simply dummy text of the printing and typesetting industry&nbsp;Lorem Ipsum is simply dummy text of the printing and typesetting industry&nbsp;Lorem Ipsum is simply dummy text of the printing and typesetting industry&nbsp;Lorem Ipsum is simply dummy text of the printing and typesetting industry&nbsp;Lorem Ipsum is simply dummy text of the printing and typesetting industry&nbsp;Lorem Ipsum is simply dummy text of the printing and typesetting industry&nbsp;Lorem Ipsum is simply dummy text of the printing and typesetting industry&nbsp;Lorem Ipsum is simply dummy text of the printing and typesetting industry&nbsp;Lorem Ipsum is simply dummy text of the printing and typesetting industry&nbsp;Lorem Ipsum is simply dummy text of the printing and typesetting industry&nbsp;Lorem Ipsum is simply dummy text of the printing and typesetting industry&nbsp;Lorem Ipsum is simply dummy text of the printing and typesetting industry&nbsp;Lorem Ipsum is simply dummy text of the printing and typesetting industry&nbsp;Lorem Ipsum is simply dummy text of the printing and typesetting industry</p>', 20, 'Dinner', 1, 1, 225, 'en', 0, 0, 1, 1, '2020-04-09 20:09:44', 1, '2020-05-21 14:46:00'),
(42, 27, 2, 'Cremo Bueno Ice Cream', 'cremo-bueno-ice-cream', '100.00', 'Lorem Ipsum is simply dummy text of the printing and typesetting industry', NULL, '<p>Lorem Ipsum is simply dummy text of the printing and typesetting industry&nbsp;Lorem Ipsum is simply dummy text of the printing and typesetting industry</p>\r\n', '<p>Lorem Ipsum is simply dummy text of the printing and typesetting industry&nbsp;Lorem Ipsum is simply dummy text of the printing and typesetting industry&nbsp;Lorem Ipsum is simply dummy text of the printing and typesetting industry&nbsp;Lorem Ipsum is simply dummy text of the printing and typesetting industry&nbsp;Lorem Ipsum is simply dummy text of the printing and typesetting industry&nbsp;Lorem Ipsum is simply dummy text of the printing and typesetting industry&nbsp;Lorem Ipsum is simply dummy text of the printing and typesetting industry&nbsp;Lorem Ipsum is simply dummy text of the printing and typesetting industry&nbsp;Lorem Ipsum is simply dummy text of the printing and typesetting industry&nbsp;Lorem Ipsum is simply dummy text of the printing and typesetting industry&nbsp;Lorem Ipsum is simply dummy text of the printing and typesetting industry&nbsp;Lorem Ipsum is simply dummy text of the printing and typesetting industry&nbsp;Lorem Ipsum is simply dummy text of the printing and typesetting industry&nbsp;Lorem Ipsum is simply dummy text of the printing and typesetting industry&nbsp;Lorem Ipsum is simply dummy text of the printing and typesetting industry&nbsp;</p>', 10, 'Dinner', 1, 1, 226, 'en', 0, 0, 1, 1, '2020-04-09 20:12:33', 1, '2020-04-23 10:17:20'),
(48, 34, 4, 'Pizza', 'pizza', NULL, 'Lorem Ipsum is simply dummy text of the printing and typesetting industry', NULL, '<p>Lorem Ipsum is simply dummy text of the printing and typesetting industry&nbsp;Lorem Ipsum is simply dummy text of the printing and typesetting industry&nbsp;Lorem Ipsum is simply dummy text of the printing and typesetting industry&nbsp;Lorem Ipsum is simply dummy text of the printing and typesetting industry&nbsp;Lorem Ipsum is simply dummy text of the printing and typesetting industryLorem Ipsum is simply dummy text of the printing and typesetting industry&nbsp;Lorem Ipsum is simply dummy text of the printing and typesetting industryLorem Ipsum is simply dummy text of the printing and typesetting industry</p>\r\n', '<p>Lorem Ipsum is simply dummy text of the printing and typesetting industry&nbsp;Lorem Ipsum is simply dummy text of the printing and typesetting industry&nbsp;Lorem Ipsum is simply dummy text of the printing and typesetting industry&nbsp;Lorem Ipsum is simply dummy text of the printing and typesetting industry&nbsp;Lorem Ipsum is simply dummy text of the printing and typesetting industryLorem Ipsum is simply dummy text of the printing and typesetting industry&nbsp;Lorem Ipsum is simply dummy text of the printing and typesetting industryLorem Ipsum is simply dummy text of the printing and typesetting industry</p>', 30, 'Morning,Lunch,Dinner', 1, 1, 236, 'en', 1, 0, 1, 1, '2020-04-13 09:10:10', 1, '2020-04-16 07:36:52'),
(50, 34, 16, 'Chips', 'chips', NULL, 'Lorem Ipsum is simply dummy text of the printing and typesetting industry', NULL, '<p>Lorem Ipsum is simply dummy text of the printing and typesetting industryLorem Ipsum is simply dummy text of the printing and typesetting industryLorem Ipsum is simply dummy text of the printing and typesetting industryLorem Ipsum is simply dummy text of the printing and typesetting industryLorem Ipsum is simply dummy text of the printing and typesetting industryLorem Ipsum is simply dummy text of the printing and typesetting industry</p>\r\n', '<p>Lorem Ipsum is simply dummy text of the printing and typesetting industryLorem Ipsum is simply dummy text of the printing and typesetting industryLorem Ipsum is simply dummy text of the printing and typesetting industryLorem Ipsum is simply dummy text of the printing and typesetting industryLorem Ipsum is simply dummy text of the printing and typesetting industryLorem Ipsum is simply dummy text of the printing and typesetting industryLorem Ipsum is simply dummy text of the printing and typesetting industry</p>', 30, 'Morning,Lunch,Dinner', 1, 1, 238, 'en', 1, 0, 1, 1, '2020-04-13 10:38:06', 1, '2020-04-14 04:34:36'),
(52, 38, 4, 'Pepper Barbecue', 'pizza-1', NULL, 'Lorem Ipsum is simply dummy text of the printing and typesetting industry', NULL, '<p>Lorem Ipsum is simply dummy text of the printing and typesetting industry&nbsp;Lorem Ipsum is simply dummy text of the printing and typesetting industry Lorem Ipsum is simply dummy text of the printing and typesetting industry&nbsp;Lorem Ipsum is simply dummy text of the printing and typesetting industry Lorem Ipsum is simply dummy text of the printing and typesetting industry Lorem Ipsum is simply dummy text of the printing and typesetting industry&nbsp;Lorem Ipsum is simply dummy text of the printing and typesetting industryLorem Ipsum is simply dummy text of the printing and typesetting industryLorem Ipsum is simply dummy text of the printing and typesetting industryLorem Ipsum is simply dummy text of the printing and typesetting industryLorem Ipsum is simply dummy text of the printing and typesetting industryLorem Ipsum is simply dummy text of the printing and typesetting industry</p>\r\n', '<p>Lorem Ipsum is simply dummy text of the printing and typesetting industry&nbsp;Lorem Ipsum is simply dummy text of the printing and typesetting industry&nbsp;Lorem Ipsum is simply dummy text of the printing and typesetting industry&nbsp;Lorem Ipsum is simply dummy text of the printing and typesetting industry&nbsp;Lorem Ipsum is simply dummy text of the printing and typesetting industry&nbsp;Lorem Ipsum is simply dummy text of the printing and typesetting industry&nbsp;Lorem Ipsum is simply dummy text of the printing and typesetting industryLorem Ipsum is simply dummy text of the printing and typesetting industryLorem Ipsum is simply dummy text of the printing and typesetting industryLorem Ipsum is simply dummy text of the printing and typesetting industryLorem Ipsum is simply dummy text of the printing and typesetting industryLorem Ipsum is simply dummy text of the printing and typesetting industry</p>', 40, 'Morning,Lunch,Dinner', 0, 1, 242, 'en', 1, 0, 1, 1, '2020-04-20 06:57:35', 1, '2020-04-20 17:21:12'),
(53, 31, 16, 'Doughnut', 'doughnut', '220.00', 'Lorem Ipsum is simply dummy text of the printing and typesetting industry', NULL, '<p>Lorem Ipsum is simply dummy text of the printing and typesetting industry&nbsp;Lorem Ipsum is simply dummy text of the printing and typesetting industryLorem Ipsum is simply dummy text of the printing and typesetting industry&nbsp;Lorem Ipsum is simply dummy text of the printing and typesetting industry&nbsp;Lorem Ipsum is simply dummy text of the printing and typesetting industry&nbsp;Lorem Ipsum is simply dummy text of the printing and typesetting industry&nbsp;Lorem Ipsum is simply dummy text of the printing and typesetting industry&nbsp;Lorem Ipsum is simply dummy text of the printing and typesetting industry&nbsp;Lorem Ipsum is simply dummy text of the printing and typesetting industry</p>\r\n', '<p>Lorem Ipsum is simply dummy text of the printing and typesetting industry&nbsp;Lorem Ipsum is simply dummy text of the printing and typesetting industryLorem Ipsum is simply dummy text of the printing and typesetting industry&nbsp;Lorem Ipsum is simply dummy text of the printing and typesetting industry&nbsp;Lorem Ipsum is simply dummy text of the printing and typesetting industry&nbsp;Lorem Ipsum is simply dummy text of the printing and typesetting industry&nbsp;Lorem Ipsum is simply dummy text of the printing and typesetting industry&nbsp;Lorem Ipsum is simply dummy text of the printing and typesetting industry&nbsp;Lorem Ipsum is simply dummy text of the printing and typesetting industry&nbsp;Lorem Ipsum is simply dummy text of the printing and typesetting industry&nbsp;Lorem Ipsum is simply dummy text of the printing and typesetting industryLorem Ipsum is simply dummy text of the printing and typesetting industry&nbsp;Lorem Ipsum is simply dummy text of the printing and typesetting industry&nbsp;Lorem Ipsum is simply dummy text of the printing and typesetting industry&nbsp;Lorem Ipsum is simply dummy text of the printing and typesetting industry&nbsp;Lorem Ipsum is simply dummy text of the printing and typesetting industry&nbsp;Lorem Ipsum is simply dummy text of the printing and typesetting industry&nbsp;Lorem Ipsum is simply dummy text of the printing and typesetting industryLorem Ipsum is simply dummy text of the printing and typesetting industry&nbsp;Lorem Ipsum is simply dummy text of the printing and typesetting industryLorem Ipsum is simply dummy text of the printing and typesetting industry&nbsp;Lorem Ipsum is simply dummy text of the printing and typesetting industry&nbsp;Lorem Ipsum is simply dummy text of the printing and typesetting industry&nbsp;Lorem Ipsum is simply dummy text of the printing and typesetting industry&nbsp;Lorem Ipsum is simply dummy text of the printing and typesetting industry&nbsp;Lorem Ipsum is simply dummy text of the printing and typesetting industry&nbsp;Lorem Ipsum is simply dummy text of the printing and typesetting industry</p>', 30, 'Morning,Lunch,Dinner', 1, 1, 248, 'en', 0, 0, 0, 1, '2020-04-21 13:37:48', NULL, NULL),
(56, 46, 9, 'Crème glacée Cremo Bueno', 'cremo-bueno-ice-cream', '12.00', 'Lorem Ipsum is simply dummy text of the printing and typesetting industry', NULL, '', NULL, NULL, 'Morning', 1, 1, 226, 'fr', 0, 0, 1, 1, '2020-05-20 11:52:39', NULL, NULL),
(57, 31, 10, 'Hot n Sour', 'hot-n-sour', '220.00', 'Lorem Ipsum is simply dummy text of the printing and typesetting industry', NULL, '<p>Lorem Ipsum is simply dummy text of the printing and typesetting industry&nbsp;Lorem Ipsum is simply dummy text of the printing and typesetting industry&nbsp;Lorem Ipsum is simply dummy text of the printing and typesetting industry&nbsp;Lorem Ipsum is simply dummy text of the printing and typesetting industry&nbsp;Lorem Ipsum is simply dummy text of the printing and typesetting industry&nbsp;Lorem Ipsum is simply dummy text of the printing and typesetting industry&nbsp;Lorem Ipsum is simply dummy text of the printing and typesetting industry&nbsp;Lorem Ipsum is simply dummy text of the printing and typesetting industry&nbsp;Lorem Ipsum is simply dummy text of the printing and typesetting industry&nbsp;Lorem Ipsum is simply dummy text of the printing and typesetting industry&nbsp;Lorem Ipsum is simply dummy text of the printing and typesetting industry 2</p>\r\n', '<p>Lorem Ipsum is simply dummy text of the printing and typesetting industry&nbsp;Lorem Ipsum is simply dummy text of the printing and typesetting industry&nbsp;Lorem Ipsum is simply dummy text of the printing and typesetting industry&nbsp;Lorem Ipsum is simply dummy text of the printing and typesetting industry&nbsp;Lorem Ipsum is simply dummy text of the printing and typesetting industry&nbsp;Lorem Ipsum is simply dummy text of the printing and typesetting industry&nbsp;Lorem Ipsum is simply dummy text of the printing and typesetting industry&nbsp;Lorem Ipsum is simply dummy text of the printing and typesetting industry&nbsp;Lorem Ipsum is simply dummy text of the printing and typesetting industry&nbsp;Lorem Ipsum is simply dummy text of the printing and typesetting industry&nbsp;Lorem Ipsum is simply dummy text of the printing and typesetting industry 2</p>', 30, 'Dinner', 1, 1, 267, 'en', 0, 0, 1, 1, '2020-05-21 10:07:39', 1, '2020-05-21 15:40:05'),
(58, 35, 4, 'Pizza', 'pizza-2', '350.00', 'Lorem Ipsum is simply dummy text of the printing and typesetting industry', NULL, '<p>Lorem Ipsum is simply dummy text of the printing and typesetting industry&nbsp;Lorem Ipsum is simply dummy text of the printing and typesetting industryLorem Ipsum is simply dummy text of the printing and typesetting industryLorem Ipsum is simply dummy text of the printing and typesetting industry&nbsp;Lorem Ipsum is simply dummy text of the printing and typesetting industry&nbsp;Lorem Ipsum is simply dummy text of the printing and typesetting industry&nbsp;Lorem Ipsum is simply dummy text of the printing and typesetting industry&nbsp;Lorem Ipsum is simply dummy text of the printing and typesetting industry&nbsp;Lorem Ipsum is simply dummy text of the printing and typesetting industry&nbsp;Lorem Ipsum is simply dummy text of the printing and typesetting industry</p>\r\n', '<p>Lorem Ipsum is simply dummy text of the printing and typesetting industry&nbsp;Lorem Ipsum is simply dummy text of the printing and typesetting industryLorem Ipsum is simply dummy text of the printing and typesetting industryLorem Ipsum is simply dummy text of the printing and typesetting industry&nbsp;Lorem Ipsum is simply dummy text of the printing and typesetting industry&nbsp;Lorem Ipsum is simply dummy text of the printing and typesetting industry&nbsp;Lorem Ipsum is simply dummy text of the printing and typesetting industry&nbsp;Lorem Ipsum is simply dummy text of the printing and typesetting industry&nbsp;Lorem Ipsum is simply dummy text of the printing and typesetting industry&nbsp;Lorem Ipsum is simply dummy text of the printing and typesetting industry</p>', 35, 'Morning,Lunch,Dinner', 1, 1, 268, 'en', 0, 0, 1, 1, '2020-05-22 06:11:53', NULL, NULL),
(60, 41, 1, 'starter test 1', 'starter-test-1', NULL, 'test', NULL, '<p><strong style=\"margin: 0px; padding: 0px; color: rgb(0, 0, 0); font-family: &quot;Open Sans&quot;, Arial, sans-serif;\">Lorem Ipsum</strong><span style=\"color: rgb(0, 0, 0); font-family: &quot;Open Sans&quot;, Arial, sans-serif;\">&nbsp;is simply dummy text of the printing and typesetting industry. Lorem Ipsum has been the industry&#39;s standard dummy text ever since the 1500s, when an unknown printer took a galley of type and scrambled it to make a type specimen book. It has survived not only five centuries, but also the leap into electronic typesetting, remaining essentially unchanged. It was popularised in the 1960s with the release of Letraset sheets containing Lorem Ipsum passages, and more recently with desktop publishing software like Aldus PageMaker including versions of Lorem Ipsum.</span></p>\r\n', '<p><strong style=\"margin: 0px; padding: 0px; color: rgb(0, 0, 0); font-family: &quot;Open Sans&quot;, Arial, sans-serif;\">Lorem Ipsum</strong><span style=\"color: rgb(0, 0, 0); font-family: &quot;Open Sans&quot;, Arial, sans-serif;\">&nbsp;is simply dummy text of the printing and typesetting industry. Lorem Ipsum has been the industry&#39;s standard dummy text ever since the 1500s, when an unknown printer took a galley of type and scrambled it to make a type specimen book. It has survived not only five centuries, but also the leap into electronic typesetting, remaining essentially unchanged. It was popularised in the 1960s with the release of Letraset sheets containing Lorem Ipsum passages, and more recently with desktop publishing software like Aldus PageMaker including versions of Lorem Ipsum.</span></p>\r\n\r\n<p><strong style=\"margin: 0px; padding: 0px; color: rgb(0, 0, 0); font-family: &quot;Open Sans&quot;, Arial, sans-serif;\">Lorem Ipsum</strong><span style=\"color: rgb(0, 0, 0); font-family: &quot;Open Sans&quot;, Arial, sans-serif;\">&nbsp;is simply dummy text of the printing and typesetting industry. Lorem Ipsum has been the industry&#39;s standard dummy text ever since the 1500s, when an unknown printer took a galley of type and scrambled it to make a type specimen book. It has survived not only five centuries, but also the leap into electronic typesetting, remaining essentially unchanged. It was popularised in the 1960s with the release of Letraset sheets containing Lorem Ipsum passages, and more recently with desktop publishing software like Aldus PageMaker including versions of Lorem Ipsum.</span></p>', 37, 'Morning', 1, 1, 271, 'en', 1, 0, 1, 1, '2020-05-23 13:14:47', 1, '2020-05-28 16:24:17'),
(61, 38, 1, 'starter test 4', 'starter-test-4', NULL, 'test', NULL, '<p><strong style=\"margin: 0px; padding: 0px; color: rgb(0, 0, 0); font-family: &quot;Open Sans&quot;, Arial, sans-serif;\">Lorem Ipsum</strong><span style=\"color: rgb(0, 0, 0); font-family: &quot;Open Sans&quot;, Arial, sans-serif;\">&nbsp;is simply dummy text of the printing and typesetting industry. Lorem Ipsum has been the industry&#39;s standard dummy text ever since the 1500s, when an unknown printer took a galley of type and scrambled it to make a type specimen book. It has survived not only five centuries, but also the leap into electronic typesetting, remaining essentially unchanged. It was popularised in the 1960s with the release of Letraset sheets containing Lorem Ipsum passages, and more recently with desktop publishing software like Aldus PageMaker including versions of Lorem Ipsum.</span></p>\r\n', '<p><strong style=\"margin: 0px; padding: 0px; color: rgb(0, 0, 0); font-family: &quot;Open Sans&quot;, Arial, sans-serif;\">Lorem Ipsum</strong><span style=\"color: rgb(0, 0, 0); font-family: &quot;Open Sans&quot;, Arial, sans-serif;\">&nbsp;is simply dummy text of the printing and typesetting industry. Lorem Ipsum has been the industry&#39;s standard dummy text ever since the 1500s, when an unknown printer took a galley of type and scrambled it to make a type specimen book. It has survived not only five centuries, but also the leap into electronic typesetting, remaining essentially unchanged. It was popularised in the 1960s with the release of Letraset sheets containing Lorem Ipsum passages, and more recently with desktop publishing software like Aldus PageMaker including versions of Lorem Ipsum.</span></p>\r\n\r\n<p><strong style=\"margin: 0px; padding: 0px; color: rgb(0, 0, 0); font-family: &quot;Open Sans&quot;, Arial, sans-serif;\">Lorem Ipsum</strong><span style=\"color: rgb(0, 0, 0); font-family: &quot;Open Sans&quot;, Arial, sans-serif;\">&nbsp;is simply dummy text of the printing and typesetting industry. Lorem Ipsum has been the industry&#39;s standard dummy text ever since the 1500s, when an unknown printer took a galley of type and scrambled it to make a type specimen book. It has survived not only five centuries, but also the leap into electronic typesetting, remaining essentially unchanged. It was popularised in the 1960s with the release of Letraset sheets containing Lorem Ipsum passages, and more recently with desktop publishing software like Aldus PageMaker including versions of Lorem Ipsum.</span></p>', 37, 'Morning', 1, 1, 272, 'en', 1, 0, 1, 1, '2020-05-23 13:14:48', 1, '2020-05-28 16:22:37'),
(62, 38, 1, 'starter test 5', 'starter-test-5', NULL, 'test', NULL, '<p><strong style=\"margin: 0px; padding: 0px; color: rgb(0, 0, 0); font-family: &quot;Open Sans&quot;, Arial, sans-serif;\">Lorem Ipsum</strong><span style=\"color: rgb(0, 0, 0); font-family: &quot;Open Sans&quot;, Arial, sans-serif;\">&nbsp;is simply dummy text of the printing and typesetting industry. Lorem Ipsum has been the industry&#39;s standard dummy text ever since the 1500s, when an unknown printer took a galley of type and scrambled it to make a type specimen book. It has survived not only five centuries, but also the leap into electronic typesetting, remaining essentially unchanged. It was popularised in the 1960s with the release of Letraset sheets containing Lorem Ipsum passages, and more recently with desktop publishing software like Aldus PageMaker including versions of Lorem Ipsum.</span></p>\r\n', '<p><strong style=\"margin: 0px; padding: 0px; color: rgb(0, 0, 0); font-family: &quot;Open Sans&quot;, Arial, sans-serif;\">Lorem Ipsum</strong><span style=\"color: rgb(0, 0, 0); font-family: &quot;Open Sans&quot;, Arial, sans-serif;\">&nbsp;is simply dummy text of the printing and typesetting industry. Lorem Ipsum has been the industry&#39;s standard dummy text ever since the 1500s, when an unknown printer took a galley of type and scrambled it to make a type specimen book. It has survived not only five centuries, but also the leap into electronic typesetting, remaining essentially unchanged. It was popularised in the 1960s with the release of Letraset sheets containing Lorem Ipsum passages, and more recently with desktop publishing software like Aldus PageMaker including versions of Lorem Ipsum.</span></p>\r\n\r\n<p><strong style=\"margin: 0px; padding: 0px; color: rgb(0, 0, 0); font-family: &quot;Open Sans&quot;, Arial, sans-serif;\">Lorem Ipsum</strong><span style=\"color: rgb(0, 0, 0); font-family: &quot;Open Sans&quot;, Arial, sans-serif;\">&nbsp;is simply dummy text of the printing and typesetting industry. Lorem Ipsum has been the industry&#39;s standard dummy text ever since the 1500s, when an unknown printer took a galley of type and scrambled it to make a type specimen book. It has survived not only five centuries, but also the leap into electronic typesetting, remaining essentially unchanged. It was popularised in the 1960s with the release of Letraset sheets containing Lorem Ipsum passages, and more recently with desktop publishing software like Aldus PageMaker including versions of Lorem Ipsum.</span></p>', 37, 'Morning', 1, 1, 273, 'en', 1, 0, 1, 1, '2020-05-23 13:14:49', 1, '2020-05-28 16:25:01'),
(63, 49, 16, 'Sam\'s Special Pizza', 'sam-s-special-pizza', NULL, 'A big bucket for buddies who like to share. 8 pieces of Colonel\'s signature Hot & Crispy.', NULL, '<p>asdfasdf asdfasdf asdfasdfs</p>\r\n', '<p>adfaf asdfafd adfadfasfsd</p>', 30, 'Morning,Lunch,Dinner', 0, 1, 278, 'en', 1, 0, 0, 1, '2020-06-09 05:03:36', NULL, NULL),
(64, 49, 4, 'Pizza', 'pizza-3', '49.00', 'test', NULL, '<p>test</p>\r\n', '<p>test</p>', 25, 'Morning,Lunch,Dinner', 1, 1, 281, 'en', 0, 0, 1, 1, '2020-06-12 13:28:26', 1, '2020-06-12 18:59:21');

-- --------------------------------------------------------

--
-- Table structure for table `restaurant_package`
--

CREATE TABLE `restaurant_package` (
  `entity_id` int(11) NOT NULL,
  `name` varchar(255) CHARACTER SET utf8 NOT NULL,
  `restaurant_id` int(11) NOT NULL,
  `price` decimal(20,2) DEFAULT NULL,
  `detail` text CHARACTER SET utf8 DEFAULT NULL,
  `availability` varchar(50) CHARACTER SET utf8 DEFAULT NULL,
  `image` varchar(255) DEFAULT NULL,
  `status` tinyint(4) DEFAULT NULL,
  `content_id` int(11) DEFAULT NULL,
  `language_slug` varchar(5) DEFAULT NULL,
  `created_by` int(11) DEFAULT NULL,
  `created_date` timestamp NULL DEFAULT current_timestamp(),
  `updated_by` int(11) DEFAULT NULL,
  `updated_date` datetime DEFAULT NULL
) ENGINE=InnoDB DEFAULT CHARSET=latin1;

--
-- Dumping data for table `restaurant_package`
--

INSERT INTO `restaurant_package` (`entity_id`, `name`, `restaurant_id`, `price`, `detail`, `availability`, `image`, `status`, `content_id`, `language_slug`, `created_by`, `created_date`, `updated_by`, `updated_date`) VALUES
(1, 'new', 1, '100.00', '<p><span style=\"color: rgb(61, 61, 61); font-family: &quot;Open Sans&quot;, sans-serif; font-weight: 600; text-align: left;\">Detail</span></p>', 'Morning,Lunch,Dinner', NULL, 1, 135, 'en', 1, '2019-12-05 08:44:02', 1, '2020-01-29 11:05:17'),
(2, 'Starter', 1, '120.20', '<p>Lorem Ipsum কেবল মুদ্রণ এবং টাইপসেটিং শিল্পের ডামি পাঠ্য।</p>', 'Morning,Lunch,Dinner', NULL, 1, 166, 'en', 188, '2019-12-31 07:06:16', 1, '2020-04-10 09:46:43'),
(6, 'Combo', 34, '350.00', '<p>Lorem Ipsum is simply dummy text of the printing and typesetting industry.&nbsp;Lorem Ipsum is simply dummy text of the printing and typesetting industry.</p>', 'Lunch', NULL, 1, 251, 'en', 1, '2020-04-23 06:32:41', NULL, NULL),
(7, 'new', 38, '350.00', '<p>Lorem Ipsum is simply dummy text of the printing and typesetting industry.&nbsp;Lorem Ipsum is simply dummy text of the printing and typesetting industry.</p>', 'Lunch', NULL, 1, 252, 'en', 1, '2020-04-23 06:40:52', 1, '2020-04-25 17:45:24'),
(8, 'test package', 46, '200.00', '<p>test</p>', 'Lunch', NULL, 1, 260, 'fr', 1, '2020-05-20 12:37:35', NULL, NULL),
(9, 'Salted Butter Caramel Ice Cream Salted Butter Caramel Ice Cream', 1, '8085.00', '<p>Loreum Loreum&nbsp;Loreum Loreum&nbsp;Loreum Loreum&nbsp;Loreum Loreum&nbsp;Loreum Loreum&nbsp;Loreum Loreum&nbsp;</p>\r\n\r\n<p style=\"color: rgb(51, 51, 51); font-family: sans-serif,Arial,Verdana,&amp;quot;Trebuchet MS&amp;quot;; font-size: 14px; font-style: normal; font-variant: normal; font-weight: 400; letter-spacing: normal; orphans: 2; text-align: justify; text-decoration: none; text-indent: 0px; text-transform: none; -webkit-text-stroke-width: 0px; white-space: normal; word-spacing: 0px;\">Loreum Loreum&nbsp;</p>\r\n\r\n<p style=\"color: rgb(51, 51, 51); font-family: sans-serif,Arial,Verdana,&amp;quot;Trebuchet MS&amp;quot;; font-size: 14px; font-style: normal; font-variant: normal; font-weight: 400; letter-spacing: normal; orphans: 2; text-align: justify; text-decoration: none; text-indent: 0px; text-transform: none; -webkit-text-stroke-width: 0px; white-space: normal; word-spacing: 0px;\">Loreum Loreum&nbsp;</p>\r\n\r\n<p style=\"color: rgb(51, 51, 51); font-family: sans-serif,Arial,Verdana,&amp;quot;Trebuchet MS&amp;quot;; font-size: 14px; font-style: normal; font-variant: normal; font-weight: 400; letter-spacing: normal; orphans: 2; text-align: justify; text-decoration: none; text-indent: 0px; text-transform: none; -webkit-text-stroke-width: 0px; white-space: normal; word-spacing: 0px;\">Loreum Loreum&nbsp;</p>\r\n\r\n<p style=\"color: rgb(51, 51, 51); font-family: sans-serif,Arial,Verdana,&amp;quot;Trebuchet MS&amp;quot;; font-size: 14px; font-style: normal; font-variant: normal; font-weight: 400; letter-spacing: normal; orphans: 2; text-align: justify; text-decoration: none; text-indent: 0px; text-transform: none; -webkit-text-stroke-width: 0px; white-space: normal; word-spacing: 0px;\">Loreum Loreum&nbsp;</p>\r\n\r\n<p style=\"color: rgb(51, 51, 51); font-family: sans-serif,Arial,Verdana,&amp;quot;Trebuchet MS&amp;quot;; font-size: 14px; font-style: normal; font-variant: normal; font-weight: 400; letter-spacing: normal; orphans: 2; text-align: justify; text-decoration: none; text-indent: 0px; text-transform: none; -webkit-text-stroke-width: 0px; white-space: normal; word-spacing: 0px;\">Loreum Loreum&nbsp;</p>\r\n\r\n<p style=\"color: rgb(51, 51, 51); font-family: sans-serif,Arial,Verdana,&amp;quot;Trebuchet MS&amp;quot;; font-size: 14px; font-style: normal; font-variant: normal; font-weight: 400; letter-spacing: normal; orphans: 2; text-align: justify; text-decoration: none; text-indent: 0px; text-transform: none; -webkit-text-stroke-width: 0px; white-space: normal; word-spacing: 0px;\">Loreum Loreum&nbsp;</p>\r\n\r\n<p style=\"color: rgb(51, 51, 51); font-family: sans-serif,Arial,Verdana,&amp;quot;Trebuchet MS&amp;quot;; font-size: 14px; font-style: normal; font-variant: normal; font-weight: 400; letter-spacing: normal; orphans: 2; text-align: justify; text-decoration: none; text-indent: 0px; text-transform: none; -webkit-text-stroke-width: 0px; white-space: normal; word-spacing: 0px;\">Loreum Loreum&nbsp;</p>\r\n\r\n<p style=\"color: rgb(51, 51, 51); font-family: sans-serif,Arial,Verdana,&amp;quot;Trebuchet MS&amp;quot;; font-size: 14px; font-style: normal; font-variant: normal; font-weight: 400; letter-spacing: normal; orphans: 2; text-align: justify; text-decoration: none; text-indent: 0px; text-transform: none; -webkit-text-stroke-width: 0px; white-space: normal; word-spacing: 0px;\">Loreum Loreum&nbsp;</p>\r\n\r\n<p style=\"color: rgb(51, 51, 51); font-family: sans-serif,Arial,Verdana,&amp;quot;Trebuchet MS&amp;quot;; font-size: 14px; font-style: normal; font-variant: normal; font-weight: 400; letter-spacing: normal; orphans: 2; text-align: justify; text-decoration: none; text-indent: 0px; text-transform: none; -webkit-text-stroke-width: 0px; white-space: normal; word-spacing: 0px;\">Loreum Loreum&nbsp;</p>\r\n\r\n<p style=\"color: rgb(51, 51, 51); font-family: sans-serif,Arial,Verdana,&amp;quot;Trebuchet MS&amp;quot;; font-size: 14px; font-style: normal; font-variant: normal; font-weight: 400; letter-spacing: normal; orphans: 2; text-align: justify; text-decoration: none; text-indent: 0px; text-transform: none; -webkit-text-stroke-width: 0px; white-space: normal; word-spacing: 0px;\">Loreum Loreum&nbsp;</p>\r\n\r\n<p style=\"color: rgb(51, 51, 51); font-family: sans-serif,Arial,Verdana,&amp;quot;Trebuchet MS&amp;quot;; font-size: 14px; font-style: normal; font-variant: normal; font-weight: 400; letter-spacing: normal; orphans: 2; text-align: justify; text-decoration: none; text-indent: 0px; text-transform: none; -webkit-text-stroke-width: 0px; white-space: normal; word-spacing: 0px;\">Loreum Loreum&nbsp;</p>\r\n\r\n<p style=\"color: rgb(51, 51, 51); font-family: sans-serif,Arial,Verdana,&amp;quot;Trebuchet MS&amp;quot;; font-size: 14px; font-style: normal; font-variant: normal; font-weight: 400; letter-spacing: normal; orphans: 2; text-align: justify; text-decoration: none; text-indent: 0px; text-transform: none; -webkit-text-stroke-width: 0px; white-space: normal; word-spacing: 0px;\">Loreum Loreum&nbsp;Loreum Loreum&nbsp;Loreum Loreum&nbsp;</p>\r\n\r\n<p style=\"color: rgb(51, 51, 51); font-family: sans-serif,Arial,Verdana,&amp;quot;Trebuchet MS&amp;quot;; font-size: 14px; font-style: normal; font-variant: normal; font-weight: 400; letter-spacing: normal; orphans: 2; text-align: justify; text-decoration: none; text-indent: 0px; text-transform: none; -webkit-text-stroke-width: 0px; white-space: normal; word-spacing: 0px;\">Loreum Loreum&nbsp;</p>\r\n\r\n<p style=\"color: rgb(51, 51, 51); font-family: sans-serif,Arial,Verdana,&amp;quot;Trebuchet MS&amp;quot;; font-size: 14px; font-style: normal; font-variant: normal; font-weight: 400; letter-spacing: normal; orphans: 2; text-align: justify; text-decoration: none; text-indent: 0px; text-transform: none; -webkit-text-stroke-width: 0px; white-space: normal; word-spacing: 0px;\">Loreum Loreum&nbsp;Loreum Loreum&nbsp;Loreum Loreum&nbsp;</p>', 'Morning,Lunch,Dinner', NULL, 1, 261, 'en', 1, '2020-05-20 12:41:37', NULL, NULL),
(10, 'Crème glacée Cremo Bueno', 1, '12.00', '<p><strong style=\"color: rgb(0, 0, 0); font-family: &amp;quot;Open Sans&amp;quot;,Arial,sans-serif; font-size: 14px; font-style: normal; font-variant: normal; font-weight: 700; letter-spacing: normal; margin-bottom: 0px; margin-left: 0px; margin-right: 0px; margin-top: 0px; orphans: 2; padding-bottom: 0px; padding-left: 0px; padding-right: 0px; padding-top: 0px; text-align: justify; text-decoration: none; text-indent: 0px; text-transform: none; -webkit-text-stroke-width: 0px; white-space: normal; word-spacing: 0px;\">Lorem Ipsum</strong><span style=\"display: inline !important; float: none; background-color: rgb(255, 255, 255); color: rgb(0, 0, 0); font-family: &quot;Open Sans&quot;,Arial,sans-serif; font-size: 14px; font-style: normal; font-variant: normal; font-weight: 400; letter-spacing: normal; orphans: 2; text-align: justify; text-decoration: none; text-indent: 0px; text-transform: none; -webkit-text-stroke-width: 0px; white-space: normal; word-spacing: 0px;\"> is simply dummy text of the printing and typesetting industry. Lorem Ipsum has been the industry&#39;s standard dummy text ever since the 1500s, when an unknown printer took a galley of type and scrambled it to make a type specimen book. It has survived not only five centuries, but also the leap into electronic typesetting, remaining essentially unchanged. It was popularised in the 1960s with the release of Letraset sheets containing Lorem Ipsum passages, and more recently with desktop publishing software like Aldus PageMaker including versions of Lorem Ipsum.</span></p>', 'Morning,Lunch,Dinner', NULL, 1, 262, 'en', 1, '2020-05-20 12:43:02', NULL, NULL),
(11, 'Lunch Pack', 1, '50.00', '<p><strong style=\"color: rgb(0, 0, 0); font-family: &amp;quot;Open Sans&amp;quot;,Arial,sans-serif; font-size: 14px; font-style: normal; font-variant: normal; font-weight: 700; letter-spacing: normal; margin-bottom: 0px; margin-left: 0px; margin-right: 0px; margin-top: 0px; orphans: 2; padding-bottom: 0px; padding-left: 0px; padding-right: 0px; padding-top: 0px; text-align: justify; text-decoration: none; text-indent: 0px; text-transform: none; -webkit-text-stroke-width: 0px; white-space: normal; word-spacing: 0px;\">Lorem Ipsum</strong><span style=\"display: inline !important; float: none; background-color: rgb(255, 255, 255); color: rgb(0, 0, 0); font-family: &quot;Open Sans&quot;,Arial,sans-serif; font-size: 14px; font-style: normal; font-variant: normal; font-weight: 400; letter-spacing: normal; orphans: 2; text-align: justify; text-decoration: none; text-indent: 0px; text-transform: none; -webkit-text-stroke-width: 0px; white-space: normal; word-spacing: 0px;\"> is simply dummy text of the printing and typesetting industry. Lorem Ipsum has been the industry&#39;s standard dummy text ever since the 1500s, when an unknown printer took a galley of type and scrambled it to make a type specimen book. It has survived not only five centuries, but also the leap into electronic typesetting, remaining essentially unchanged. It was popularised in the 1960s with the release of Letraset sheets containing Lorem Ipsum passages, and more recently with desktop publishing software like Aldus PageMaker including versions of Lorem Ipsum.</span></p>', 'Morning,Lunch,Dinner', NULL, 1, 263, 'en', 1, '2020-05-20 12:43:38', NULL, NULL),
(12, 'Dinner Pack', 1, '30.00', '<p><strong style=\"color: rgb(0, 0, 0); font-family: &amp;quot;Open Sans&amp;quot;,Arial,sans-serif; font-size: 14px; font-style: normal; font-variant: normal; font-weight: 700; letter-spacing: normal; margin-bottom: 0px; margin-left: 0px; margin-right: 0px; margin-top: 0px; orphans: 2; padding-bottom: 0px; padding-left: 0px; padding-right: 0px; padding-top: 0px; text-align: justify; text-decoration: none; text-indent: 0px; text-transform: none; -webkit-text-stroke-width: 0px; white-space: normal; word-spacing: 0px;\">Lorem Ipsum</strong><span style=\"display: inline !important; float: none; background-color: rgb(255, 255, 255); color: rgb(0, 0, 0); font-family: &quot;Open Sans&quot;,Arial,sans-serif; font-size: 14px; font-style: normal; font-variant: normal; font-weight: 400; letter-spacing: normal; orphans: 2; text-align: justify; text-decoration: none; text-indent: 0px; text-transform: none; -webkit-text-stroke-width: 0px; white-space: normal; word-spacing: 0px;\"> is simply dummy text of the printing and typesetting industry. Lorem Ipsum has been the industry&#39;s standard dummy text ever since the 1500s, when an unknown printer took a galley of type and scrambled it to make a type specimen book. It has survived not only five centuries, but also the leap into electronic typesetting, remaining essentially unchanged. It was popularised in the 1960s with the release of Letraset sheets containing Lorem Ipsum passages, and more recently with desktop publishing software like Aldus PageMaker including versions of Lorem Ipsum.</span></p>', 'Morning,Lunch,Dinner', NULL, 1, 264, 'en', 1, '2020-05-20 12:44:09', NULL, NULL),
(13, 'Snack Pack', 1, '80.00', '<p><strong style=\"color: rgb(0, 0, 0); font-family: &amp;quot;Open Sans&amp;quot;,Arial,sans-serif; font-size: 14px; font-style: normal; font-variant: normal; font-weight: 700; letter-spacing: normal; margin-bottom: 0px; margin-left: 0px; margin-right: 0px; margin-top: 0px; orphans: 2; padding-bottom: 0px; padding-left: 0px; padding-right: 0px; padding-top: 0px; text-align: justify; text-decoration: none; text-indent: 0px; text-transform: none; -webkit-text-stroke-width: 0px; white-space: normal; word-spacing: 0px;\">Lorem Ipsum</strong><span style=\"display: inline !important; float: none; background-color: rgb(255, 255, 255); color: rgb(0, 0, 0); font-family: &quot;Open Sans&quot;,Arial,sans-serif; font-size: 14px; font-style: normal; font-variant: normal; font-weight: 400; letter-spacing: normal; orphans: 2; text-align: justify; text-decoration: none; text-indent: 0px; text-transform: none; -webkit-text-stroke-width: 0px; white-space: normal; word-spacing: 0px;\"> is simply dummy text of the printing and typesetting industry. Lorem Ipsum has been the industry&#39;s standard dummy text ever since the 1500s, when an unknown printer took a galley of type and scrambled it to make a type specimen book. It has survived not only five centuries, but also the leap into electronic typesetting, remaining essentially unchanged. It was popularised in the 1960s with the release of Letraset sheets containing Lorem Ipsum passages, and more recently with desktop publishing software like Aldus PageMaker including versions of Lorem Ipsum.</span></p>', 'Morning,Lunch,Dinner', NULL, 1, 265, 'en', 1, '2020-05-20 12:44:37', NULL, NULL);

-- --------------------------------------------------------

--
-- Table structure for table `review`
--

CREATE TABLE `review` (
  `entity_id` int(11) NOT NULL,
  `restaurant_id` int(11) DEFAULT NULL,
  `user_id` int(11) NOT NULL,
  `review` text DEFAULT NULL,
  `rating` varchar(255) DEFAULT NULL,
  `order_user_id` int(11) DEFAULT NULL COMMENT 'order''s user',
  `status` tinyint(4) DEFAULT 1,
  `created_by` int(11) DEFAULT NULL,
  `created_date` datetime DEFAULT current_timestamp(),
  `updated_by` int(11) DEFAULT NULL,
  `updated_date` datetime DEFAULT NULL
) ENGINE=InnoDB DEFAULT CHARSET=latin1;

--
-- Dumping data for table `review`
--

INSERT INTO `review` (`entity_id`, `restaurant_id`, `user_id`, `review`, `rating`, `order_user_id`, `status`, `created_by`, `created_date`, `updated_by`, `updated_date`) VALUES
(1, 1, 177, 'Best quality food delivered...!!!', '5', 0, 1, NULL, '2019-12-03 05:30:10', NULL, NULL),
(2, 1, 178, 'Good..!!', '5', 0, 1, NULL, '2019-12-03 05:59:23', NULL, NULL),
(3, NULL, 167, 'Thank you', '4', 6, 1, NULL, '2019-12-03 06:18:25', NULL, NULL),
(5, NULL, 167, 'Thank you', '5', 40, 1, NULL, '2019-12-18 13:54:38', NULL, NULL),
(6, NULL, 167, 'Good', '5', 42, 1, NULL, '2019-12-18 14:03:49', NULL, NULL),
(12, 1, 14, 'test test test', '3', 0, 1, NULL, '2019-12-19 05:23:58', NULL, NULL),
(13, 1, 184, 'Msg', '3.5909088135', 0, 1, NULL, '2019-12-19 05:27:31', NULL, NULL),
(14, 1, 184, 'Good', '3.0875500488', 0, 1, NULL, '2019-12-19 05:28:19', NULL, NULL),
(15, 1, 184, 'Test', '5', 0, 1, NULL, '2019-12-19 05:29:41', NULL, NULL),
(16, 1, 184, 'Bh', '3.5472729492', 0, 1, NULL, '2019-12-19 05:31:08', NULL, NULL),
(29, 1, 184, 'Sus', '3.416362915', 0, 1, NULL, '2019-12-19 05:39:20', NULL, NULL),
(30, 1, 184, 'Nic food', '3.4890905762', 0, 1, NULL, '2019-12-19 05:39:41', NULL, NULL),
(31, 1, 184, 'Nice', '4.696362915', 0, 1, NULL, '2019-12-19 05:40:23', NULL, NULL),
(32, 1, 184, 'Nic', '2.5145452881', 0, 1, NULL, '2019-12-19 05:41:01', NULL, NULL),
(33, 1, 184, 'Hzhz', '2.5', 0, 1, NULL, '2019-12-19 05:41:07', NULL, NULL),
(34, 1, 184, 'Shsh', '2.5', 0, 1, NULL, '2019-12-19 05:41:17', NULL, NULL),
(35, 1, 184, 'Zhhs', '2.66', 0, 1, NULL, '2019-12-19 05:41:29', NULL, NULL),
(36, 1, 184, 'Hsh', '2.5', 0, 1, NULL, '2019-12-19 05:42:23', NULL, NULL),
(37, 1, 184, 'Goo', '3.8672723389', 0, 1, NULL, '2019-12-19 05:45:50', NULL, NULL),
(38, 1, 184, 'Tt', '4.26', 0, 1, NULL, '2019-12-19 05:46:07', NULL, NULL),
(39, 1, 184, 'Giis', '3.1109094238', 0, 1, NULL, '2019-12-19 05:49:20', NULL, NULL),
(40, 1, 184, 'Hhk', '4.0709094238', 0, 1, NULL, '2019-12-19 05:49:52', NULL, NULL),
(42, 1, 184, 'Good', '3.6345458984', 0, 1, NULL, '2019-12-19 06:30:08', NULL, NULL),
(44, 1, 184, 'Hhj', '4.5218182373', 0, 1, NULL, '2019-12-19 06:44:14', NULL, NULL),
(47, 1, 184, 'Dddd', '5', 0, 1, NULL, '2019-12-19 08:22:04', NULL, NULL),
(51, 1, 184, 'They sent stale food. Disappointed', '1.6272729492', 0, 1, NULL, '2019-12-20 05:29:03', NULL, NULL),
(53, 1, 187, 'Good', '3.6781817627', 0, 1, NULL, '2019-12-27 13:54:16', NULL, NULL),
(54, NULL, 166, 'Thank you', '5', 77, 1, NULL, '2019-12-30 04:50:25', NULL, NULL),
(59, 1, 186, 'Testing review', '5', 0, 1, NULL, '2019-12-31 10:55:02', NULL, NULL),
(60, 1, 187, 'Test', '4.5', 0, 1, NULL, '2020-01-01 09:47:22', NULL, NULL),
(61, 1, 187, 'Woooowwww', '3', 0, 1, NULL, '2020-01-01 14:18:09', NULL, NULL),
(64, 27, 218, 'Best Food', '2', NULL, 1, 218, '2020-05-14 16:50:54', NULL, NULL),
(66, 1, 205, 'test review added', '4', NULL, 1, 205, '2020-05-20 14:11:26', NULL, NULL),
(67, 27, 187, 'Yes', '4.5', 0, 1, NULL, '2020-05-21 10:56:15', NULL, NULL),
(68, 27, 220, 'awesome food!!', '5', NULL, 1, 220, '2020-05-22 11:04:40', NULL, NULL),
(69, 27, 207, 'The quality of food is excellent ???? and the service was awesome ????????', '4', 0, 1, NULL, '2020-05-22 18:17:27', NULL, NULL),
(70, 1, 205, 'Lorem ipsum dolor sit amet, consectetur adipiscing elit. Sed sem diam, tincidunt a congue id, mattis at mauris. Sed ultrices, lectus nec efficitur dignissim, justo leo porta leo, nec ornare dui turpis eget quam.', '4', 0, 1, NULL, '2020-05-23 13:26:01', NULL, NULL),
(71, 1, 248, 'nice', '5', NULL, 1, 248, '2020-06-18 18:43:45', NULL, NULL);

-- --------------------------------------------------------

--
-- Table structure for table `slider_image`
--

CREATE TABLE `slider_image` (
  `entity_id` int(11) NOT NULL,
  `image` varchar(255) DEFAULT NULL,
  `status` tinyint(4) DEFAULT 1
) ENGINE=InnoDB DEFAULT CHARSET=latin1;

--
-- Dumping data for table `slider_image`
--

INSERT INTO `slider_image` (`entity_id`, `image`, `status`) VALUES
(1, NULL, 1),
(2, NULL, 1),
(3, NULL, 1),
(4, NULL, 1),
(5, NULL, 1),
(6, NULL, 1);

-- --------------------------------------------------------

--
-- Table structure for table `system_option`
--

CREATE TABLE `system_option` (
  `SystemOptionID` int(11) NOT NULL,
  `OptionName` varchar(255) CHARACTER SET utf8 DEFAULT NULL,
  `OptionName_ar` varchar(255) CHARACTER SET utf8 DEFAULT NULL,
  `OptionName_fr` varchar(255) DEFAULT NULL,
  `OptionSlug` varchar(255) CHARACTER SET utf8 DEFAULT NULL,
  `OptionValue` varchar(255) CHARACTER SET utf8 DEFAULT NULL,
  `CreatedBy` int(11) DEFAULT NULL,
  `CreadedDate` timestamp NULL DEFAULT current_timestamp(),
  `UpdatedBy` int(11) DEFAULT NULL,
  `UpdatedDate` datetime DEFAULT NULL
) ENGINE=InnoDB DEFAULT CHARSET=latin1;

--
-- Dumping data for table `system_option`
--

INSERT INTO `system_option` (`SystemOptionID`, `OptionName`, `OptionName_ar`, `OptionName_fr`, `OptionSlug`, `OptionValue`, `CreatedBy`, `CreadedDate`, `UpdatedBy`, `UpdatedDate`) VALUES
(1, 'Admin Email Address', 'عنوان البريد الإلكتروني للمشرف', 'Adresse e-mail de l\'administrateur', 'Admin_Email_Address', 'testtesting058@gmail.com', 1, '2018-06-20 12:22:20', NULL, '2019-09-26 05:30:43'),
(2, 'Android Version', 'نسخة أندرويد', 'Version Android', 'android_version', '1.0', 1, '2018-06-20 12:28:00', NULL, '2019-09-26 05:30:43'),
(3, 'Ios Version', 'إصدار Ios', 'Version Ios', 'ios_version', '1.0', 1, '2018-06-20 12:28:00', NULL, '2019-09-26 05:30:43'),
(4, 'Site Title', 'عنوان الموق', 'Titre du site', 'site_title', 'Foundation for Sites', 1, '2016-12-12 08:59:49', NULL, '2019-09-26 05:30:43'),
(5, 'Site Keyword', 'الكلمة الرئيسية للموق', 'Mot-clé du site', 'site_keyword', 'Foundation for Sites', 1, '2016-12-12 08:59:49', NULL, '2019-09-26 05:30:43'),
(6, 'Site Description', 'وصف الموقع', 'Description du site', 'site_description', 'Foundation for Sites', 1, '2016-12-12 09:00:21', NULL, '2019-09-26 05:30:43'),
(7, 'Email From Name', 'البريد الإلكتروني من عند اسم', 'Nom de l\'expéditeur du mail', 'Email_From_Name', 'NoReply12', NULL, '2016-07-18 20:54:16', NULL, '2019-09-26 05:30:43'),
(8, 'From Email Address', 'من ع البريد الالكتروني', 'Adresse e-mail de l\'expéditeur', 'From_Email_Address', 'testtesting058@gmail.com', NULL, '2016-07-18 20:54:44', NULL, '2019-09-26 05:30:43'),
(9, 'Commission Of Driver( < 3 KM)', 'عمولة السائق (<3 كم)', 'Commission des conducteurs( < 3 KM)', 'driver_commission_less', '25', 1, '2019-08-12 12:29:20', NULL, '2019-09-26 05:30:43'),
(10, 'Commission Of Driver( > 3 KM)', 'عمولة السائق (> 3 كم)', 'Commission des conducteurs( > 3 KM)', 'driver_commission_more', '100', 1, '2019-08-12 12:29:47', NULL, '2019-09-26 05:30:43'),
(11, 'Facebook', 'الفيسبوك', 'Facebook', 'facebook', 'https://www.facebook.com/eatance/', 1, '2020-05-20 10:45:14', NULL, NULL),
(12, 'Twitter', 'تويتر', 'Twitter', 'twitter', 'https://twitter.com/eatanceapp/', 1, '2020-05-20 10:45:14', NULL, NULL),
(13, 'Linkedin', 'لينكد إن', 'Linkedin', 'linkedin', 'https://www.linkedin.com/showcase/eatance-app/', 1, '2020-05-20 10:45:56', NULL, NULL);

-- --------------------------------------------------------

--
-- Table structure for table `users`
--

CREATE TABLE `users` (
  `entity_id` int(11) NOT NULL,
  `first_name` varchar(100) DEFAULT NULL,
  `last_name` varchar(100) DEFAULT NULL,
  `phone_code` varchar(20) DEFAULT NULL,
  `mobile_number` varchar(20) DEFAULT NULL,
  `email` varchar(100) DEFAULT NULL,
  `password` varchar(255) DEFAULT NULL,
  `user_type` enum('MasterAdmin','Admin','User','Driver') NOT NULL,
  `status` tinyint(4) NOT NULL DEFAULT 0 COMMENT '1- active',
  `active` tinyint(4) DEFAULT NULL COMMENT '1- active',
  `image` varchar(255) DEFAULT NULL,
  `email_verification_code` varchar(255) DEFAULT NULL,
  `notification` tinyint(4) DEFAULT 1,
  `device_id` text DEFAULT NULL,
  `language_slug` varchar(10) DEFAULT NULL,
  `active_code` varchar(255) DEFAULT NULL,
  `created_by` int(11) DEFAULT NULL,
  `created_date` timestamp NULL DEFAULT current_timestamp(),
  `updated_by` int(11) DEFAULT NULL,
  `updated_date` datetime DEFAULT NULL
) ENGINE=InnoDB DEFAULT CHARSET=latin1;

--
-- Dumping data for table `users`
--

INSERT INTO `users` (`entity_id`, `first_name`, `last_name`, `phone_code`, `mobile_number`, `email`, `password`, `user_type`, `status`, `active`, `image`, `email_verification_code`, `notification`, `device_id`, `language_slug`, `active_code`, `created_by`, `created_date`, `updated_by`, `updated_date`) VALUES
(1, 'Master', 'Admin', NULL, NULL, 'support@eatanceapp.com', '2adbb4ebc97c8765ec5d735bb967fb49', 'MasterAdmin', 1, 0, NULL, 'P9U2upK7tZTReJsFDXjV1Qf7cj', NULL, NULL, NULL, '86b7a0fc', NULL, '2018-09-12 06:46:02', NULL, NULL),
(162, 'Hh', 'User', NULL, '9510754949', 'jdrocks2691@gmail.com', '7a95726810b8169958efa19681ce9629', 'User', 1, NULL, NULL, 'ck6Jte7uz5GwmIRH3KbB162G17hk', 1, 'f8EGYNX8424:APA91bFR4OdiaGHVgtUXDw1CBgVMjxBlwOtL1lflCcOTwYFA0EF3ZhiSks7oTrHL2GnkU0CIZFDEYA-UlueYsny3bNXiIUfQQn0-O-nElcdGACiWHK4mG4ldPzbi4l9N9Uzstvlszr9n', 'en', NULL, NULL, '2019-11-29 11:44:09', 1, '2019-12-02 02:23:02'),
(163, 'Joe', 'User', NULL, '9714388055', 'jay@058evincedev.com', '30cf6fcb5a798b82ecd365f59985bd65', 'User', 1, NULL, NULL, 'Q8sD07AJtHINokB3pVzE163khqfO', 1, 'f8EGYNX8424:APA91bFR4OdiaGHVgtUXDw1CBgVMjxBlwOtL1lflCcOTwYFA0EF3ZhiSks7oTrHL2GnkU0CIZFDEYA-UlueYsny3bNXiIUfQQn0-O-nElcdGACiWHK4mG4ldPzbi4l9N9Uzstvlszr9n', 'bn', NULL, NULL, '2019-11-29 11:45:48', 1, '2019-12-02 02:22:27'),
(164, 'Ranajit', 'User', NULL, '7739831573', 'ra@yopmail.com', 'cf151c6fbe237029f2e7bc14158500b4', 'User', 1, NULL, NULL, 'TRkadvLSNW7uZmg2GOi4164v9xzj', 1, 'dfVE9kCPZAI:APA91bHa0OyfSZFQe0RUV8eC0lvhwluH7Zs1MqXW3oqda6_Z4V4uwikZE5_7lO7xlH3Gmf0NuQ9q2WIC9rvPHDAZ-crabHeyp_jtzmDxncQ0qx0kjNT51NLvbpwv1tn1lGrnQj3XRDgs', NULL, NULL, NULL, '2019-11-29 12:49:33', 1, '2019-11-29 06:22:47'),
(165, 'Ranajit', 'User', NULL, '7739831845', 'rsahan11a1233@gmail.com', '30cf6fcb5a798b82ecd365f59985bd65', 'User', 1, NULL, NULL, 'Lw87psqPyh6CSYKRXQiF165KZ9s7', 1, 'dfVE9kCPZAI:APA91bHa0OyfSZFQe0RUV8eC0lvhwluH7Zs1MqXW3oqda6_Z4V4uwikZE5_7lO7xlH3Gmf0NuQ9q2WIC9rvPHDAZ-crabHeyp_jtzmDxncQ0qx0kjNT51NLvbpwv1tn1lGrnQj3XRDgs', NULL, NULL, NULL, '2019-11-29 12:53:21', 1, '2019-12-02 12:42:43'),
(166, 'Demo Driver', NULL, NULL, '1000000000', '', '2adbb4ebc97c8765ec5d735bb967fb49', 'Driver', 0, NULL, NULL, NULL, 1, 'c909LPZfbzM:APA91bFEzgjPciWy9dD0UgGTDp00pe-6l2apPh7cGiUqiHfLRkdMx92Dh-gLx8bdtNZJWZEcIgP6gDxO4O5IC9M7DlVv532w7lB-mVkF8kB7HV22Mgkgp5AhbvcgP9OGhkTx2b8PHci0', NULL, NULL, 1, '2019-11-29 13:31:02', 1, '2020-05-21 01:06:40'),
(167, 'Sara', NULL, NULL, '1050105050', '', 'a2c05baecd749c2b782d653e221fbe13', 'Driver', 1, NULL, NULL, NULL, 1, 'fliz2I_zTmI:APA91bEyNVnapa8f6dBrJShmtgATCgSIIn1EKikshVn1hJdmOh7_c8_LvoLQXlpTSSz4lJ-H0Hn78Glopk6G6ZtL4nvkmI828_x39N4ZpRbmuFMCMUcR6rWfmOE2GsmrerTVsNQptrtQ', 'en', NULL, 1, '2019-12-02 06:23:36', 1, '2020-06-16 05:45:55'),
(168, 'Ranajit', 'Test', NULL, '7739831824', 'rsahandfga1233@gmail.com', '30cf6fcb5a798b82ecd365f59985bd65', 'User', 1, NULL, NULL, 'zrBAtEqnS2HJsm4KbeZv1680sQq3', 1, 'e2K83hxKEko:APA91bHcrdsFlccHCBhU5K9HMpONUC8Z6APaS76ff-hZcORYv4BqQtQcHthyWuwmlkTk5INBc980O5K-SfmPEYazO-Iocxrs0w5LK7viqNSL6wBIU76keeee1Q4AILn1KI12JjrihxR3', NULL, NULL, NULL, '2019-12-02 07:12:53', 1, '2019-12-03 05:53:59'),
(169, 'Ranajit', 'User', NULL, '79922032355', 'rsahghxfana1233@gmail.com', '30cf6fcb5a798b82ecd365f59985bd65', 'User', 1, NULL, NULL, 'EJshbH2xfCSZtQNVBP97169Ss4MY', 1, 'e2K83hxKEko:APA91bHcrdsFlccHCBhU5K9HMpONUC8Z6APaS76ff-hZcORYv4BqQtQcHthyWuwmlkTk5INBc980O5K-SfmPEYazO-Iocxrs0w5LK7viqNSL6wBIU76keeee1Q4AILn1KI12JjrihxR3', NULL, NULL, NULL, '2019-12-02 11:21:37', 1, '2019-12-02 12:46:22'),
(175, 'Ranajit', 'dfs', NULL, '7995403263', 'rsahandfsga1233@gmail.com', '30cf6fcb5a798b82ecd365f59985bd65', 'User', 1, NULL, NULL, 'IPkLVM938mZ0bXpcC7KW175zcWk7', 1, 'e2K83hxKEko:APA91bHcrdsFlccHCBhU5K9HMpONUC8Z6APaS76ff-hZcORYv4BqQtQcHthyWuwmlkTk5INBc980O5K-SfmPEYazO-Iocxrs0w5LK7viqNSL6wBIU76keeee1Q4AILn1KI12JjrihxR3', NULL, NULL, NULL, '2019-12-02 12:46:53', 1, '2019-12-02 12:51:07'),
(176, 'ma', '', NULL, '546858', 'mansi@evincedev.com', '4e794072eae046fe99b7b3c1b8063438', 'User', 1, NULL, NULL, 'MNkRjXt1LihGSOBJpegb176WqkE3', 1, '354456546', NULL, NULL, NULL, '2019-12-02 12:48:45', NULL, NULL),
(177, 'Jd', 'JKay', NULL, '7992203263', 'rsahana1233@gmail.com', '7a95726810b8169958efa19681ce9629', 'User', 1, 1, NULL, '', 1, 'fZPTeSLThxw:APA91bFCaK-jI6OyCMDVZ_EwAHKIkNRXvDrpj09NR9qlQBUoXtrRHSStGlrhQdLHzvEK_8_2lPesOisbof4DpD6ELplVtpWuGJsnjT8akJFH3oO2jQdfv5D6516nqRS4u4T8fLwdH1mU', NULL, NULL, NULL, '2019-12-02 12:52:12', 1, '2019-12-02 02:45:59'),
(178, 'Ranajit', 'testing', NULL, '773983786', 'ranadsgjit@evincesdfdev.com', '7a95726810b8169958efa19681ce9629', 'User', 1, 1, NULL, '', 1, 'fj72UQwytjY:APA91bEbfLuUUj6mzb4QQog6rnsQPf3qZMSBg47KQVpU8zOeei1yzTPLYqRq6zKc0wnhmQ2yE0eHQbwAwyuQlTCjeaBt6kol6_TiDdfDduY4F9TOMEeqj7wyaCky-FRzSaAtnHqp7yzR', NULL, NULL, NULL, '2019-12-03 05:54:44', 1, '2019-12-18 06:17:02'),
(179, 'test', 'test', NULL, '12546352896', 'test@mailinator.com', '2adbb4ebc97c8765ec5d735bb967fb49', 'Admin', 1, NULL, NULL, NULL, 1, NULL, NULL, NULL, 1, '2019-12-03 13:26:32', NULL, NULL),
(180, 'test', 'test', NULL, '14587965212', 'test1234@mailinator.com', '2adbb4ebc97c8765ec5d735bb967fb49', 'Admin', 1, NULL, NULL, NULL, 1, '', NULL, NULL, 1, '2019-12-03 13:32:38', NULL, NULL),
(181, 'testAdmin', 'testAdmin', NULL, '6352417896', 'poojak@mailinator.com', '30cf6fcb5a798b82ecd365f59985bd65', 'Admin', 1, NULL, NULL, 'FksqAf3gVW9tDjNix8ZX181O320l', 1, NULL, NULL, NULL, 1, '2019-12-06 05:43:47', 1, '2019-12-06 07:14:48'),
(182, 'Test', 'User', NULL, '7777777778', 'test1223@malinator.com', '2adbb4ebc97c8765ec5d735bb967fb49', 'User', 1, 1, 'users/a7089bbfd1fd5cff70376d939006d622.png', NULL, 1, 'ezw68OQ0krY:APA91bEXPvYbIqwiZL-jPnsiUSxlcIkYaV3ohU-8yZv0bnA6W80aUwPHDhMj_sa2zP1HA8jWbs9PhOCjwrvUxQCWkxKe_oAt2Km7JY3CvQJqLoOntUwiosAJ1j2nvVaefg66AhJv3cPm', 'bn', NULL, 1, '2019-12-16 10:50:31', 182, '2020-02-12 13:28:51'),
(183, 'Ranajit', 'rgr', NULL, '773983156456', 'ranajidvgdrgt@evincedev.com', '30cf6fcb5a798b82ecd365f59985bd65', 'User', 1, 1, NULL, '', 1, 'c18ExnVtuGo:APA91bELsvWDmGZPt1TOd6aaEFnfMLp6qdQd3uQR2rRdM99Buz5defwkLm6jaU7oDhkZWIPPXFw9DA3vInOkUjne02gkMg9PE9PBK6ewyuIPFXDeWI3AbzPVTV-25YfIpjmCY6bSWzqa', NULL, NULL, NULL, '2019-12-18 06:17:43', 1, '2019-12-27 08:43:51'),
(184, 'Satya', 'sad', NULL, '9937513920', 'satyaranan@evincedev.com', '7a95726810b8169958efa19681ce9629', 'User', 1, 1, NULL, '', 1, '', NULL, NULL, NULL, '2019-12-18 06:25:57', 1, '2019-12-27 10:39:25'),
(185, 'Demo', 'User', NULL, '8888888887', 'test12@yopmail.com', '6ad9da02789d44c092b96a5c5b327ce2', 'User', 1, 1, 'users/cba46fa5f69a133794a9878f0796f369.jpg', '', 1, '', NULL, NULL, NULL, '2019-12-27 08:44:51', 185, '2020-02-25 06:44:26'),
(186, 'Ranajit', 'Tester', NULL, '7739831821', 'ranajit@evincedev.com', '54c057d3352414ecc0774d5e85d9479d', 'User', 1, 1, NULL, '', 1, 'dCSgGS49WKY:APA91bE61HGIqxZQu60mAK7uSGMr52EIiCQvCw4EInkqyzFjhO3BOEDK6asANdh-HBHRuKULtRoKbRmM4gQKbfEv6aoTBAiEvb2B0Al7PHGILBKpOkCB6gWYpSzvdNFX-lXcEY9NzQ3c', 'en', '3f47ed12', NULL, '2019-12-27 10:15:50', 1, '2019-12-31 09:08:43'),
(187, 'Satya', '', NULL, '9937513980', 'satyaranjan@evincedev.com', '7a95726810b8169958efa19681ce9629', 'User', 1, 1, NULL, '', 1, 'dfjRueNHREywJFnx7fya_N:APA91bHlE_AaDjjThZ8B7UEWIBxWohsmJeCge8nnUipNlRdVqxvTbeS2unn8bSTCf1YplF5hHf4MwrEAaar1-Jhz24FhFvawTf2lE9XYuzGT9jBP4JUgagz_X0NoLEMNt-uE2CFDVedO', 'fr', NULL, NULL, '2019-12-27 10:39:59', NULL, NULL),
(188, 'Ranajit', 'Restaurant', NULL, '7739451855', 'ranajit1233@mailinator.com', '30cf6fcb5a798b82ecd365f59985bd65', 'Admin', 1, NULL, NULL, NULL, 1, NULL, NULL, NULL, 1, '2019-12-30 09:19:28', 1, '2019-12-31 06:56:01'),
(189, 'Prasant', '456', NULL, '7735556758', 'pkpkanha699@gmail.com', '6ad9da02789d44c092b96a5c5b327ce2', 'User', 1, 1, NULL, '', 1, 'fn3v1J_wErI:APA91bEVaUdkDmn5qzas6J2t8q33xtm0dHl8eJwn0qm_q5ulxCesG9jKubT0uXVRLK119OhrnAc1qjhWLDGBnqdETnSjP6kbfO645OB4-qAA-F8N-oRnQmzHcJl0twfmjOo5EYy5PTEC', 'en', NULL, NULL, '2020-01-01 15:23:42', 1, '2020-02-06 10:31:43'),
(191, 'pooja', '', NULL, NULL, NULL, '2adbb4ebc97c8765ec5d735bb967fb49', 'User', 1, NULL, NULL, NULL, 1, NULL, NULL, NULL, NULL, '2020-01-20 06:30:06', NULL, NULL),
(192, 'Eatance', 'User', NULL, '6325632563', 'gdsrt@dfsh.dfh', '30cf6fcb5a798b82ecd365f59985bd65', 'User', 1, NULL, NULL, NULL, 1, NULL, NULL, NULL, NULL, '2020-01-31 12:45:21', 1, '2020-04-10 10:57:51'),
(197, 'yogeshwari', '', NULL, NULL, 'yogeshwari@evincedev.com', '2adbb4ebc97c8765ec5d735bb967fb49', 'User', 0, 1, NULL, '', 1, NULL, NULL, NULL, NULL, '2020-02-06 06:20:40', NULL, NULL),
(198, 'yogini', '', NULL, '7069545579', 'yogini.evince@gmail.com', 'ec522e9419228b17e7d1211a21116069', 'User', 0, NULL, NULL, 'wP0raYQfONSl6qBuvZtiXvu7B', 1, NULL, NULL, NULL, NULL, '2020-02-12 13:27:18', NULL, NULL),
(199, 'Laza', 'Razafimbelo', NULL, '0784899583', 'lazarazafimbelo@gmail.com', '4f86d303ba4519bb2d1558d8e13b068d', 'User', 1, NULL, NULL, 'u6ndzwVlLr4GOKDt3MCkYCVUT', 1, NULL, NULL, NULL, NULL, '2020-02-24 16:06:30', NULL, NULL),
(200, 'Prakash', '', NULL, '9714375252', 'plvaniya@gmail.com', 'a5f7a510d707167bc60ba22d6812f78e', 'User', 0, NULL, NULL, 'bDkT0IijaG3rAc2wZ6mJnxkCr', 1, NULL, NULL, NULL, NULL, '2020-03-07 04:06:37', NULL, NULL),
(201, 'test', 'test2', NULL, '294283428009482', 'i@tst.com', '50f665608b0c8a3b52acb3e5f86c1478', 'Admin', 0, NULL, NULL, NULL, 1, NULL, NULL, NULL, 1, '2020-03-16 18:00:16', NULL, NULL),
(202, 'dasdasd', 'asdasd', NULL, '12312312', 'mail@mail.com', '73ca20253248f3ac7df151744f0f9e01', 'Admin', 0, NULL, NULL, NULL, 1, NULL, NULL, NULL, 1, '2020-03-25 05:55:09', 1, '2020-03-25 06:37:10'),
(203, 'sabastian coke', NULL, NULL, '7542301359', '', '54e319210ca051070015a1571e6f5792', 'Driver', 1, NULL, NULL, NULL, 1, NULL, NULL, NULL, 1, '2020-04-03 11:29:19', NULL, NULL),
(204, 'rafuzi', '', NULL, '0125203632', 'zainol.rasid@gmail.com', '9fcedcb899d5c01143aaddf851f5a6b8', 'User', 0, NULL, NULL, 'j2mBCvyNz3QDlZ1Jpbx529TKO', 1, NULL, NULL, NULL, NULL, '2020-04-06 10:23:40', NULL, NULL),
(205, 'John', 'Linkn', NULL, '1234567890', 'test235@mailinator.com', '2adbb4ebc97c8765ec5d735bb967fb49', 'User', 0, 1, NULL, '', 0, '987654321', NULL, NULL, 1, '2020-04-09 07:00:27', 205, '2020-05-23 15:51:04'),
(206, 'Paul', '', NULL, '7877680810', 'paul@evdpl.com', '88f9e64c3b68c52114d2b5deeaed3277', 'User', 1, NULL, NULL, 'RejsUEQvrThK6po7d4carW3wy', 1, NULL, NULL, NULL, NULL, '2020-04-09 13:00:22', NULL, NULL),
(207, 'Surabhi', 'Tomer', NULL, '7665317837', 'shalutomer01@gmail.com', '2adbb4ebc97c8765ec5d735bb967fb49', 'User', 1, 1, 'users/6662576190357ac79016bd849ef73dd8.jpg', '6R7j128aAXLg0BFpcTIM207a1dEZ', 1, 'cYe__iDL5zg:APA91bH_hCgTU92_XBsrn1CvPO-Gy-p4cx88Y_pRlfZ8UJkxp70K60IimvDlaeBWEiu2XOKtwUxulUeq17TTzsE24nPQ2toQJrtV-5Wj7pU5XW2zozmOpCivyjT_zCGit0-re_4EUFkZ', 'fr', NULL, NULL, '2020-04-10 10:05:25', 207, '2020-06-04 11:25:52'),
(208, 'Paul', 'Smith', NULL, '8094673976', 'dushyantsh70@gmail.com', '88f9e64c3b68c52114d2b5deeaed3277', 'User', 1, NULL, NULL, 'cWAT7qkFitBY39RdyxaKlvJxV', 1, NULL, NULL, NULL, NULL, '2020-04-10 10:19:42', NULL, NULL),
(209, 'mansi', '', NULL, '2020202020', 'mansi@yopmail.com', '2adbb4ebc97c8765ec5d735bb967fb49', 'User', 1, 1, NULL, '', 1, NULL, NULL, NULL, NULL, '2020-04-14 10:20:27', NULL, NULL),
(210, 'Miguel', '', NULL, '6623469380', 'miguel.medina.villegas@hotmail.com', 'cc97499e390586d3eb7b435ffefe14ac', 'User', 1, 1, NULL, '', 1, NULL, NULL, NULL, NULL, '2020-04-15 05:15:51', NULL, NULL),
(211, 'Francisco', 'Salazar Campillo', NULL, '6621200268', 'franciscosalazarcampillo@gmail.com', '4e794072eae046fe99b7b3c1b8063438', 'User', 1, NULL, NULL, '1xrLX4k6KucTOF5JjloqrVIqw', 1, NULL, NULL, NULL, NULL, '2020-04-15 05:47:32', NULL, NULL),
(212, 'FSC', '', NULL, '5544168201', 'francisco_sc@hotmail.com', '4e794072eae046fe99b7b3c1b8063438', 'User', 1, NULL, NULL, 'YuNWAKPJ6i9ptsMkZQoeNU5wE', 1, NULL, NULL, NULL, NULL, '2020-04-15 06:05:14', NULL, NULL),
(213, 'kfyu', '', NULL, '1234567899', 'tk@fdj.ruky', '0c2f7209ab1a0dfdb2f6bbfc7a8504d1', 'User', 1, NULL, NULL, 'A0GTwLuBDXERoHazf52dRaNOP', 1, NULL, NULL, NULL, NULL, '2020-04-17 13:18:24', NULL, NULL),
(214, 'John', NULL, NULL, '7665317830', '', '30cf6fcb5a798b82ecd365f59985bd65', 'Driver', 0, NULL, NULL, NULL, 1, NULL, NULL, NULL, 1, '2020-04-21 06:32:47', NULL, NULL),
(215, 'Kristine', 'martinek', NULL, '9724501706', 'kris@mailinator.com', '7a95726810b8169958efa19681ce9629', 'User', 1, 1, NULL, '', 1, NULL, NULL, NULL, NULL, '2020-04-21 11:42:14', 215, '2020-04-21 17:32:24'),
(216, 'Garima', '', NULL, '34674343', 'garima12@yopmail.com', '30cf6fcb5a798b82ecd365f59985bd65', 'User', 1, 1, NULL, '', 1, NULL, NULL, NULL, NULL, '2020-04-22 11:09:42', NULL, NULL),
(217, 'Test', 'Test', NULL, '0123654789', 'rohan1@yopmail.com', '30cf6fcb5a798b82ecd365f59985bd65', 'User', 1, NULL, NULL, '', 1, NULL, NULL, NULL, NULL, '2020-05-12 06:16:10', 1, '2020-05-19 11:48:12'),
(218, 'Ranajit', 'Sahana', NULL, '78999999', 'ranajit12@yopmail.com', '6ad9da02789d44c092b96a5c5b327ce2', 'User', 1, 1, NULL, '', 1, NULL, NULL, NULL, NULL, '2020-05-12 10:26:22', 218, '2020-05-14 16:46:47'),
(219, 'test', '', NULL, '8888888888', 'lara@mailinator.com', 'c02e93738dad49fb1178b52921835ade', 'User', 0, 1, NULL, '', 1, NULL, NULL, NULL, NULL, '2020-05-13 09:04:49', NULL, NULL),
(220, 'Devika_test', '', NULL, '7049229399', 'devika.evdpl@gmail.com', '26bfcf8c0791e95161125dda01faa4cd', 'User', 1, 1, NULL, '4umo3ngMHtSJbjWAOf28220C5E7M', 1, NULL, NULL, NULL, NULL, '2020-05-13 11:41:26', 220, '2020-05-13 17:46:14'),
(221, 'Test', '', NULL, '123789456', 'testeat3@gmail.com', '6ad9da02789d44c092b96a5c5b327ce2', 'User', 1, NULL, NULL, 'BLTPGZ3kDejsztRrqVIn221TdtF9', 1, 'd9bOLys2W9s:APA91bEyVIf_5dv9sjq4E3DcJerTqrUyvYA06pgFffOle0hx4aMTbKd1zJFKSVCASPNLrSeoxnQH6AWGCSZvwFZagHQkE9HPsg-PClLNXyfP2d4tGAhQNxwV0PnZ5DD7i3SU2GiqE7X3', NULL, NULL, NULL, '2020-05-15 06:18:00', NULL, NULL),
(222, 'Satya', '', NULL, '1237894562', 'testeadt3@gmail.com', '236ed62560f41d68530fe643374533a2', 'User', 1, NULL, NULL, 'sryavPF4tDU8gp01TG9R2220eH9p', 1, '9bOLys2W9s:APA91bEyVIf_5dv9sjq4E3DcJerTqrUyvYA06pgFffOle0hx4aMTbKd1zJFKSVCASPNLrSeoxnQH6AWGCSZvwFZagHQkE9HPsg-PClLNXyfP2d4tGAhQNxwV0PnZ5DD7i3SU2GiqE7X3', NULL, NULL, NULL, '2020-05-15 06:19:40', NULL, NULL),
(223, 'Satya', '', NULL, '12378945632', 'testeeadt3@gmail.com', '236ed62560f41d68530fe643374533a2', 'User', 1, NULL, NULL, '1mulRMjsb9P3rK5cOeIU223f5Ikt', 1, '9bOLys2W9s:APA91bEyVIf_5dv9sjq4E3DcJerTqrUyvYA06pgFffOle0hx4aMTbKd1zJFKSVCASPNLrSeoxnQH6AWGCSZvwFZagHQkE9HPsg-PClLNXyfP2d4tGAhQNxwV0PnZ5DD7i3SU2GiqE7X3', NULL, NULL, NULL, '2020-05-15 06:21:28', NULL, NULL),
(224, 'Satya', '', NULL, '987654321', 'testeating@gmail.com', '236ed62560f41d68530fe643374533a2', 'User', 1, NULL, NULL, 'V4Cvxpd5mtTOFAIZGfuU224quhX8', 1, '9bOLys2W9s:APA91bEyVIf_5dv9sjq4E3DcJerTqrUyvYA06pgFffOle0hx4aMTbKd1zJFKSVCASPNLrSeoxnQH6AWGCSZvwFZagHQkE9HPsg-PClLNXyfP2d4tGAhQNxwV0PnZ5DD7i3SU2GiqE7X3', NULL, NULL, NULL, '2020-05-15 06:24:35', NULL, NULL),
(225, 'Satya', '', NULL, '1237894560', 'testeatance@yopmail.com', '236ed62560f41d68530fe643374533a2', 'User', 1, 1, NULL, '', 1, '987654321', NULL, NULL, NULL, '2020-05-15 06:25:10', NULL, NULL),
(226, 'Satya', '', NULL, '12378944556', 'testeatance23@yopmail.com', '236ed62560f41d68530fe643374533a2', 'User', 1, NULL, NULL, 'dbW8KzmwIGy7NCV14hAi226pwUcT', 1, '9bOLys2W9s:APA91bEyVIf_5dv9sjq4E3DcJerTqrUyvYA06pgFffOle0hx4aMTbKd1zJFKSVCASPNLrSeoxnQH6AWGCSZvwFZagHQkE9HPsg-PClLNXyfP2d4tGAhQNxwV0PnZ5DD7i3SU2GiqE7X3', NULL, NULL, NULL, '2020-05-15 07:30:54', NULL, NULL),
(227, 'New Test Driver', NULL, NULL, '6060606060', '', '6ad9da02789d44c092b96a5c5b327ce2', 'Driver', 1, NULL, NULL, NULL, 1, 'cff39OjFenI:APA91bErcDNHzn4xy1ZE5blvMtXWfWM84gJhlPa59j3ZJwbMK0WtE96TPK_221qKRCbOAKB1f78eEreAo1NrzJwiltCe0pMkbCOxHmapTsVnh2eXcBghiYsi41rnffe2JFGAJS9XmbVA', NULL, NULL, 1, '2020-05-15 07:48:40', 1, '2020-05-15 01:18:51'),
(228, 'Satya', '', NULL, '123789423232', 'testeatadnce23@yopmail.com', '236ed62560f41d68530fe643374533a2', 'User', 1, NULL, NULL, 'BcfFvTUJoSy8La16Mx3q228EAoGd', 1, '9bOLys2W9s:APA91bEyVIf_5dv9sjq4E3DcJerTqrUyvYA06pgFffOle0hx4aMTbKd1zJFKSVCASPNLrSeoxnQH6AWGCSZvwFZagHQkE9HPsg-PClLNXyfP2d4tGAhQNxwV0PnZ5DD7i3SU2GiqE7X3', NULL, NULL, NULL, '2020-05-15 11:10:30', NULL, NULL),
(229, 'Pooja', '', NULL, '2341567890', 'testk@evincedev.com', '2adbb4ebc97c8765ec5d735bb967fb49', 'User', 1, NULL, NULL, 'H5NcIF3QxhErvSZ8mnoa229P2WmR', 1, '987654321', NULL, NULL, NULL, '2020-05-15 12:01:02', NULL, NULL),
(230, 'test', '', NULL, '121', 'testea@yopmail.com', '236ed62560f41d68530fe643374533a2', 'User', 1, NULL, NULL, 'FXVCPY4upOgWcnem87UN230T69k0', 1, '9bOLys2W9s:APA91bEyVIf_5dv9sjq4E3DcJerTqrUyvYA06pgFffOle0hx4aMTbKd1zJFKSVCASPNLrSeoxnQH6AWGCSZvwFZagHQkE9HPsg-PClLNXyfP2d4tGAhQNxwV0PnZ5DD7i3SU2GiqE7X3', NULL, NULL, NULL, '2020-05-15 12:41:00', NULL, NULL),
(231, 'test', '', NULL, '1212', 'testeda@yopmail.com', '236ed62560f41d68530fe643374533a2', 'User', 1, NULL, NULL, 'a6lC1JVwWgdNHnSZxctM231NMGIr', 1, '9bOLys2W9s:APA91bEyVIf_5dv9sjq4E3DcJerTqrUyvYA06pgFffOle0hx4aMTbKd1zJFKSVCASPNLrSeoxnQH6AWGCSZvwFZagHQkE9HPsg-PClLNXyfP2d4tGAhQNxwV0PnZ5DD7i3SU2GiqE7X3', NULL, NULL, NULL, '2020-05-15 14:01:30', NULL, NULL),
(232, 'test', '', NULL, '12122', 'testedsa@yopmail.com', '236ed62560f41d68530fe643374533a2', 'User', 1, NULL, NULL, 'Esz9MUO7f8A61gkQjn3W232SQaZF', 1, '9bOLys2W9s:APA91bEyVIf_5dv9sjq4E3DcJerTqrUyvYA06pgFffOle0hx4aMTbKd1zJFKSVCASPNLrSeoxnQH6AWGCSZvwFZagHQkE9HPsg-PClLNXyfP2d4tGAhQNxwV0PnZ5DD7i3SU2GiqE7X3', NULL, NULL, NULL, '2020-05-15 14:15:45', NULL, NULL),
(233, 'test', '', NULL, '121562342', 'testetydfdsa@yopmail.com', '236ed62560f41d68530fe643374533a2', 'User', 1, NULL, NULL, 'glOHNkLvD92rJVKj5xG3233fugGY', 1, '9bOLys2W9s:APA91bEyVIf_5dv9sjq4E3DcJerTqrUyvYA06pgFffOle0hx4aMTbKd1zJFKSVCASPNLrSeoxnQH6AWGCSZvwFZagHQkE9HPsg-PClLNXyfP2d4tGAhQNxwV0PnZ5DD7i3SU2GiqE7X3', NULL, NULL, NULL, '2020-05-15 14:24:45', NULL, NULL),
(234, 'Satya', '', NULL, '1472580369', 'testnewyop@yopmail.com', '6ad9da02789d44c092b96a5c5b327ce2', 'User', 1, 1, NULL, '', 1, 'd9bOLys2W9s:APA91bEyVIf_5dv9sjq4E3DcJerTqrUyvYA06pgFffOle0hx4aMTbKd1zJFKSVCASPNLrSeoxnQH6AWGCSZvwFZagHQkE9HPsg-PClLNXyfP2d4tGAhQNxwV0PnZ5DD7i3SU2GiqE7X3', 'en', NULL, NULL, '2020-05-18 05:12:42', NULL, NULL),
(235, 'Rohan', 'test', NULL, '0258963147', 'rohan@yopmail.com', '30cf6fcb5a798b82ecd365f59985bd65', 'User', 1, 1, NULL, '', 1, '', 'en', NULL, NULL, '2020-05-19 05:59:03', 1, '2020-05-19 11:41:32'),
(236, 'Rohan', 'Dutta', NULL, '09517532486', 'rohan2@yomail.com', '30cf6fcb5a798b82ecd365f59985bd65', 'User', 1, NULL, NULL, '7DJcoHKqlMrkQ1NEUSew65j9m', 1, NULL, NULL, NULL, NULL, '2020-05-19 06:18:46', 1, '2020-05-19 11:59:08'),
(237, 'Rohan', 'Dutta', NULL, '7667108697', 'rohan@evincedev.com', '30cf6fcb5a798b82ecd365f59985bd65', 'User', 1, NULL, NULL, NULL, 1, NULL, NULL, NULL, 1, '2020-05-19 06:29:49', NULL, NULL),
(238, 'Rohan', '', NULL, '8975642310', 'rohan123@yopmail.com', '30cf6fcb5a798b82ecd365f59985bd65', 'User', 1, 1, NULL, '', 1, 'f2V997RM4PM:APA91bG68LrR3zXtBHbt3_VArKV-085U7lwrnMQiPhouCKGWM9htZyoqftCIosr9JPUN17DwgN7gh91gUq0T9YId-NtLjTq3zGazdyM5v_df-RyFF8N9ICqVI6f_iIDqCxODtzBgr91k', 'en', NULL, NULL, '2020-05-19 06:41:03', NULL, NULL),
(239, 'stepen', '', NULL, '22222222222', 'stepen@mailinator.com', '30cf6fcb5a798b82ecd365f59985bd65', 'User', 1, 1, NULL, '', 1, NULL, NULL, NULL, NULL, '2020-05-19 08:04:31', NULL, NULL),
(240, 'aman', '', NULL, '9087656767', 'aman@evincedev.com', '30cf6fcb5a798b82ecd365f59985bd65', 'User', 1, NULL, NULL, 'yNPgd67v4X1R9zarZuCsHU6lo', 1, NULL, NULL, NULL, NULL, '2020-05-19 11:44:44', NULL, NULL),
(241, 'Ranajit', '', NULL, '7878787', 'test1255@gmail.com', '6ad9da02789d44c092b96a5c5b327ce2', 'User', 1, NULL, NULL, 'lqS8h4HUaImoD9B5uPrMGyJiT', 1, NULL, NULL, NULL, NULL, '2020-05-20 07:25:56', NULL, NULL),
(242, 'Pooja', '', NULL, '9617867049', 'poojak@evincedev.com', '2adbb4ebc97c8765ec5d735bb967fb49', 'User', 1, 1, 'users/c3cd42344f2417a27e8788a977f65ec6.png', 'Hf0xRc3XnT4rCLpUg6Pi242ysGi0', 1, NULL, NULL, NULL, NULL, '2020-05-20 08:26:39', 242, '2020-06-15 13:02:43'),
(243, 'Ranajit', '', NULL, '7878978', 'test1255@yopmail.com', '6ad9da02789d44c092b96a5c5b327ce2', 'User', 1, 1, 'users/3669cbf543f266b5d150c30be75e2e83.jpg', '', 1, 'dOFnqzck-08:APA91bFpGmPA6WEHzwtvmRyoXOICXZP-qFruYf2-Jf50rGaZlPgnsftfCOsSo76ZrGNWm1078cySQRuGEB2clUlc6b8PsalF46H6xBYrJmX1QTAO0wXGcuJ0uAoolyfvyRpUbmALYW9U', 'en', NULL, NULL, '2020-05-20 09:23:19', 243, '2020-06-15 16:39:20'),
(244, 'test', '', NULL, '7897899', 'test1599@gmail.com', '6ad9da02789d44c092b96a5c5b327ce2', 'User', 1, NULL, NULL, '9fWecXq16SD2OBmzYsIC0HyJX', 1, NULL, NULL, NULL, NULL, '2020-05-20 09:31:10', NULL, NULL),
(245, 'Surabhi', '', NULL, '7868956834', 'surabhi12@yopmail.com', '30cf6fcb5a798b82ecd365f59985bd65', 'User', 1, 1, NULL, '', 1, '', 'en', NULL, NULL, '2020-05-21 07:15:33', NULL, NULL),
(246, 'Demo', NULL, NULL, '74328291021', '', 'd5693debc7a4e77da06075d13a9f72ef', 'Driver', 1, NULL, 'profile/bda4cef120820ecc6879856a529d14ae.jpg', NULL, 1, '', NULL, NULL, 1, '2020-05-21 07:39:21', NULL, NULL),
(247, 'test user', 'testing', NULL, '2345678901', 'abc23@mailinator.com', '2adbb4ebc97c8765ec5d735bb967fb49', 'User', 1, 1, NULL, NULL, 1, NULL, NULL, NULL, 1, '2020-05-22 05:04:53', NULL, NULL),
(248, 'Devikatest2', '-', NULL, '7788994455', 'devikatest2@email.com', '26bfcf8c0791e95161125dda01faa4cd', 'User', 1, 1, NULL, 'iZ8wlFnNRMStCdEqaY1m248yYxt1', 1, NULL, NULL, NULL, NULL, '2020-05-22 06:46:42', 1, '2020-06-10 11:39:58'),
(250, 'John', '', NULL, '7895543232', 'john21@yopmail.com', '30cf6fcb5a798b82ecd365f59985bd65', 'User', 1, 1, NULL, '', 1, NULL, NULL, NULL, NULL, '2020-05-26 11:07:59', NULL, NULL),
(251, 'Marie', 'Doe', NULL, '68327882389', 'marie22@yopmail.com', '30cf6fcb5a798b82ecd365f59985bd65', 'User', 1, NULL, NULL, 'HOVaG2zFy8sfBSnL5pM3Ai30l', 1, NULL, NULL, NULL, NULL, '2020-05-27 12:41:09', 1, '2020-05-28 01:23:02'),
(252, 'Divyanka', 'Tomer', NULL, '849580934', 'divyanka12@yopmail.com', '2adbb4ebc97c8765ec5d735bb967fb49', 'User', 1, 1, NULL, NULL, 1, NULL, NULL, NULL, 1, '2020-05-27 14:03:06', NULL, NULL),
(253, 'Ranajit', '', NULL, '7739831822', 'Test12339@yopmail.com', '6ad9da02789d44c092b96a5c5b327ce2', 'User', 1, 1, NULL, '', 1, 'eiZtgBM-dAQ:APA91bHKMeGBoI4sDb-lh8hZEL-PPoCO7kWnINKWV-6fmppxGKvH8Yp7IXZdFwZjPhp3lfrjFgE5CVbo5-m3o-dpgZ6EcQTBsV51RfXClGJEeS-qY4PGuvqEZQp-6l7TFO7XA-KzkJKU', 'en', NULL, NULL, '2020-06-01 06:14:47', NULL, NULL),
(254, 'Ranajit', '', NULL, '789561233', 'ranajit1996@yopmail.com', '6ad9da02789d44c092b96a5c5b327ce2', 'User', 1, NULL, NULL, '', 1, NULL, NULL, NULL, NULL, '2020-06-03 06:21:18', NULL, NULL),
(255, 'James', '', NULL, '805490490', 'james21@yopmail.com', '2adbb4ebc97c8765ec5d735bb967fb49', 'User', 1, NULL, NULL, 'eEoaS9R4pL1XMyNlDGPZ1EqyH', 1, NULL, NULL, NULL, NULL, '2020-06-04 06:11:57', NULL, NULL),
(256, 'amilley', '', NULL, '7665317839', 'amilley21@yopmail.com', '2adbb4ebc97c8765ec5d735bb967fb49', 'User', 1, NULL, NULL, 'yVSutxvW50PnwMoa81CXUXekL', 1, NULL, NULL, NULL, NULL, '2020-06-04 06:51:47', NULL, NULL),
(257, 'Autres', '', NULL, '7665317890', 'autres22@yopmail.com', '2adbb4ebc97c8765ec5d735bb967fb49', 'User', 1, NULL, NULL, '4wUXc2ZRJkdPu9qt5AVv5hegG', 1, NULL, NULL, NULL, NULL, '2020-06-04 06:53:03', NULL, NULL),
(258, 'test', 'test', NULL, '12345456342', 'test@mail.com', '2adbb4ebc97c8765ec5d735bb967fb49', 'User', 1, 1, NULL, NULL, 1, NULL, NULL, NULL, 1, '2020-06-09 10:07:48', NULL, NULL),
(259, 'Test@124', NULL, NULL, '12121212121212', '', 'e37c6d3e001ab2f757598b694235af85', 'Driver', 0, 1, NULL, NULL, 1, NULL, NULL, NULL, 1, '2020-06-10 06:14:54', 1, '2020-06-10 11:45:25'),
(260, 'mira', '', NULL, '99999999990', 'mira@mailinator.com', '30cf6fcb5a798b82ecd365f59985bd65', 'User', 1, 1, NULL, '', 1, NULL, NULL, NULL, NULL, '2020-06-10 15:00:28', NULL, NULL),
(261, 'Ranajit', '', NULL, '7777777777', 'test7899@gmail.com', '6ad9da02789d44c092b96a5c5b327ce2', 'User', 1, NULL, NULL, 'ZoFWt71kgdKHAnMvulfraCLSW', 1, NULL, NULL, NULL, NULL, '2020-06-11 06:44:53', NULL, NULL),
(262, 'Ranajit', '', NULL, '7777777756', 'test7899@yopmail.com', '6ad9da02789d44c092b96a5c5b327ce2', 'User', 1, 1, NULL, 'zCfQpJsgEbKDFBxHycqu2628NMeA', 1, NULL, NULL, NULL, NULL, '2020-06-11 07:08:50', NULL, NULL),
(263, 'test', 'sample', NULL, '78787878', 'testsam12@yopmail.com', '6ad9da02789d44c092b96a5c5b327ce2', 'User', 1, 1, NULL, NULL, 1, NULL, NULL, NULL, 1, '2020-06-11 13:11:31', NULL, NULL),
(264, 'niiu7', 'ik', NULL, '75282852', 'hy@fhb.tt', '6ad9da02789d44c092b96a5c5b327ce2', 'User', 1, 1, NULL, NULL, 1, NULL, NULL, NULL, 1, '2020-06-12 05:27:05', NULL, NULL),
(265, 'tyh', 'tyrh', NULL, '8752574325', 'tyjr@tyj.uyu', '6ad9da02789d44c092b96a5c5b327ce2', 'User', 1, 1, NULL, NULL, 1, NULL, NULL, NULL, 1, '2020-06-12 05:28:36', NULL, NULL),
(266, 'Jay', 'Jay', NULL, '9510754975', 'jay@evincedev.com', 'a2c05baecd749c2b782d653e221fbe13', 'User', 1, NULL, NULL, 'fmHW1nXzMy9ajZD8upCt266Vkao6', 1, '', NULL, NULL, NULL, '2020-06-15 08:00:07', 1, '2020-06-16 05:51:36'),
(267, 'Test', '', NULL, '123456789', 'test@gmail.com', '3e1b4be7a59c039574dea1cb35d3c83e', 'User', 1, NULL, NULL, '3no9YNmSUdLHDbK7Ga0QL7pGj', 1, NULL, NULL, NULL, NULL, '2020-06-15 21:51:27', NULL, NULL),
(268, 'Test37', '', NULL, '343434', 'test37@gmail.com', '2389f0f2b677f372ed53852368db71d4', 'User', 1, 1, NULL, 'bu2gqTA5VDZpr0YM8HlXpIuej', 1, NULL, NULL, NULL, NULL, '2020-06-18 13:24:26', NULL, NULL);

-- --------------------------------------------------------

--
-- Table structure for table `user_address`
--

CREATE TABLE `user_address` (
  `entity_id` int(11) NOT NULL,
  `user_entity_id` int(11) NOT NULL,
  `address` text NOT NULL,
  `search_area` text DEFAULT NULL,
  `landmark` text DEFAULT NULL,
  `latitude` varchar(50) DEFAULT NULL,
  `longitude` varchar(50) DEFAULT NULL,
  `zipcode` varchar(10) NOT NULL,
  `country` varchar(50) DEFAULT NULL,
  `state` varchar(50) DEFAULT NULL,
  `city` varchar(50) DEFAULT NULL,
  `saved_status` tinyint(4) DEFAULT NULL COMMENT '1 -saved',
  `is_main` tinyint(4) NOT NULL DEFAULT 0
) ENGINE=InnoDB DEFAULT CHARSET=latin1;

--
-- Dumping data for table `user_address`
--

INSERT INTO `user_address` (`entity_id`, `user_entity_id`, `address`, `search_area`, `landmark`, `latitude`, `longitude`, `zipcode`, `country`, `state`, `city`, `saved_status`, `is_main`) VALUES
(1, 177, 'T', NULL, 'D-706, Ganesh Meredian, Chanakyapuri Rd, Vishwas City 1, Sola, Ahmedabad, Gujarat 380061, India', '23.0752115', '72.5254894', '380061', NULL, NULL, 'Gujarat', NULL, 0),
(2, 177, 'Y', NULL, '07, opp. Kargil petrol Pump, Vishwas City 1, Sola, Ahmedabad, Gujarat 380060, India', '23.0752474', '72.5254651', '380060', NULL, NULL, 'Gujarat', NULL, 0),
(3, 178, 'Y', NULL, 'B/405, Vishwas City 1, Sola, Ahmedabad, Gujarat 380061, India', '23.0751907', '72.5255043', '380061', NULL, NULL, 'Gujarat', NULL, 0),
(4, 178, 'Home', NULL, 'D-706, Ganesh Meredian, Chanakyapuri Rd, Vishwas City 1, Sola, Ahmedabad, Gujarat 380061, India', '23.0752071', '72.5254833', '380061', NULL, NULL, 'Gujarat', NULL, 0),
(5, 182, 'Home edited', NULL, 'D-706, Ganesh Meredian, Chanakyapuri Rd, Vishwas City 1, Sola, Ahmedabad, Gujarat 380061, India', '23.075223', '72.5254894', '380061', NULL, NULL, 'Gujarat', NULL, 0),
(7, 183, 'Test', NULL, '3 raybhan estate, Gota, Ahmedabad, Gujarat 382481, Gota, Ahmedabad, Gujarat 380081, India', '23.093928846704', '72.54240475595', '380081', NULL, NULL, 'Gujarat', NULL, 0),
(8, 183, 'Yes', NULL, '152-153,154,155, Gota, Ahmedabad, Gujarat 382481, India', '23.092893208227', '72.536109611392', '382481', NULL, NULL, 'Gujarat', NULL, 0),
(9, 183, 'Silver', NULL, 'Silver Parikrama Rd, near silver parikrama bunglows, Sola, Ahmedabad, Gujarat 380060, India', '23.092721731878', '72.520526647568', '380060', NULL, NULL, 'Gujarat', NULL, 0),
(17, 184, 'Acropolis', NULL, 'Service Rd, Thaltej, Ahmedabad, Gujarat 380058, India', '23.059885840495', '72.520155496895', '380058', NULL, NULL, 'Gujarat', NULL, 0),
(18, 184, 'Zydus', NULL, 'Zydus Hospital, Zydus Hospital Rd, Sola, Ahmedabad, Gujarat 380058, India', '23.059884298064', '72.518076449633', '380058', NULL, NULL, 'Gujarat', NULL, 0),
(25, 184, 'Gzhz', NULL, 'D-706, Ganesh Meredian, Chanakyapuri Rd, Vishwas City 1, Sola, Ahmedabad, Gujarat 380061, India', '23.0752162', '72.525497', '380061', NULL, NULL, 'Gujarat', NULL, 0),
(26, 184, 'Address', NULL, 'D-706, Ganesh Meredian, Chanakyapuri Rd, Vishwas City 1, Sola, Ahmedabad, Gujarat 380061, India', '23.0752145', '72.5254973', '380061', NULL, NULL, 'Gujarat', NULL, 0),
(27, 184, 'Ccf', NULL, 'D-706, Ganesh Meredian, Chanakyapuri Rd, Vishwas City 1, Sola, Ahmedabad, Gujarat 380061, India', '23.075214', '72.5254967', '380061', NULL, NULL, 'Gujarat', NULL, 0),
(28, 184, 'Test address', NULL, 'D-706, Ganesh Meredian, Chanakyapuri Rd, Vishwas City 1, Sola, Ahmedabad, Gujarat 380061, India', '23.0752148', '72.5254973', '380061', NULL, NULL, 'Gujarat', NULL, 0),
(29, 184, 'New', NULL, 'D-706, Ganesh Meredian, Chanakyapuri Rd, Vishwas City 1, Sola, Ahmedabad, Gujarat 380061, India', '23.0752146', '72.5254978', '380061', NULL, NULL, 'Gujarat', NULL, 0),
(30, 184, 'Test', NULL, 'D-706, Ganesh Meredian, Chanakyapuri Rd, Vishwas City 1, Sola, Ahmedabad, Gujarat 380061, India', '23.0752149', '72.5254977', '380061', NULL, NULL, 'Gujarat', NULL, 0),
(32, 184, 'Abc', NULL, '35, Prachina Rd, Royal Nawab Society, Juhapura, Ahmedabad, Gujarat 380055, India', '22.988024871133', '72.523607164621', '380055', NULL, NULL, 'Gujarat', NULL, 0),
(33, 184, 'New', NULL, 'D-706, Ganesh Meredian, Chanakyapuri Rd, Vishwas City 1, Sola, Ahmedabad, Gujarat 380061, India', '23.0752148', '72.5254964', '380061', NULL, NULL, 'Gujarat', NULL, 0),
(34, 184, 'New', NULL, 'D-706, Ganesh Meredian, Chanakyapuri Rd, Vishwas City 1, Sola, Ahmedabad, Gujarat 380061, India', '23.0752139', '72.5254974', '380061', NULL, NULL, 'Gujarat', NULL, 0),
(35, 184, 'New', NULL, 'G-2 Keshav Complex, Bhuyangdev Cross Road, Ghatlodia, Janata Nagar, Umedpark Society, Ghatlodiya, Ahmedabad, Gujarat 380061, India', '23.067446008131', '72.532915100455', '380061', NULL, NULL, 'Gujarat', NULL, 0),
(36, 186, 'Test', NULL, '44-45, Vishwas City 1, Chanakyapuri, Ahmedabad, Gujarat 380061, India', '23.08195991962', '72.533218190074', '380061', NULL, NULL, 'Gujarat', NULL, 1),
(37, 186, 'Test', NULL, 'Dhananjay Bungalows, Sola, Ahmedabad, Gujarat 380081, India', '23.085922333258', '72.522341497242', '380081', NULL, NULL, 'Gujarat', NULL, 0),
(38, 182, 'D-706, Ganesh Meredian, Chanakyapuri Rd, Vishwas City 1, Sola, Ahmedabad, Gujarat 380061, India', NULL, 'D-706, Ganesh Meredian, Chanakyapuri Rd, Vishwas City 1, Sola, Ahmedabad, Gujarat 380061, India', '23.0752148', '72.5255014', '380061', NULL, NULL, 'Gujarat', NULL, 1),
(39, 182, 'Test', NULL, 'B/405, Vishwas City 1, Sola, Ahmedabad, Gujarat 380061, India', '23.0751948', '72.525511', '380061', NULL, NULL, 'Gujarat', NULL, 0),
(40, 182, 'Tests', NULL, 'D-706, Ganesh Meredian, Chanakyapuri Rd, Vishwas City 1, Sola, Ahmedabad, Gujarat 380061, India', '23.075217', '72.5255012', '380061', NULL, NULL, 'Gujarat', NULL, 0),
(41, 182, 'Test 44', NULL, 'D-706, Ganesh Meredian, Chanakyapuri Rd, Vishwas City 1, Sola, Ahmedabad, Gujarat 380061, India', '23.0752037', '72.5254975', '380061', NULL, NULL, 'Gujarat', NULL, 0),
(42, 182, '5 editededitededited', NULL, 'D-706, Ganesh Meredian, Chanakyapuri Rd, Vishwas City 1, Sola, Ahmedabad, Gujarat 380061, India', '23.0752033', '72.5254984', '380061', NULL, NULL, 'Gujarat', NULL, 0),
(43, 186, 'Tester2', NULL, 'b7, khodiyar estate, opp.bhagwat petrol pump, s.g.highway, gota, Gota, Ahmedabad, Gujarat 382481, India', '23.093314496314', '72.532347477973', '382481', NULL, NULL, 'Gujarat', NULL, 0),
(44, 182, 'Ne', NULL, 'D-706, Ganesh Meredian, Chanakyapuri Rd, Vishwas City 1, Sola, Ahmedabad, Gujarat 380061, India', '23.0752044', '72.5254992', '380061', NULL, NULL, 'Gujarat', NULL, 0),
(45, 182, 'Tem0', NULL, 'D-706, Ganesh Meredian, Chanakyapuri Rd, Vishwas City 1, Sola, Ahmedabad, Gujarat 380061, India', '23.0752024', '72.5254984', '380061', NULL, NULL, 'Gujarat', NULL, 0),
(46, 182, 'Test address', NULL, 'D-706, Ganesh Meredian, Chanakyapuri Rd, Vishwas City 1, Sola, Ahmedabad, Gujarat 380061, India', '23.075203', '72.525499', '380061', NULL, NULL, 'Gujarat', NULL, 0),
(47, 187, 'Test', NULL, 'D-706, Ganesh Meredian, Chanakyapuri Rd, Vishwas City 1, Sola, Ahmedabad, Gujarat 380061, India', '23.0752145', '72.5255017', '380061', NULL, NULL, 'Gujarat', NULL, 0),
(48, 186, 'Helo', NULL, '65, Chanakyapuri, Ahmedabad, Gujarat 380061, India', '23.079300870099', '72.534094266593', '380061', NULL, NULL, 'Gujarat', NULL, 0),
(49, 186, '4km', NULL, '9, Sardar Patel Stadium Rd, Amrutbagh Colony, Sadhna Colony, Premnagar Society, Navrangpura, Ahmedabad, Gujarat 380014, India', '23.043720809663', '72.561935260892', '380014', NULL, NULL, 'Gujarat', NULL, 0),
(50, 186, '5km', NULL, '16, Sardar Patel Nagar, Ellisbridge, Ahmedabad, Gujarat 380009, India', '23.032534526389', '72.556881643832', '380009', NULL, NULL, 'Gujarat', NULL, 0),
(51, 186, '2km', NULL, 'Unnamed Road, Ahmedabad, 380061, Vishwas City 1, Chanakyapuri, Ahmedabad, Gujarat 380061, India', '23.074012841785', '72.531176358461', '380061', NULL, NULL, 'Gujarat', NULL, 0),
(52, 186, 'Test', NULL, '29, Karmchari Nagar, Memnagar, Ahmedabad, Gujarat 380061, India', '23.061364715254', '72.547189481556', '380061', NULL, NULL, 'Gujarat', NULL, 0),
(53, 186, '20', NULL, '7, Local Rd, k.K.Nagar, Madhuvrund Society, Nirnay Nagar, Ahmedabad, Gujarat 380061, India', '23.067721162088', '72.545185871422', '380061', NULL, NULL, 'Gujarat', NULL, 0),
(54, 187, 'New', NULL, 'C-77, Panchamrut Bunglows II, Thaltej, Ahmedabad, Gujarat 380059, India', '23.067783781128', '72.519166432321', '380059', NULL, NULL, 'Gujarat', NULL, 0),
(55, 187, 'Test2', NULL, 'Unnamed Road, Valpura, Gujarat 385560, India', '23.849711485896', '71.798677816987', '385560', NULL, NULL, 'Gujarat', NULL, 0),
(56, 187, 'Tef', NULL, 'D-706, Ganesh Meredian, Chanakyapuri Rd, Vishwas City 1, Sola, Ahmedabad, Gujarat 380061, India', '23.0752042', '72.5254969', '380061', NULL, NULL, 'Gujarat', NULL, 0),
(57, 187, 'Test', NULL, 'D-706, Ganesh Meredian, Chanakyapuri Rd, Vishwas City 1, Sola, Ahmedabad, Gujarat 380061, India', '23.0752076', '72.5255268', '380061', NULL, NULL, 'Gujarat', NULL, 0),
(58, 189, '302', NULL, 'C4, Anushruti Tower Sarkhej- Gandhinagar Highway, Bhaikakanagar,Thatlej Ahmedabad Gujarat 380059 IN, Sarkhej - Gandhinagar Hwy, Bhaikakanagar, Thaltej, Ahmedabad, Gujarat 380059, India', '23.0530034', '72.5171158', '380059', NULL, NULL, 'Gujarat', NULL, 0),
(59, 187, 'Test', NULL, '6, Local Rd, Vishwas City 1, Sola, Ahmedabad, Gujarat 380061, India', '23.074397483147', '72.526052668691', '380061', NULL, NULL, 'Gujarat', NULL, 0),
(60, 182, '80/1916 G.h.b. Meghaninagar, Ahmedabad Cantonment, Ahmedabad, Gujarat 380016, India', NULL, 'dfg', '23.058604101811202', '72.60872950360756', '45645', NULL, NULL, 'fgh', NULL, 0),
(64, 182, 'Hantam Municipality, South Africa', NULL, 'South Africa', '-30.301281576017296', '20.494438700000053', '', NULL, NULL, NULL, NULL, 0),
(66, 182, 'new testtesting', NULL, 'testtesting', '23.0757184', '72.5090366', 'testtestin', NULL, NULL, 'testtesting', NULL, 0),
(67, 182, 'dfsdfg', NULL, 'sdfg', '23.0751887', '72.52568870000005', '', NULL, NULL, NULL, NULL, 0),
(68, 182, 'dfsdfg', NULL, 'sdfg', '23.0751887', '72.52568870000005', '', NULL, NULL, NULL, NULL, 0),
(69, 182, 'sadf', NULL, 'Gujarat', '23.0751887', '72.52568870000005', '', NULL, NULL, NULL, NULL, 0),
(70, 182, '', NULL, '', '', '', '', NULL, NULL, '', NULL, 0),
(71, 182, 'In Ghar, Algeria', NULL, 'Algeria edit edit', '26.269285870178024', '1.861626200000055', '', NULL, NULL, NULL, NULL, 0),
(72, 182, 'test', NULL, 'gf', '23.0751887', '72.52568870000005', '', NULL, NULL, NULL, NULL, 0),
(73, 182, 'adfasdfasdfadf', NULL, '', '23.0751887', '72.52568870000005', '', NULL, NULL, NULL, NULL, 0),
(74, 198, 'Washim - Akola Rd, Haldoli, Maharashtra 444401, India', NULL, 'huihuh', '20.463562680060832', '77.09600120000009', '', NULL, NULL, NULL, NULL, 1),
(75, 185, '07, opp. Kargil Petrol Pump, Vishwas City 1, Sola, Ahmedabad, Gujarat 380060, India', NULL, 'Kargil Petrol Pump', '23.075208440870412', '72.52583890370488', '', NULL, NULL, NULL, NULL, 1),
(76, 185, 'A4, Local Rd, Ghatlodiya, Ahmedabad, Gujarat 380061, India', NULL, 'Ghatlodiya', '23.06922077696175', '72.53723129820361', '', NULL, NULL, NULL, NULL, 0),
(77, 182, 'A16, DUONG SO 18, P.HIEP BINH CHANH, Q.THU DUC', NULL, 'HCM', '10.8237897', '106.7196574', '700000', NULL, NULL, 'HCM', NULL, 0),
(78, 205, 'ganesh meridian ', NULL, 'test', '', '', '353454', NULL, NULL, 'city', NULL, 0),
(79, 192, 'Test  Address', NULL, 'Test', '37.064236', '-95.6431662', '45623', NULL, NULL, 'Test Address', NULL, 0),
(80, 207, 'Rajpath Area, Central Secretariat, New Delhi, Delhi, India', '', 'New Delhi', '28.6139391', '77.2090212', '79893', NULL, NULL, 'New Delhi', NULL, 1),
(81, 210, 'Alegranza Residential', NULL, 'landmark costco', '', '', '83113', NULL, NULL, 'Hermosillo', NULL, 0),
(82, 212, 'Campodonico 24 Centenario', NULL, 'Sonora', '', '', '83260', NULL, NULL, 'Hermosillo', NULL, 0),
(83, 205, 'Ghatlodia, Shayona City, Chanakyapuri, Ahmedabad, Gujarat, India', NULL, 'Chanakyapuri', '23.0747676', '72.535598', '380061', NULL, NULL, 'Ahmedabad', NULL, 1),
(84, 205, 'Ghatkopar, Sindhu Wadi, Ghatkopar East, Mumbai, Maharashtra, India', NULL, 'Ghatkopar East', '30.2293689', '-97.9279206', '65466', NULL, NULL, 'Maharashtra', NULL, 0),
(87, 207, 'Pizza Hut, Fairborn, OH, USA', NULL, 'Fairborn Municipal Court', '39.80529', '-84.03116', '', NULL, NULL, NULL, NULL, 0),
(89, 215, 'Gergio', NULL, 'X ggd s h', '39.9453535', '-75.1640694', '', NULL, NULL, NULL, NULL, 1),
(90, 207, 'VRV9+HF San José de Gaauanipa, Anzjfgoategui, Venezuela', NULL, 'Gaauanip', '9.9280694', '-84.0907246', '12356', NULL, NULL, 'Gaauanipa', NULL, 0),
(91, 217, 'Pramukh Swami Maharaj Marg, Ellisbridge, Ahmedabad, Gujarat 380006, India', NULL, '', '23.02432901445053', '72.57266798364273', '380059', NULL, NULL, 'Ahmedabad', NULL, 0),
(93, 218, '78 Deep', NULL, 'Over Bridge', '23.0747676', '72.535598', '380044', NULL, NULL, 'Ahmedabad', NULL, 0),
(94, 218, 'Unnamed Road, Gujarat 382115, India', NULL, 'Home', '23.040571935598035', '72.40483909062505', '', NULL, NULL, NULL, NULL, 1),
(95, 217, 'Unnamed Road, Delano, CA 93215, USA', NULL, '', '35.74250423514108', '-119.0758737999999', '', NULL, NULL, NULL, NULL, 1),
(96, 219, 'B/H satyamev hospital,chandkheda', NULL, '555', '23.121669', '72.5769157', '382424', NULL, NULL, 'Chandkheda', NULL, 0),
(97, 218, 'Delicious food Network Near Intas Corporate office Zydus Cross Road, Sarkhej - Gandhinagar Hwy, Sola, Ahmedabad, Gujarat 380059, India', NULL, 'bn  ', '23.06255394866566', '72.52019553593755', '', NULL, NULL, NULL, NULL, 0),
(98, 205, 'Sonwadi Kh., Maharashtra, India', NULL, 'landmark', '19.46483923469094', '75.33818870000005', '', NULL, NULL, NULL, NULL, 0),
(99, 220, 'Old Subhash Nagar, Bhopal, Madhya Pradesh, India', NULL, 'near mata mandir', '23.2599333', '77.412615', '467822', NULL, NULL, 'Bhopal', NULL, 0),
(100, 234, 'Home', NULL, 'KuberaSahi St, Adaspur, Odisha 754011, India', '20.2175863', '86.0171', '754011', NULL, NULL, 'Odisha', NULL, 0),
(101, 238, 'Test', NULL, 'C4, Anushruti Tower Sarkhej- Gandhinagar Highway, Bhaikakanagar,Thatlej Ahmedabad Gujarat 380059 IN, Sarkhej - Gandhinagar Hwy, Bhaikakanagar, Thaltej, Ahmedabad, Gujarat 380059, India', '23.0529655', '72.517042', '380059', NULL, NULL, 'Gujarat', NULL, 0),
(102, 239, 'B/H satyamev hospital,chandkheda', NULL, 'test', '23.121669', '72.5769157', '382424', NULL, NULL, 'Chandkheda', NULL, 0),
(103, 187, 'Home', 'Adaspur', '', '37.09024', '-95.712891', '', NULL, NULL, NULL, NULL, 1),
(104, 243, 'Ghatlodiya, Chanakyapuri, Ahmedabad, Gujarat, India', '', 'Chanakyapuri', '39.15977549999999', '-84.4483466', '380060', NULL, NULL, 'Ahmedabad', NULL, 1),
(105, 243, 'Unnamed Road, Khaniyalimbhri, Rajasthan 313803, India', '', 'Rajasthan', '24.02247413816161', '73.60631629999999', '', NULL, NULL, NULL, NULL, 0),
(106, 243, 'Test', NULL, '109, Ghatlodiya, Ahmedabad, Gujarat 380061, India', '23.0701837', '72.5423998', '380061', NULL, NULL, 'Gujarat', NULL, 0),
(107, 243, 'Home', NULL, '38, Ghatlodiya, Ahmedabad, Gujarat 380061, India', '23.0701722', '72.5423791', '380061', NULL, NULL, 'Gujarat', NULL, 0),
(108, 207, 'Thaltej ', NULL, '3, Sola Rd, Thaltej, Ahmedabad, Gujarat 380054, India', '23.06377', '72.5267324', '380054', NULL, NULL, 'Gujarat', NULL, 0),
(109, 242, 'Dudhani, Jharkhand 815352, India', 'Nirsa, Jharkhand, India', 'land', '24.01482565306206', '86.71271469319926', '12345', NULL, NULL, 'city', NULL, 1),
(111, 248, 'Bhopal Bypass Road, Pushp Vihar Colony, Shanti Nagar, Bhopal, Madhya Pradesh, India', NULL, 'Shanti Nagar', '23.3363333', '77.3840179', '46464646', NULL, NULL, 'Bhopal', NULL, 1),
(112, 207, 'Meerut', 'Meerut, Uttar Pradesh, India', 'Ansal Colony', '28.9844618', '77.7064137', '7386872', NULL, NULL, 'Meerut', NULL, 0),
(113, 253, 'Home', NULL, 'A-15, C. P. Nagar Part-1 Nr. Palash Hospital Nr Bhuyangdev Cross Road, Vardhmannagar Society, Ghatlodiya, Parul Nagar Society, Ahmedabad, Gujarat 380061, India', '23.061746616442', '72.537697814405', '380061', NULL, NULL, 'Gujarat', NULL, 0),
(114, 260, 'chandkheda', NULL, 'a53', '23.109098', '72.5849179', '535353', NULL, NULL, 'gujarat', NULL, 0),
(115, 187, 'Home', NULL, 'Dhoba Sahi St, Adaspur, Odisha 754011, India', '20.2172579', '86.0190132', '754011', NULL, NULL, 'Odisha', NULL, 0),
(116, 243, 'Home', NULL, '109, Ghatlodiya, Ahmedabad, Gujarat 380061, India', '23.0701452', '72.542428', '380061', NULL, NULL, 'Gujarat', NULL, 0);

-- --------------------------------------------------------

--
-- Table structure for table `user_event_notifications`
--

CREATE TABLE `user_event_notifications` (
  `event_notification_id` int(11) NOT NULL,
  `event_id` int(11) NOT NULL,
  `user_id` int(11) NOT NULL,
  `notification_slug` enum('event_pending','event_paid','event_cancelled') NOT NULL,
  `view_status` tinyint(4) NOT NULL,
  `datetime` datetime DEFAULT NULL
) ENGINE=MyISAM DEFAULT CHARSET=latin1;

--
-- Dumping data for table `user_event_notifications`
--

INSERT INTO `user_event_notifications` (`event_notification_id`, `event_id`, `user_id`, `notification_slug`, `view_status`, `datetime`) VALUES
(1, 84, 243, 'event_cancelled', 1, '2020-05-26 15:41:16'),
(2, 119, 207, 'event_cancelled', 1, '2020-05-27 18:55:22'),
(3, 120, 207, 'event_cancelled', 1, '2020-05-28 11:55:00'),
(4, 130, 243, 'event_cancelled', 1, '2020-06-01 17:23:45'),
(5, 132, 207, 'event_cancelled', 1, '2020-06-03 18:50:40'),
(6, 132, 207, 'event_cancelled', 1, '2020-06-03 18:50:41'),
(7, 134, 207, 'event_cancelled', 1, '2020-06-04 14:53:44');

-- --------------------------------------------------------

--
-- Table structure for table `user_order_notification`
--

CREATE TABLE `user_order_notification` (
  `user_notification_id` int(11) NOT NULL,
  `order_id` int(11) NOT NULL,
  `user_id` int(11) NOT NULL,
  `notification_slug` enum('order_accepted','order_preparing','order_ongoing','order_delivered','order_canceled') NOT NULL,
  `view_status` tinyint(4) NOT NULL,
  `datetime` datetime DEFAULT NULL
) ENGINE=InnoDB DEFAULT CHARSET=latin1;

--
-- Dumping data for table `user_order_notification`
--

INSERT INTO `user_order_notification` (`user_notification_id`, `order_id`, `user_id`, `notification_slug`, `view_status`, `datetime`) VALUES
(1, 31, 182, 'order_accepted', 1, '2020-01-31 13:00:33'),
(2, 30, 182, 'order_accepted', 1, '2020-01-31 13:07:20'),
(3, 37, 182, 'order_accepted', 1, '2020-02-04 12:55:07'),
(4, 37, 182, 'order_preparing', 1, '2020-02-04 12:55:27'),
(5, 37, 182, 'order_ongoing', 1, '2020-02-04 12:55:53'),
(6, 36, 182, 'order_accepted', 1, '2020-02-04 13:02:08'),
(7, 54, 185, 'order_accepted', 1, '2020-02-20 11:08:56'),
(8, 54, 185, 'order_preparing', 1, '2020-02-20 11:09:12'),
(9, 54, 185, 'order_ongoing', 1, '2020-02-20 11:09:55'),
(10, 54, 185, 'order_delivered', 1, '2020-02-20 11:10:13'),
(11, 60, 200, 'order_accepted', 0, '2020-03-16 17:41:45'),
(12, 61, 182, 'order_accepted', 1, '2020-04-01 05:03:12'),
(13, 62, 185, 'order_accepted', 1, '2020-04-01 05:43:49'),
(14, 62, 185, 'order_ongoing', 1, '2020-04-01 05:44:18'),
(15, 69, 206, 'order_accepted', 0, '2020-04-09 14:27:56'),
(16, 69, 206, 'order_delivered', 0, '2020-04-09 14:28:23'),
(17, 35, 182, 'order_accepted', 0, '2020-04-09 14:31:31'),
(18, 75, 207, 'order_accepted', 1, '2020-04-10 10:22:02'),
(19, 75, 207, 'order_preparing', 1, '2020-04-10 11:22:33'),
(20, 75, 207, 'order_ongoing', 1, '2020-04-10 11:22:54'),
(21, 75, 207, 'order_delivered', 1, '2020-04-10 11:23:31'),
(22, 73, 192, 'order_accepted', 0, '2020-04-10 18:40:36'),
(23, 24, 182, 'order_ongoing', 0, '2020-04-10 18:54:19'),
(24, 78, 207, 'order_accepted', 1, '2020-04-13 07:04:13'),
(25, 78, 207, 'order_preparing', 1, '2020-04-13 08:29:39'),
(26, 83, 205, 'order_accepted', 1, '2020-04-20 12:27:22'),
(27, 85, 207, 'order_accepted', 1, '2020-04-20 14:38:53'),
(28, 89, 207, 'order_accepted', 1, '2020-04-20 15:20:06'),
(29, 89, 207, 'order_preparing', 1, '2020-04-20 15:20:38'),
(30, 101, 207, 'order_accepted', 1, '2020-04-21 19:39:39'),
(31, 101, 207, 'order_delivered', 1, '2020-04-21 19:39:58'),
(32, 103, 207, 'order_accepted', 1, '2020-04-22 10:46:10'),
(33, 103, 207, 'order_preparing', 1, '2020-04-22 10:46:30'),
(34, 103, 207, 'order_ongoing', 1, '2020-04-22 10:47:16'),
(35, 103, 207, 'order_delivered', 1, '2020-04-22 10:47:30'),
(36, 99, 207, 'order_accepted', 1, '2020-04-22 10:50:39'),
(37, 98, 207, 'order_accepted', 1, '2020-04-22 10:51:33'),
(38, 113, 207, 'order_accepted', 1, '2020-04-23 14:49:47'),
(39, 113, 207, 'order_preparing', 1, '2020-04-23 14:50:06'),
(40, 114, 207, 'order_accepted', 1, '2020-04-23 14:51:31'),
(41, 114, 207, 'order_canceled', 1, '2020-04-23 14:51:42'),
(42, 115, 207, 'order_accepted', 1, '2020-04-23 14:56:17'),
(43, 115, 207, 'order_preparing', 1, '2020-04-23 14:56:41'),
(44, 115, 207, 'order_ongoing', 1, '2020-04-23 14:57:25'),
(45, 115, 207, 'order_delivered', 1, '2020-04-23 14:57:48'),
(46, 113, 207, 'order_delivered', 1, '2020-04-23 14:58:12'),
(47, 116, 207, 'order_accepted', 1, '2020-04-24 15:31:25'),
(48, 117, 207, 'order_accepted', 1, '2020-04-24 15:37:17'),
(49, 117, 207, 'order_preparing', 1, '2020-04-24 15:37:45'),
(50, 117, 207, 'order_ongoing', 1, '2020-04-24 15:38:00'),
(51, 119, 207, 'order_accepted', 1, '2020-04-24 16:31:22'),
(52, 118, 207, 'order_accepted', 1, '2020-04-24 16:38:13'),
(53, 121, 207, 'order_accepted', 1, '2020-04-25 16:38:09'),
(54, 124, 217, 'order_accepted', 1, '2020-05-13 10:16:07'),
(55, 124, 217, 'order_preparing', 1, '2020-05-13 10:16:54'),
(56, 124, 217, 'order_ongoing', 1, '2020-05-13 10:17:11'),
(57, 124, 217, 'order_delivered', 1, '2020-05-13 10:17:26'),
(58, 133, 219, 'order_preparing', 1, '2020-05-13 18:47:57'),
(59, 132, 205, 'order_accepted', 1, '2020-05-14 12:26:12'),
(60, 132, 205, 'order_delivered', 1, '2020-05-14 12:26:20'),
(61, 134, 220, 'order_accepted', 1, '2020-05-14 13:10:14'),
(62, 134, 220, 'order_delivered', 1, '2020-05-14 13:10:23'),
(63, 135, 220, 'order_accepted', 1, '2020-05-14 14:19:31'),
(64, 135, 220, 'order_canceled', 1, '2020-05-14 14:24:10'),
(65, 137, 218, 'order_accepted', 1, '2020-05-14 16:48:54'),
(66, 137, 218, 'order_preparing', 1, '2020-05-14 16:49:18'),
(67, 137, 218, 'order_ongoing', 1, '2020-05-14 16:49:29'),
(68, 137, 218, 'order_delivered', 1, '2020-05-14 16:49:57'),
(69, 138, 217, 'order_accepted', 1, '2020-05-14 17:17:31'),
(70, 138, 217, 'order_preparing', 1, '2020-05-14 17:18:48'),
(71, 138, 217, 'order_ongoing', 1, '2020-05-14 17:19:23'),
(72, 138, 217, 'order_delivered', 1, '2020-05-14 17:21:23'),
(73, 141, 238, 'order_accepted', 0, '2020-05-19 12:30:59'),
(74, 143, 239, 'order_accepted', 1, '2020-05-19 15:00:44'),
(75, 147, 243, 'order_accepted', 1, '2020-05-20 15:21:52'),
(76, 146, 243, 'order_accepted', 1, '2020-05-20 15:26:41'),
(77, 146, 243, 'order_preparing', 1, '2020-05-20 15:29:31'),
(78, 146, 243, 'order_preparing', 1, '2020-05-20 15:29:36'),
(79, 146, 243, 'order_canceled', 1, '2020-05-20 15:40:09'),
(80, 153, 187, 'order_accepted', 0, '2020-05-21 10:36:18'),
(81, 153, 187, 'order_delivered', 0, '2020-05-21 10:36:28'),
(82, 152, 187, 'order_accepted', 0, '2020-05-21 10:55:55'),
(83, 152, 187, 'order_delivered', 0, '2020-05-21 10:56:02'),
(84, 122, 207, 'order_accepted', 1, '2020-05-21 16:01:11'),
(85, 122, 207, 'order_canceled', 1, '2020-05-21 16:02:00'),
(86, 120, 207, 'order_accepted', 1, '2020-05-21 16:02:40'),
(87, 120, 207, 'order_canceled', 1, '2020-05-21 16:03:06'),
(88, 154, 207, 'order_accepted', 1, '2020-05-21 16:03:52'),
(89, 154, 207, 'order_preparing', 1, '2020-05-21 16:06:06'),
(90, 154, 207, 'order_ongoing', 1, '2020-05-21 16:06:25'),
(91, 154, 207, 'order_delivered', 1, '2020-05-21 16:07:02'),
(92, 155, 220, 'order_accepted', 1, '2020-05-22 11:03:47'),
(93, 155, 220, 'order_delivered', 1, '2020-05-22 11:03:55'),
(94, 158, 243, 'order_accepted', 1, '2020-05-22 13:24:26'),
(95, 158, 243, 'order_preparing', 1, '2020-05-22 13:39:30'),
(96, 151, 187, 'order_accepted', 0, '2020-05-22 13:39:56'),
(97, 151, 187, 'order_preparing', 0, '2020-05-22 13:40:04'),
(98, 159, 207, 'order_accepted', 1, '2020-05-22 16:06:11'),
(99, 159, 207, 'order_canceled', 1, '2020-05-22 16:07:29'),
(100, 163, 207, 'order_accepted', 1, '2020-05-22 18:16:28'),
(101, 163, 207, 'order_delivered', 1, '2020-05-22 18:16:38'),
(102, 165, 220, 'order_accepted', 1, '2020-05-23 15:06:01'),
(103, 165, 220, 'order_preparing', 1, '2020-05-23 15:07:38'),
(104, 169, 248, 'order_accepted', 1, '2020-05-23 19:02:50'),
(105, 169, 248, 'order_delivered', 1, '2020-05-23 19:03:02'),
(106, 172, 185, 'order_accepted', 1, '2020-05-25 21:25:05'),
(107, 171, 185, 'order_accepted', 1, '2020-05-25 21:25:17'),
(108, 171, 185, 'order_preparing', 1, '2020-05-25 21:25:50'),
(109, 171, 185, 'order_delivered', 1, '2020-05-25 21:26:38'),
(110, 175, 242, 'order_accepted', 1, '2020-05-26 15:10:50'),
(111, 175, 242, 'order_ongoing', 1, '2020-05-26 15:10:58'),
(112, 174, 205, 'order_accepted', 0, '2020-05-26 16:11:42'),
(113, 185, 207, 'order_accepted', 1, '2020-06-03 14:41:45'),
(114, 185, 207, 'order_delivered', 1, '2020-06-03 14:42:06'),
(115, 182, 207, 'order_accepted', 1, '2020-06-03 14:42:17'),
(116, 182, 207, 'order_delivered', 1, '2020-06-03 14:44:56'),
(117, 181, 207, 'order_accepted', 1, '2020-06-03 14:45:06'),
(118, 181, 207, 'order_delivered', 1, '2020-06-03 14:45:18'),
(119, 181, 207, 'order_delivered', 1, '2020-06-03 14:45:19'),
(120, 178, 207, 'order_accepted', 1, '2020-06-03 14:45:28'),
(121, 178, 207, 'order_delivered', 1, '2020-06-03 14:45:42'),
(122, 176, 207, 'order_accepted', 1, '2020-06-03 14:45:52'),
(123, 176, 207, 'order_delivered', 1, '2020-06-03 14:46:05'),
(124, 186, 207, 'order_accepted', 1, '2020-06-03 15:49:37'),
(125, 186, 207, 'order_canceled', 1, '2020-06-03 15:49:53'),
(126, 188, 207, 'order_accepted', 1, '2020-06-03 19:02:05'),
(127, 188, 207, 'order_accepted', 1, '2020-06-03 19:02:09'),
(128, 201, 253, 'order_accepted', 0, '2020-06-08 11:48:34'),
(129, 203, 187, 'order_accepted', 0, '2020-06-11 17:13:05'),
(130, 206, 243, 'order_accepted', 1, '2020-06-12 16:04:03'),
(131, 206, 243, 'order_preparing', 1, '2020-06-12 16:04:50'),
(132, 207, 187, 'order_accepted', 0, '2020-06-12 19:21:49'),
(133, 207, 187, 'order_delivered', 0, '2020-06-12 19:21:59'),
(134, 207, 187, 'order_delivered', 0, '2020-06-12 19:21:59'),
(135, 203, 187, 'order_preparing', 0, '2020-06-13 11:48:14'),
(136, 203, 187, 'order_ongoing', 0, '2020-06-13 11:48:34'),
(137, 203, 187, 'order_delivered', 0, '2020-06-13 11:50:23'),
(138, 151, 187, 'order_delivered', 0, '2020-06-13 12:23:13'),
(139, 209, 243, 'order_accepted', 0, '2020-06-16 14:43:51'),
(140, 205, 243, 'order_accepted', 0, '2020-06-16 22:52:11'),
(141, 205, 243, 'order_ongoing', 0, '2020-06-16 22:53:07'),
(142, 209, 243, 'order_preparing', 0, '2020-06-16 22:53:39'),
(143, 211, 248, 'order_accepted', 0, '2020-06-18 18:42:09'),
(144, 211, 248, 'order_delivered', 0, '2020-06-18 18:42:17'),
(145, 212, 220, 'order_accepted', 1, '2020-06-18 18:49:14'),
(146, 213, 268, 'order_accepted', 1, '2020-06-18 19:02:59'),
(147, 213, 268, 'order_ongoing', 1, '2020-06-18 19:03:08'),
(148, 214, 268, 'order_accepted', 1, '2020-06-18 19:27:03'),
(149, 223, 268, 'order_accepted', 1, '2020-06-18 20:19:17'),
(150, 223, 268, 'order_delivered', 1, '2020-06-18 20:19:23'),
(151, 222, 268, 'order_accepted', 1, '2020-06-18 20:19:27'),
(152, 221, 268, 'order_accepted', 1, '2020-06-18 20:19:30'),
(153, 222, 268, 'order_delivered', 1, '2020-06-18 20:19:35'),
(154, 221, 268, 'order_delivered', 1, '2020-06-18 20:19:41'),
(155, 220, 268, 'order_accepted', 1, '2020-06-18 20:19:47'),
(156, 220, 268, 'order_delivered', 1, '2020-06-18 20:19:53'),
(157, 219, 268, 'order_accepted', 1, '2020-06-18 20:19:57'),
(158, 218, 268, 'order_accepted', 1, '2020-06-18 20:20:00'),
(159, 217, 268, 'order_accepted', 1, '2020-06-18 20:20:04'),
(160, 216, 268, 'order_accepted', 1, '2020-06-18 20:20:08'),
(161, 219, 268, 'order_delivered', 1, '2020-06-18 20:20:15'),
(162, 218, 268, 'order_delivered', 1, '2020-06-18 20:20:20'),
(163, 217, 268, 'order_delivered', 1, '2020-06-18 20:20:29'),
(164, 216, 268, 'order_delivered', 1, '2020-06-18 20:20:38'),
(165, 215, 268, 'order_accepted', 1, '2020-06-18 20:20:42'),
(166, 215, 268, 'order_delivered', 1, '2020-06-18 20:20:48'),
(167, 214, 268, 'order_delivered', 1, '2020-06-18 20:20:56'),
(168, 213, 268, 'order_delivered', 1, '2020-06-18 20:21:17');

--
-- Indexes for dumped tables
--

--
-- Indexes for table `add_ons_category`
--
ALTER TABLE `add_ons_category`
  ADD PRIMARY KEY (`entity_id`);

--
-- Indexes for table `add_ons_master`
--
ALTER TABLE `add_ons_master`
  ADD PRIMARY KEY (`add_ons_id`),
  ADD KEY `menu_add_ons_fk` (`menu_id`),
  ADD KEY `category_menu_fk` (`category_id`);

--
-- Indexes for table `cart_detail`
--
ALTER TABLE `cart_detail`
  ADD PRIMARY KEY (`cart_id`);

--
-- Indexes for table `category`
--
ALTER TABLE `category`
  ADD PRIMARY KEY (`entity_id`);

--
-- Indexes for table `cms`
--
ALTER TABLE `cms`
  ADD PRIMARY KEY (`entity_id`);

--
-- Indexes for table `content_general`
--
ALTER TABLE `content_general`
  ADD PRIMARY KEY (`content_general_id`);

--
-- Indexes for table `coupon`
--
ALTER TABLE `coupon`
  ADD PRIMARY KEY (`entity_id`);

--
-- Indexes for table `coupon_item_map`
--
ALTER TABLE `coupon_item_map`
  ADD PRIMARY KEY (`entity_id`),
  ADD KEY `coupon_item_fk` (`coupon_id`),
  ADD KEY `item_fk` (`item_id`),
  ADD KEY `package_fk` (`package_id`);

--
-- Indexes for table `coupon_restaurant_map`
--
ALTER TABLE `coupon_restaurant_map`
  ADD PRIMARY KEY (`entity_id`),
  ADD KEY `coupon_res_fk` (`coupon_id`),
  ADD KEY `restaurnat_fk` (`restaurant_id`);

--
-- Indexes for table `currencies`
--
ALTER TABLE `currencies`
  ADD PRIMARY KEY (`currency_id`);

--
-- Indexes for table `delivery_charge`
--
ALTER TABLE `delivery_charge`
  ADD PRIMARY KEY (`charge_id`);

--
-- Indexes for table `driver_traking_map`
--
ALTER TABLE `driver_traking_map`
  ADD PRIMARY KEY (`traking_id`);

--
-- Indexes for table `email_template`
--
ALTER TABLE `email_template`
  ADD PRIMARY KEY (`entity_id`);

--
-- Indexes for table `event`
--
ALTER TABLE `event`
  ADD PRIMARY KEY (`entity_id`);

--
-- Indexes for table `event_detail`
--
ALTER TABLE `event_detail`
  ADD PRIMARY KEY (`entity_id`),
  ADD KEY `event_detail_fk` (`event_id`);

--
-- Indexes for table `event_notification`
--
ALTER TABLE `event_notification`
  ADD PRIMARY KEY (`notification_id`);

--
-- Indexes for table `languages`
--
ALTER TABLE `languages`
  ADD PRIMARY KEY (`id`);

--
-- Indexes for table `notifications`
--
ALTER TABLE `notifications`
  ADD PRIMARY KEY (`entity_id`);

--
-- Indexes for table `notifications_users`
--
ALTER TABLE `notifications_users`
  ADD PRIMARY KEY (`map_id`),
  ADD KEY `user_notification_fk` (`notification_id`);

--
-- Indexes for table `order_detail`
--
ALTER TABLE `order_detail`
  ADD PRIMARY KEY (`entity_id`),
  ADD KEY `order_detail_fk` (`order_id`);

--
-- Indexes for table `order_driver_map`
--
ALTER TABLE `order_driver_map`
  ADD PRIMARY KEY (`driver_map_id`),
  ADD KEY `order_driver_fk` (`order_id`);

--
-- Indexes for table `order_master`
--
ALTER TABLE `order_master`
  ADD PRIMARY KEY (`entity_id`),
  ADD KEY `custom_index` (`user_id`,`restaurant_id`,`order_status`) USING BTREE;

--
-- Indexes for table `order_notification`
--
ALTER TABLE `order_notification`
  ADD PRIMARY KEY (`notification_id`);

--
-- Indexes for table `order_status`
--
ALTER TABLE `order_status`
  ADD PRIMARY KEY (`status_id`),
  ADD KEY `order_status_fk` (`order_id`);

--
-- Indexes for table `restaurant`
--
ALTER TABLE `restaurant`
  ADD PRIMARY KEY (`entity_id`);

--
-- Indexes for table `restaurant_address`
--
ALTER TABLE `restaurant_address`
  ADD PRIMARY KEY (`entity_id`),
  ADD KEY `restaurant_address_fk` (`resto_entity_id`);

--
-- Indexes for table `restaurant_menu_item`
--
ALTER TABLE `restaurant_menu_item`
  ADD PRIMARY KEY (`entity_id`),
  ADD KEY `restaurant_menu_fk` (`restaurant_id`),
  ADD KEY `category_menu_fk` (`category_id`);

--
-- Indexes for table `restaurant_package`
--
ALTER TABLE `restaurant_package`
  ADD PRIMARY KEY (`entity_id`),
  ADD KEY `package_restaurant_fk` (`restaurant_id`);

--
-- Indexes for table `review`
--
ALTER TABLE `review`
  ADD PRIMARY KEY (`entity_id`),
  ADD KEY `review_restaurant_fk` (`restaurant_id`);

--
-- Indexes for table `slider_image`
--
ALTER TABLE `slider_image`
  ADD PRIMARY KEY (`entity_id`);

--
-- Indexes for table `system_option`
--
ALTER TABLE `system_option`
  ADD PRIMARY KEY (`SystemOptionID`);

--
-- Indexes for table `users`
--
ALTER TABLE `users`
  ADD PRIMARY KEY (`entity_id`);

--
-- Indexes for table `user_address`
--
ALTER TABLE `user_address`
  ADD PRIMARY KEY (`entity_id`),
  ADD KEY `address_user_fk` (`user_entity_id`);

--
-- Indexes for table `user_event_notifications`
--
ALTER TABLE `user_event_notifications`
  ADD PRIMARY KEY (`event_notification_id`);

--
-- Indexes for table `user_order_notification`
--
ALTER TABLE `user_order_notification`
  ADD PRIMARY KEY (`user_notification_id`);

--
-- AUTO_INCREMENT for dumped tables
--

--
-- AUTO_INCREMENT for table `add_ons_category`
--
ALTER TABLE `add_ons_category`
  MODIFY `entity_id` int(11) NOT NULL AUTO_INCREMENT, AUTO_INCREMENT=15;

--
-- AUTO_INCREMENT for table `add_ons_master`
--
ALTER TABLE `add_ons_master`
  MODIFY `add_ons_id` int(11) NOT NULL AUTO_INCREMENT, AUTO_INCREMENT=179;

--
-- AUTO_INCREMENT for table `cart_detail`
--
ALTER TABLE `cart_detail`
  MODIFY `cart_id` int(11) NOT NULL AUTO_INCREMENT, AUTO_INCREMENT=37;

--
-- AUTO_INCREMENT for table `category`
--
ALTER TABLE `category`
  MODIFY `entity_id` int(11) NOT NULL AUTO_INCREMENT, AUTO_INCREMENT=19;

--
-- AUTO_INCREMENT for table `cms`
--
ALTER TABLE `cms`
  MODIFY `entity_id` int(11) NOT NULL AUTO_INCREMENT, AUTO_INCREMENT=12;

--
-- AUTO_INCREMENT for table `content_general`
--
ALTER TABLE `content_general`
  MODIFY `content_general_id` int(11) NOT NULL AUTO_INCREMENT, AUTO_INCREMENT=283;

--
-- AUTO_INCREMENT for table `coupon`
--
ALTER TABLE `coupon`
  MODIFY `entity_id` int(11) NOT NULL AUTO_INCREMENT, AUTO_INCREMENT=38;

--
-- AUTO_INCREMENT for table `coupon_item_map`
--
ALTER TABLE `coupon_item_map`
  MODIFY `entity_id` int(11) NOT NULL AUTO_INCREMENT, AUTO_INCREMENT=124;

--
-- AUTO_INCREMENT for table `coupon_restaurant_map`
--
ALTER TABLE `coupon_restaurant_map`
  MODIFY `entity_id` int(11) NOT NULL AUTO_INCREMENT, AUTO_INCREMENT=287;

--
-- AUTO_INCREMENT for table `currencies`
--
ALTER TABLE `currencies`
  MODIFY `currency_id` int(11) NOT NULL AUTO_INCREMENT, AUTO_INCREMENT=247;

--
-- AUTO_INCREMENT for table `delivery_charge`
--
ALTER TABLE `delivery_charge`
  MODIFY `charge_id` int(11) NOT NULL AUTO_INCREMENT, AUTO_INCREMENT=23;

--
-- AUTO_INCREMENT for table `driver_traking_map`
--
ALTER TABLE `driver_traking_map`
  MODIFY `traking_id` int(11) NOT NULL AUTO_INCREMENT, AUTO_INCREMENT=557;

--
-- AUTO_INCREMENT for table `email_template`
--
ALTER TABLE `email_template`
  MODIFY `entity_id` int(11) NOT NULL AUTO_INCREMENT, AUTO_INCREMENT=26;

--
-- AUTO_INCREMENT for table `event`
--
ALTER TABLE `event`
  MODIFY `entity_id` int(11) NOT NULL AUTO_INCREMENT, AUTO_INCREMENT=155;

--
-- AUTO_INCREMENT for table `event_detail`
--
ALTER TABLE `event_detail`
  MODIFY `entity_id` int(11) NOT NULL AUTO_INCREMENT, AUTO_INCREMENT=155;

--
-- AUTO_INCREMENT for table `event_notification`
--
ALTER TABLE `event_notification`
  MODIFY `notification_id` int(11) NOT NULL AUTO_INCREMENT, AUTO_INCREMENT=3;

--
-- AUTO_INCREMENT for table `languages`
--
ALTER TABLE `languages`
  MODIFY `id` int(11) NOT NULL AUTO_INCREMENT, AUTO_INCREMENT=13;

--
-- AUTO_INCREMENT for table `notifications`
--
ALTER TABLE `notifications`
  MODIFY `entity_id` int(11) NOT NULL AUTO_INCREMENT, AUTO_INCREMENT=9;

--
-- AUTO_INCREMENT for table `notifications_users`
--
ALTER TABLE `notifications_users`
  MODIFY `map_id` int(11) NOT NULL AUTO_INCREMENT, AUTO_INCREMENT=10;

--
-- AUTO_INCREMENT for table `order_detail`
--
ALTER TABLE `order_detail`
  MODIFY `entity_id` int(11) NOT NULL AUTO_INCREMENT, AUTO_INCREMENT=222;

--
-- AUTO_INCREMENT for table `order_driver_map`
--
ALTER TABLE `order_driver_map`
  MODIFY `driver_map_id` int(11) NOT NULL AUTO_INCREMENT, AUTO_INCREMENT=105;

--
-- AUTO_INCREMENT for table `order_master`
--
ALTER TABLE `order_master`
  MODIFY `entity_id` int(11) NOT NULL AUTO_INCREMENT, AUTO_INCREMENT=224;

--
-- AUTO_INCREMENT for table `order_notification`
--
ALTER TABLE `order_notification`
  MODIFY `notification_id` int(11) NOT NULL AUTO_INCREMENT, AUTO_INCREMENT=3;

--
-- AUTO_INCREMENT for table `order_status`
--
ALTER TABLE `order_status`
  MODIFY `status_id` int(11) NOT NULL AUTO_INCREMENT, AUTO_INCREMENT=192;

--
-- AUTO_INCREMENT for table `restaurant`
--
ALTER TABLE `restaurant`
  MODIFY `entity_id` int(11) NOT NULL AUTO_INCREMENT, AUTO_INCREMENT=53;

--
-- AUTO_INCREMENT for table `restaurant_address`
--
ALTER TABLE `restaurant_address`
  MODIFY `entity_id` int(11) NOT NULL AUTO_INCREMENT, AUTO_INCREMENT=53;

--
-- AUTO_INCREMENT for table `restaurant_menu_item`
--
ALTER TABLE `restaurant_menu_item`
  MODIFY `entity_id` int(11) NOT NULL AUTO_INCREMENT, AUTO_INCREMENT=65;

--
-- AUTO_INCREMENT for table `restaurant_package`
--
ALTER TABLE `restaurant_package`
  MODIFY `entity_id` int(11) NOT NULL AUTO_INCREMENT, AUTO_INCREMENT=15;

--
-- AUTO_INCREMENT for table `review`
--
ALTER TABLE `review`
  MODIFY `entity_id` int(11) NOT NULL AUTO_INCREMENT, AUTO_INCREMENT=72;

--
-- AUTO_INCREMENT for table `slider_image`
--
ALTER TABLE `slider_image`
  MODIFY `entity_id` int(11) NOT NULL AUTO_INCREMENT, AUTO_INCREMENT=8;

--
-- AUTO_INCREMENT for table `system_option`
--
ALTER TABLE `system_option`
  MODIFY `SystemOptionID` int(11) NOT NULL AUTO_INCREMENT, AUTO_INCREMENT=14;

--
-- AUTO_INCREMENT for table `users`
--
ALTER TABLE `users`
  MODIFY `entity_id` int(11) NOT NULL AUTO_INCREMENT, AUTO_INCREMENT=269;

--
-- AUTO_INCREMENT for table `user_address`
--
ALTER TABLE `user_address`
  MODIFY `entity_id` int(11) NOT NULL AUTO_INCREMENT, AUTO_INCREMENT=117;

--
-- AUTO_INCREMENT for table `user_event_notifications`
--
ALTER TABLE `user_event_notifications`
  MODIFY `event_notification_id` int(11) NOT NULL AUTO_INCREMENT, AUTO_INCREMENT=8;

--
-- AUTO_INCREMENT for table `user_order_notification`
--
ALTER TABLE `user_order_notification`
  MODIFY `user_notification_id` int(11) NOT NULL AUTO_INCREMENT, AUTO_INCREMENT=169;

--
-- Constraints for dumped tables
--

--
-- Constraints for table `add_ons_master`
--
ALTER TABLE `add_ons_master`
  ADD CONSTRAINT `menu_add_ons_fk` FOREIGN KEY (`menu_id`) REFERENCES `restaurant_menu_item` (`entity_id`) ON DELETE CASCADE ON UPDATE CASCADE;

--
-- Constraints for table `coupon_item_map`
--
ALTER TABLE `coupon_item_map`
  ADD CONSTRAINT `coupon_item_fk` FOREIGN KEY (`coupon_id`) REFERENCES `coupon` (`entity_id`) ON DELETE CASCADE ON UPDATE CASCADE;

--
-- Constraints for table `coupon_restaurant_map`
--
ALTER TABLE `coupon_restaurant_map`
  ADD CONSTRAINT `coupon_res_fk` FOREIGN KEY (`coupon_id`) REFERENCES `coupon` (`entity_id`) ON DELETE CASCADE ON UPDATE CASCADE,
  ADD CONSTRAINT `restaurnat_fk` FOREIGN KEY (`restaurant_id`) REFERENCES `restaurant` (`entity_id`) ON DELETE CASCADE ON UPDATE CASCADE;

--
-- Constraints for table `event_detail`
--
ALTER TABLE `event_detail`
  ADD CONSTRAINT `event_detail_fk` FOREIGN KEY (`event_id`) REFERENCES `event` (`entity_id`) ON DELETE CASCADE ON UPDATE CASCADE;

--
-- Constraints for table `notifications_users`
--
ALTER TABLE `notifications_users`
  ADD CONSTRAINT `user_notification_fk` FOREIGN KEY (`notification_id`) REFERENCES `notifications` (`entity_id`) ON DELETE CASCADE ON UPDATE CASCADE;

--
-- Constraints for table `order_detail`
--
ALTER TABLE `order_detail`
  ADD CONSTRAINT `order_detail_fk` FOREIGN KEY (`order_id`) REFERENCES `order_master` (`entity_id`) ON DELETE CASCADE ON UPDATE CASCADE;

--
-- Constraints for table `order_driver_map`
--
ALTER TABLE `order_driver_map`
  ADD CONSTRAINT `order_driver_fk` FOREIGN KEY (`order_id`) REFERENCES `order_master` (`entity_id`) ON DELETE CASCADE ON UPDATE CASCADE;

--
-- Constraints for table `order_status`
--
ALTER TABLE `order_status`
  ADD CONSTRAINT `order_status_fk` FOREIGN KEY (`order_id`) REFERENCES `order_master` (`entity_id`) ON DELETE CASCADE ON UPDATE CASCADE;

--
-- Constraints for table `restaurant_address`
--
ALTER TABLE `restaurant_address`
  ADD CONSTRAINT `restaurant_address_fk` FOREIGN KEY (`resto_entity_id`) REFERENCES `restaurant` (`entity_id`) ON DELETE CASCADE ON UPDATE CASCADE;

--
-- Constraints for table `restaurant_menu_item`
--
ALTER TABLE `restaurant_menu_item`
  ADD CONSTRAINT `category_menu_fk` FOREIGN KEY (`category_id`) REFERENCES `category` (`entity_id`) ON DELETE CASCADE ON UPDATE CASCADE,
  ADD CONSTRAINT `restaurant_menu_fk` FOREIGN KEY (`restaurant_id`) REFERENCES `restaurant` (`entity_id`) ON DELETE CASCADE ON UPDATE CASCADE;

--
-- Constraints for table `restaurant_package`
--
ALTER TABLE `restaurant_package`
  ADD CONSTRAINT `package_restaurant_fk` FOREIGN KEY (`restaurant_id`) REFERENCES `restaurant` (`entity_id`) ON DELETE CASCADE ON UPDATE CASCADE;

--
-- Constraints for table `review`
--
ALTER TABLE `review`
  ADD CONSTRAINT `review_restaurant_fk` FOREIGN KEY (`restaurant_id`) REFERENCES `restaurant` (`entity_id`) ON DELETE CASCADE ON UPDATE CASCADE;

--
-- Constraints for table `user_address`
--
ALTER TABLE `user_address`
  ADD CONSTRAINT `address_user_fk` FOREIGN KEY (`user_entity_id`) REFERENCES `users` (`entity_id`) ON DELETE CASCADE ON UPDATE CASCADE;
COMMIT;

/*!40101 SET CHARACTER_SET_CLIENT=@OLD_CHARACTER_SET_CLIENT */;
/*!40101 SET CHARACTER_SET_RESULTS=@OLD_CHARACTER_SET_RESULTS */;
/*!40101 SET COLLATION_CONNECTION=@OLD_COLLATION_CONNECTION */;
